<?xml version="1.0" encoding="UTF-8"?>
<kml xmlns="http://www.opengis.net/kml/2.2">
  <Document>
    <name>Gobierno Abierto Tandil | Establecimientos Educativos</name>
    <description/>
    <Style id="icon-1682-0097A7-normal">
      <IconStyle>
        <color>ffa79700</color>
        <scale>1</scale>
        <Icon>
          <href>https://www.gstatic.com/mapspro/images/stock/503-wht-blank_maps.png</href>
        </Icon>
      </IconStyle>
      <LabelStyle>
        <scale>0</scale>
      </LabelStyle>
    </Style>
    <Style id="icon-1682-0097A7-highlight">
      <IconStyle>
        <color>ffa79700</color>
        <scale>1</scale>
        <Icon>
          <href>https://www.gstatic.com/mapspro/images/stock/503-wht-blank_maps.png</href>
        </Icon>
      </IconStyle>
      <LabelStyle>
        <scale>1</scale>
      </LabelStyle>
    </Style>
    <StyleMap id="icon-1682-0097A7">
      <Pair>
        <key>normal</key>
        <styleUrl>#icon-1682-0097A7-normal</styleUrl>
      </Pair>
      <Pair>
        <key>highlight</key>
        <styleUrl>#icon-1682-0097A7-highlight</styleUrl>
      </Pair>
    </StyleMap>
    <Style id="icon-1682-01579B-normal">
      <IconStyle>
        <color>ff9b5701</color>
        <scale>1</scale>
        <Icon>
          <href>https://www.gstatic.com/mapspro/images/stock/503-wht-blank_maps.png</href>
        </Icon>
      </IconStyle>
      <LabelStyle>
        <scale>0</scale>
      </LabelStyle>
    </Style>
    <Style id="icon-1682-01579B-highlight">
      <IconStyle>
        <color>ff9b5701</color>
        <scale>1</scale>
        <Icon>
          <href>https://www.gstatic.com/mapspro/images/stock/503-wht-blank_maps.png</href>
        </Icon>
      </IconStyle>
      <LabelStyle>
        <scale>1</scale>
      </LabelStyle>
    </Style>
    <StyleMap id="icon-1682-01579B">
      <Pair>
        <key>normal</key>
        <styleUrl>#icon-1682-01579B-normal</styleUrl>
      </Pair>
      <Pair>
        <key>highlight</key>
        <styleUrl>#icon-1682-01579B-highlight</styleUrl>
      </Pair>
    </StyleMap>
    <Style id="icon-1682-0288D1-normal">
      <IconStyle>
        <color>ffd18802</color>
        <scale>1</scale>
        <Icon>
          <href>https://www.gstatic.com/mapspro/images/stock/503-wht-blank_maps.png</href>
        </Icon>
      </IconStyle>
      <LabelStyle>
        <scale>0</scale>
      </LabelStyle>
    </Style>
    <Style id="icon-1682-0288D1-highlight">
      <IconStyle>
        <color>ffd18802</color>
        <scale>1</scale>
        <Icon>
          <href>https://www.gstatic.com/mapspro/images/stock/503-wht-blank_maps.png</href>
        </Icon>
      </IconStyle>
      <LabelStyle>
        <scale>1</scale>
      </LabelStyle>
    </Style>
    <StyleMap id="icon-1682-0288D1">
      <Pair>
        <key>normal</key>
        <styleUrl>#icon-1682-0288D1-normal</styleUrl>
      </Pair>
      <Pair>
        <key>highlight</key>
        <styleUrl>#icon-1682-0288D1-highlight</styleUrl>
      </Pair>
    </StyleMap>
    <Style id="icon-1682-097138-normal">
      <IconStyle>
        <color>ff387109</color>
        <scale>1</scale>
        <Icon>
          <href>https://www.gstatic.com/mapspro/images/stock/503-wht-blank_maps.png</href>
        </Icon>
      </IconStyle>
      <LabelStyle>
        <scale>0</scale>
      </LabelStyle>
    </Style>
    <Style id="icon-1682-097138-highlight">
      <IconStyle>
        <color>ff387109</color>
        <scale>1</scale>
        <Icon>
          <href>https://www.gstatic.com/mapspro/images/stock/503-wht-blank_maps.png</href>
        </Icon>
      </IconStyle>
      <LabelStyle>
        <scale>1</scale>
      </LabelStyle>
    </Style>
    <StyleMap id="icon-1682-097138">
      <Pair>
        <key>normal</key>
        <styleUrl>#icon-1682-097138-normal</styleUrl>
      </Pair>
      <Pair>
        <key>highlight</key>
        <styleUrl>#icon-1682-097138-highlight</styleUrl>
      </Pair>
    </StyleMap>
    <Style id="icon-1682-0F9D58-normal">
      <IconStyle>
        <color>ff589d0f</color>
        <scale>1</scale>
        <Icon>
          <href>https://www.gstatic.com/mapspro/images/stock/503-wht-blank_maps.png</href>
        </Icon>
      </IconStyle>
      <LabelStyle>
        <scale>0</scale>
      </LabelStyle>
    </Style>
    <Style id="icon-1682-0F9D58-highlight">
      <IconStyle>
        <color>ff589d0f</color>
        <scale>1</scale>
        <Icon>
          <href>https://www.gstatic.com/mapspro/images/stock/503-wht-blank_maps.png</href>
        </Icon>
      </IconStyle>
      <LabelStyle>
        <scale>1</scale>
      </LabelStyle>
    </Style>
    <StyleMap id="icon-1682-0F9D58">
      <Pair>
        <key>normal</key>
        <styleUrl>#icon-1682-0F9D58-normal</styleUrl>
      </Pair>
      <Pair>
        <key>highlight</key>
        <styleUrl>#icon-1682-0F9D58-highlight</styleUrl>
      </Pair>
    </StyleMap>
    <Style id="icon-1682-7CB342-normal">
      <IconStyle>
        <color>ff42b37c</color>
        <scale>1</scale>
        <Icon>
          <href>https://www.gstatic.com/mapspro/images/stock/503-wht-blank_maps.png</href>
        </Icon>
      </IconStyle>
      <LabelStyle>
        <scale>0</scale>
      </LabelStyle>
    </Style>
    <Style id="icon-1682-7CB342-highlight">
      <IconStyle>
        <color>ff42b37c</color>
        <scale>1</scale>
        <Icon>
          <href>https://www.gstatic.com/mapspro/images/stock/503-wht-blank_maps.png</href>
        </Icon>
      </IconStyle>
      <LabelStyle>
        <scale>1</scale>
      </LabelStyle>
    </Style>
    <StyleMap id="icon-1682-7CB342">
      <Pair>
        <key>normal</key>
        <styleUrl>#icon-1682-7CB342-normal</styleUrl>
      </Pair>
      <Pair>
        <key>highlight</key>
        <styleUrl>#icon-1682-7CB342-highlight</styleUrl>
      </Pair>
    </StyleMap>
    <Style id="icon-1682-817717-normal">
      <IconStyle>
        <color>ff177781</color>
        <scale>1</scale>
        <Icon>
          <href>https://www.gstatic.com/mapspro/images/stock/503-wht-blank_maps.png</href>
        </Icon>
      </IconStyle>
      <LabelStyle>
        <scale>0</scale>
      </LabelStyle>
    </Style>
    <Style id="icon-1682-817717-highlight">
      <IconStyle>
        <color>ff177781</color>
        <scale>1</scale>
        <Icon>
          <href>https://www.gstatic.com/mapspro/images/stock/503-wht-blank_maps.png</href>
        </Icon>
      </IconStyle>
      <LabelStyle>
        <scale>1</scale>
      </LabelStyle>
    </Style>
    <StyleMap id="icon-1682-817717">
      <Pair>
        <key>normal</key>
        <styleUrl>#icon-1682-817717-normal</styleUrl>
      </Pair>
      <Pair>
        <key>highlight</key>
        <styleUrl>#icon-1682-817717-highlight</styleUrl>
      </Pair>
    </StyleMap>
    <Style id="icon-1682-9C27B0-normal">
      <IconStyle>
        <color>ffb0279c</color>
        <scale>1</scale>
        <Icon>
          <href>https://www.gstatic.com/mapspro/images/stock/503-wht-blank_maps.png</href>
        </Icon>
      </IconStyle>
      <LabelStyle>
        <scale>0</scale>
      </LabelStyle>
    </Style>
    <Style id="icon-1682-9C27B0-highlight">
      <IconStyle>
        <color>ffb0279c</color>
        <scale>1</scale>
        <Icon>
          <href>https://www.gstatic.com/mapspro/images/stock/503-wht-blank_maps.png</href>
        </Icon>
      </IconStyle>
      <LabelStyle>
        <scale>1</scale>
      </LabelStyle>
    </Style>
    <StyleMap id="icon-1682-9C27B0">
      <Pair>
        <key>normal</key>
        <styleUrl>#icon-1682-9C27B0-normal</styleUrl>
      </Pair>
      <Pair>
        <key>highlight</key>
        <styleUrl>#icon-1682-9C27B0-highlight</styleUrl>
      </Pair>
    </StyleMap>
    <Style id="icon-1682-AFB42B-normal">
      <IconStyle>
        <color>ff2bb4af</color>
        <scale>1</scale>
        <Icon>
          <href>https://www.gstatic.com/mapspro/images/stock/503-wht-blank_maps.png</href>
        </Icon>
      </IconStyle>
      <LabelStyle>
        <scale>0</scale>
      </LabelStyle>
    </Style>
    <Style id="icon-1682-AFB42B-highlight">
      <IconStyle>
        <color>ff2bb4af</color>
        <scale>1</scale>
        <Icon>
          <href>https://www.gstatic.com/mapspro/images/stock/503-wht-blank_maps.png</href>
        </Icon>
      </IconStyle>
      <LabelStyle>
        <scale>1</scale>
      </LabelStyle>
    </Style>
    <StyleMap id="icon-1682-AFB42B">
      <Pair>
        <key>normal</key>
        <styleUrl>#icon-1682-AFB42B-normal</styleUrl>
      </Pair>
      <Pair>
        <key>highlight</key>
        <styleUrl>#icon-1682-AFB42B-highlight</styleUrl>
      </Pair>
    </StyleMap>
    <Style id="icon-1682-E65100-normal">
      <IconStyle>
        <color>ff0051e6</color>
        <scale>1</scale>
        <Icon>
          <href>https://www.gstatic.com/mapspro/images/stock/503-wht-blank_maps.png</href>
        </Icon>
      </IconStyle>
      <LabelStyle>
        <scale>0</scale>
      </LabelStyle>
    </Style>
    <Style id="icon-1682-E65100-highlight">
      <IconStyle>
        <color>ff0051e6</color>
        <scale>1</scale>
        <Icon>
          <href>https://www.gstatic.com/mapspro/images/stock/503-wht-blank_maps.png</href>
        </Icon>
      </IconStyle>
      <LabelStyle>
        <scale>1</scale>
      </LabelStyle>
    </Style>
    <StyleMap id="icon-1682-E65100">
      <Pair>
        <key>normal</key>
        <styleUrl>#icon-1682-E65100-normal</styleUrl>
      </Pair>
      <Pair>
        <key>highlight</key>
        <styleUrl>#icon-1682-E65100-highlight</styleUrl>
      </Pair>
    </StyleMap>
    <Style id="icon-1682-F57C00-normal">
      <IconStyle>
        <color>ff007cf5</color>
        <scale>1</scale>
        <Icon>
          <href>https://www.gstatic.com/mapspro/images/stock/503-wht-blank_maps.png</href>
        </Icon>
      </IconStyle>
      <LabelStyle>
        <scale>0</scale>
      </LabelStyle>
    </Style>
    <Style id="icon-1682-F57C00-highlight">
      <IconStyle>
        <color>ff007cf5</color>
        <scale>1</scale>
        <Icon>
          <href>https://www.gstatic.com/mapspro/images/stock/503-wht-blank_maps.png</href>
        </Icon>
      </IconStyle>
      <LabelStyle>
        <scale>1</scale>
      </LabelStyle>
    </Style>
    <StyleMap id="icon-1682-F57C00">
      <Pair>
        <key>normal</key>
        <styleUrl>#icon-1682-F57C00-normal</styleUrl>
      </Pair>
      <Pair>
        <key>highlight</key>
        <styleUrl>#icon-1682-F57C00-highlight</styleUrl>
      </Pair>
    </StyleMap>
    <Style id="icon-1682-F9A825-normal">
      <IconStyle>
        <color>ff25a8f9</color>
        <scale>1</scale>
        <Icon>
          <href>https://www.gstatic.com/mapspro/images/stock/503-wht-blank_maps.png</href>
        </Icon>
      </IconStyle>
      <LabelStyle>
        <scale>0</scale>
      </LabelStyle>
    </Style>
    <Style id="icon-1682-F9A825-highlight">
      <IconStyle>
        <color>ff25a8f9</color>
        <scale>1</scale>
        <Icon>
          <href>https://www.gstatic.com/mapspro/images/stock/503-wht-blank_maps.png</href>
        </Icon>
      </IconStyle>
      <LabelStyle>
        <scale>1</scale>
      </LabelStyle>
    </Style>
    <StyleMap id="icon-1682-F9A825">
      <Pair>
        <key>normal</key>
        <styleUrl>#icon-1682-F9A825-normal</styleUrl>
      </Pair>
      <Pair>
        <key>highlight</key>
        <styleUrl>#icon-1682-F9A825-highlight</styleUrl>
      </Pair>
    </StyleMap>
    <Style id="icon-1726-880E4F-normal">
      <IconStyle>
        <color>ff4f0e88</color>
        <scale>1</scale>
        <Icon>
          <href>https://www.gstatic.com/mapspro/images/stock/503-wht-blank_maps.png</href>
        </Icon>
      </IconStyle>
      <LabelStyle>
        <scale>0</scale>
      </LabelStyle>
    </Style>
    <Style id="icon-1726-880E4F-highlight">
      <IconStyle>
        <color>ff4f0e88</color>
        <scale>1</scale>
        <Icon>
          <href>https://www.gstatic.com/mapspro/images/stock/503-wht-blank_maps.png</href>
        </Icon>
      </IconStyle>
      <LabelStyle>
        <scale>1</scale>
      </LabelStyle>
    </Style>
    <StyleMap id="icon-1726-880E4F">
      <Pair>
        <key>normal</key>
        <styleUrl>#icon-1726-880E4F-normal</styleUrl>
      </Pair>
      <Pair>
        <key>highlight</key>
        <styleUrl>#icon-1726-880E4F-highlight</styleUrl>
      </Pair>
    </StyleMap>
    <Style id="icon-1726-C2185B-normal">
      <IconStyle>
        <color>ff5b18c2</color>
        <scale>1</scale>
        <Icon>
          <href>https://www.gstatic.com/mapspro/images/stock/503-wht-blank_maps.png</href>
        </Icon>
      </IconStyle>
      <LabelStyle>
        <scale>0</scale>
      </LabelStyle>
    </Style>
    <Style id="icon-1726-C2185B-highlight">
      <IconStyle>
        <color>ff5b18c2</color>
        <scale>1</scale>
        <Icon>
          <href>https://www.gstatic.com/mapspro/images/stock/503-wht-blank_maps.png</href>
        </Icon>
      </IconStyle>
      <LabelStyle>
        <scale>1</scale>
      </LabelStyle>
    </Style>
    <StyleMap id="icon-1726-C2185B">
      <Pair>
        <key>normal</key>
        <styleUrl>#icon-1726-C2185B-normal</styleUrl>
      </Pair>
      <Pair>
        <key>highlight</key>
        <styleUrl>#icon-1726-C2185B-highlight</styleUrl>
      </Pair>
    </StyleMap>
    <Folder>
      <name>Establecimientos_Educativos_Partido_Tandil</name>
      <Placemark>
        <name>Escuela de Educacion Primaria Nº 1</name>
        <description><![CDATA[institucion: Escuela de Educacion Primaria Nº 1<br>tipo_de_ge: Publica<br>direccion: 557 Belgrano Gral Manuel<br>Latitud: -37.32911<br>Longitud: -59.13575<br>telefono: 443-3722/ 43-3722<br>e_mail: ep1tandil@gmail.com | profeciaravella@gmail.com]]></description>
        <styleUrl>#icon-1682-AFB42B</styleUrl>
        <ExtendedData>
          <Data name="institucion">
            <value>Escuela de Educacion Primaria Nº 1</value>
          </Data>
          <Data name="tipo_de_ge">
            <value>Publica</value>
          </Data>
          <Data name="direccion">
            <value>557 Belgrano Gral Manuel</value>
          </Data>
          <Data name="Latitud">
            <value>-37.32911</value>
          </Data>
          <Data name="Longitud">
            <value>-59.13575</value>
          </Data>
          <Data name="telefono">
            <value>443-3722/ 43-3722</value>
          </Data>
          <Data name="e_mail">
            <value>ep1tandil@gmail.com | profeciaravella@gmail.com</value>
          </Data>
        </ExtendedData>
        <Point>
          <coordinates>
            -59.135757,-37.329111,0
          </coordinates>
        </Point>
      </Placemark>
      <Placemark>
        <name>Escuela de Educacion Primaria Nº 11</name>
        <description><![CDATA[institucion: Escuela de Educacion Primaria Nº 11<br>tipo_de_ge: Publica<br>direccion: 640 Machado Coronel Benito<br>Latitud: -37.3142<br>Longitud: -59.14314<br>telefono: 445-1865<br>e_mail: ]]></description>
        <styleUrl>#icon-1682-AFB42B</styleUrl>
        <ExtendedData>
          <Data name="institucion">
            <value>Escuela de Educacion Primaria Nº 11</value>
          </Data>
          <Data name="tipo_de_ge">
            <value>Publica</value>
          </Data>
          <Data name="direccion">
            <value>640 Machado Coronel Benito</value>
          </Data>
          <Data name="Latitud">
            <value>-37.3142</value>
          </Data>
          <Data name="Longitud">
            <value>-59.14314</value>
          </Data>
          <Data name="telefono">
            <value>445-1865</value>
          </Data>
          <Data name="e_mail">
            <value/>
          </Data>
        </ExtendedData>
        <Point>
          <coordinates>
            -59.143142,-37.314202,0
          </coordinates>
        </Point>
      </Placemark>
      <Placemark>
        <name>Escuela de Educacion Primaria Nº 14</name>
        <description><![CDATA[institucion: Escuela de Educacion Primaria Nº 14<br>tipo_de_ge: Publica<br>direccion: 422 Entre Rios<br>Latitud: -37.29353<br>Longitud: -59.15994<br>telefono: 445-2307<br>e_mail: ]]></description>
        <styleUrl>#icon-1682-AFB42B</styleUrl>
        <ExtendedData>
          <Data name="institucion">
            <value>Escuela de Educacion Primaria Nº 14</value>
          </Data>
          <Data name="tipo_de_ge">
            <value>Publica</value>
          </Data>
          <Data name="direccion">
            <value>422 Entre Rios</value>
          </Data>
          <Data name="Latitud">
            <value>-37.29353</value>
          </Data>
          <Data name="Longitud">
            <value>-59.15994</value>
          </Data>
          <Data name="telefono">
            <value>445-2307</value>
          </Data>
          <Data name="e_mail">
            <value/>
          </Data>
        </ExtendedData>
        <Point>
          <coordinates>
            -59.159942,-37.293531,0
          </coordinates>
        </Point>
      </Placemark>
      <Placemark>
        <name>Escuela de Educacion Primaria Nº 21</name>
        <description><![CDATA[institucion: Escuela de Educacion Primaria Nº 21<br>tipo_de_ge: Publica<br>direccion: 355 Ameghino Florentino<br>Latitud: -37.30776<br>Longitud: -59.14331<br>telefono: 445-0900 M/T<br>e_mail: ep21tandil@gmail.com / normaid_2006@hotmail.com]]></description>
        <styleUrl>#icon-1682-AFB42B</styleUrl>
        <ExtendedData>
          <Data name="institucion">
            <value>Escuela de Educacion Primaria Nº 21</value>
          </Data>
          <Data name="tipo_de_ge">
            <value>Publica</value>
          </Data>
          <Data name="direccion">
            <value>355 Ameghino Florentino</value>
          </Data>
          <Data name="Latitud">
            <value>-37.30776</value>
          </Data>
          <Data name="Longitud">
            <value>-59.14331</value>
          </Data>
          <Data name="telefono">
            <value>445-0900 M/T</value>
          </Data>
          <Data name="e_mail">
            <value>ep21tandil@gmail.com / normaid_2006@hotmail.com</value>
          </Data>
        </ExtendedData>
        <Point>
          <coordinates>
            -59.143314,-37.307767,0
          </coordinates>
        </Point>
      </Placemark>
      <Placemark>
        <name>Escuela de Educacion Primaria Nº 32</name>
        <description><![CDATA[institucion: Escuela de Educacion Primaria Nº 32<br>tipo_de_ge: Publica<br>direccion: 1597 Palacios Alfredo L<br>Latitud: -37.31183<br>Longitud: -59.1096<br>telefono: 443-3765<br>e_mail: ]]></description>
        <styleUrl>#icon-1682-AFB42B</styleUrl>
        <ExtendedData>
          <Data name="institucion">
            <value>Escuela de Educacion Primaria Nº 32</value>
          </Data>
          <Data name="tipo_de_ge">
            <value>Publica</value>
          </Data>
          <Data name="direccion">
            <value>1597 Palacios Alfredo L</value>
          </Data>
          <Data name="Latitud">
            <value>-37.31183</value>
          </Data>
          <Data name="Longitud">
            <value>-59.1096</value>
          </Data>
          <Data name="telefono">
            <value>443-3765</value>
          </Data>
          <Data name="e_mail">
            <value/>
          </Data>
        </ExtendedData>
        <Point>
          <coordinates>
            -59.1096,-37.311834,0
          </coordinates>
        </Point>
      </Placemark>
      <Placemark>
        <name>Escuela de Educacion Primaria Nº 36</name>
        <description><![CDATA[institucion: Escuela de Educacion Primaria Nº 36<br>tipo_de_ge: Publica<br>direccion: 590 Alighieri Dante<br>Latitud: -37.30592<br>Longitud: -59.16603<br>telefono: 445-2529<br>e_mail: ]]></description>
        <styleUrl>#icon-1682-AFB42B</styleUrl>
        <ExtendedData>
          <Data name="institucion">
            <value>Escuela de Educacion Primaria Nº 36</value>
          </Data>
          <Data name="tipo_de_ge">
            <value>Publica</value>
          </Data>
          <Data name="direccion">
            <value>590 Alighieri Dante</value>
          </Data>
          <Data name="Latitud">
            <value>-37.30592</value>
          </Data>
          <Data name="Longitud">
            <value>-59.16603</value>
          </Data>
          <Data name="telefono">
            <value>445-2529</value>
          </Data>
          <Data name="e_mail">
            <value/>
          </Data>
        </ExtendedData>
        <Point>
          <coordinates>
            -59.166037,-37.305925,0
          </coordinates>
        </Point>
      </Placemark>
      <Placemark>
        <name>Escuela de Educacion Primaria Nº 37</name>
        <description><![CDATA[institucion: Escuela de Educacion Primaria Nº 37<br>tipo_de_ge: Publica<br>direccion: 1461 11 de setiembre<br>Latitud: -37.31156<br>Longitud: -59.13086<br>telefono: 444-1894<br>e_mail: ep37tandil@gmail.com - tucumancongreso@gmail.com]]></description>
        <styleUrl>#icon-1682-AFB42B</styleUrl>
        <ExtendedData>
          <Data name="institucion">
            <value>Escuela de Educacion Primaria Nº 37</value>
          </Data>
          <Data name="tipo_de_ge">
            <value>Publica</value>
          </Data>
          <Data name="direccion">
            <value>1461 11 de setiembre</value>
          </Data>
          <Data name="Latitud">
            <value>-37.31156</value>
          </Data>
          <Data name="Longitud">
            <value>-59.13086</value>
          </Data>
          <Data name="telefono">
            <value>444-1894</value>
          </Data>
          <Data name="e_mail">
            <value>ep37tandil@gmail.com - tucumancongreso@gmail.com</value>
          </Data>
        </ExtendedData>
        <Point>
          <coordinates>
            -59.130865,-37.311564,0
          </coordinates>
        </Point>
      </Placemark>
      <Placemark>
        <name>Escuela de Educacion Primaria Nº 42</name>
        <description><![CDATA[institucion: Escuela de Educacion Primaria Nº 42<br>tipo_de_ge: Publica<br>direccion: 222 Cheverrier<br>Latitud: -37.31976<br>Longitud: -59.15497<br>telefono: 443-6853<br>e_mail: ep42tandil@gmail.com]]></description>
        <styleUrl>#icon-1682-AFB42B</styleUrl>
        <ExtendedData>
          <Data name="institucion">
            <value>Escuela de Educacion Primaria Nº 42</value>
          </Data>
          <Data name="tipo_de_ge">
            <value>Publica</value>
          </Data>
          <Data name="direccion">
            <value>222 Cheverrier</value>
          </Data>
          <Data name="Latitud">
            <value>-37.31976</value>
          </Data>
          <Data name="Longitud">
            <value>-59.15497</value>
          </Data>
          <Data name="telefono">
            <value>443-6853</value>
          </Data>
          <Data name="e_mail">
            <value>ep42tandil@gmail.com</value>
          </Data>
        </ExtendedData>
        <Point>
          <coordinates>
            -59.154977,-37.319763,0
          </coordinates>
        </Point>
      </Placemark>
      <Placemark>
        <name>Escuela de Educacion Primaria Nº 56</name>
        <description><![CDATA[institucion: Escuela de Educacion Primaria Nº 56<br>tipo_de_ge: Publica<br>direccion: Lavalle Gral Juan &amp; La Movediza<br>Latitud: -37.3<br>Longitud: -59.14062<br>telefono: 443-3768<br>e_mail: ]]></description>
        <styleUrl>#icon-1682-AFB42B</styleUrl>
        <ExtendedData>
          <Data name="institucion">
            <value>Escuela de Educacion Primaria Nº 56</value>
          </Data>
          <Data name="tipo_de_ge">
            <value>Publica</value>
          </Data>
          <Data name="direccion">
            <value><![CDATA[Lavalle Gral Juan &amp; La Movediza]]></value>
          </Data>
          <Data name="Latitud">
            <value>-37.3</value>
          </Data>
          <Data name="Longitud">
            <value>-59.14062</value>
          </Data>
          <Data name="telefono">
            <value>443-3768</value>
          </Data>
          <Data name="e_mail">
            <value/>
          </Data>
        </ExtendedData>
        <Point>
          <coordinates>
            -59.14063,-37.300007,0
          </coordinates>
        </Point>
      </Placemark>
      <Placemark>
        <name>Escuela de Educacion Primaria Nº 58</name>
        <description><![CDATA[institucion: Escuela de Educacion Primaria Nº 58<br>tipo_de_ge: Publica<br>direccion: 629 Cabral Jose A<br>Latitud: -37.31264<br>Longitud: -59.14994<br>telefono: 445-2517<br>e_mail: ]]></description>
        <styleUrl>#icon-1682-AFB42B</styleUrl>
        <ExtendedData>
          <Data name="institucion">
            <value>Escuela de Educacion Primaria Nº 58</value>
          </Data>
          <Data name="tipo_de_ge">
            <value>Publica</value>
          </Data>
          <Data name="direccion">
            <value>629 Cabral Jose A</value>
          </Data>
          <Data name="Latitud">
            <value>-37.31264</value>
          </Data>
          <Data name="Longitud">
            <value>-59.14994</value>
          </Data>
          <Data name="telefono">
            <value>445-2517</value>
          </Data>
          <Data name="e_mail">
            <value/>
          </Data>
        </ExtendedData>
        <Point>
          <coordinates>
            -59.149949,-37.312645,0
          </coordinates>
        </Point>
      </Placemark>
      <Placemark>
        <name>Escuela de Educacion Primaria Nº 59</name>
        <description><![CDATA[institucion: Escuela de Educacion Primaria Nº 59<br>tipo_de_ge: Publica<br>direccion: Independencia &amp; Nigro Juan<br>Latitud: -37.29344<br>Longitud: -59.11662<br>telefono: 443-4737<br>e_mail: ]]></description>
        <styleUrl>#icon-1682-AFB42B</styleUrl>
        <ExtendedData>
          <Data name="institucion">
            <value>Escuela de Educacion Primaria Nº 59</value>
          </Data>
          <Data name="tipo_de_ge">
            <value>Publica</value>
          </Data>
          <Data name="direccion">
            <value><![CDATA[Independencia &amp; Nigro Juan]]></value>
          </Data>
          <Data name="Latitud">
            <value>-37.29344</value>
          </Data>
          <Data name="Longitud">
            <value>-59.11662</value>
          </Data>
          <Data name="telefono">
            <value>443-4737</value>
          </Data>
          <Data name="e_mail">
            <value/>
          </Data>
        </ExtendedData>
        <Point>
          <coordinates>
            -59.116628,-37.293447,0
          </coordinates>
        </Point>
      </Placemark>
      <Placemark>
        <name>Colegio Aprenderes</name>
        <description><![CDATA[institucion: Colegio Aprenderes<br>tipo_de_ge: Privada<br>direccion: 1243 Belgrano, Gral Manuel<br>Latitud: -37.34013<br>Longitud: -59.13152<br>telefono: 4387540 | 154-013974<br>e_mail: ]]></description>
        <styleUrl>#icon-1682-AFB42B</styleUrl>
        <ExtendedData>
          <Data name="institucion">
            <value>Colegio Aprenderes</value>
          </Data>
          <Data name="tipo_de_ge">
            <value>Privada</value>
          </Data>
          <Data name="direccion">
            <value>1243 Belgrano, Gral Manuel</value>
          </Data>
          <Data name="Latitud">
            <value>-37.34013</value>
          </Data>
          <Data name="Longitud">
            <value>-59.13152</value>
          </Data>
          <Data name="telefono">
            <value>4387540 | 154-013974</value>
          </Data>
          <Data name="e_mail">
            <value/>
          </Data>
        </ExtendedData>
        <Point>
          <coordinates>
            -59.131526,-37.340135,0
          </coordinates>
        </Point>
      </Placemark>
      <Placemark>
        <name>Colegio Ayres del Cerro</name>
        <description><![CDATA[institucion: Colegio Ayres del Cerro<br>tipo_de_ge: Privada<br>direccion: 456 Fulton<br>Latitud: -37.33041<br>Longitud: -59.11129<br>telefono: 443-6514 - 443-0981 | 154-481089<br>e_mail: ]]></description>
        <styleUrl>#icon-1682-AFB42B</styleUrl>
        <ExtendedData>
          <Data name="institucion">
            <value>Colegio Ayres del Cerro</value>
          </Data>
          <Data name="tipo_de_ge">
            <value>Privada</value>
          </Data>
          <Data name="direccion">
            <value>456 Fulton</value>
          </Data>
          <Data name="Latitud">
            <value>-37.33041</value>
          </Data>
          <Data name="Longitud">
            <value>-59.11129</value>
          </Data>
          <Data name="telefono">
            <value>443-6514 - 443-0981 | 154-481089</value>
          </Data>
          <Data name="e_mail">
            <value/>
          </Data>
        </ExtendedData>
        <Point>
          <coordinates>
            -59.111293,-37.330412,0
          </coordinates>
        </Point>
      </Placemark>
      <Placemark>
        <name>Colegio Estrella de Belen</name>
        <description><![CDATA[institucion: Colegio Estrella de Belen<br>tipo_de_ge: Privada<br>direccion: 643 San MartÃn Gral Jose de<br>Latitud: -37.32609<br>Longitud: -59.13605<br>telefono: 4449485<br>e_mail: ]]></description>
        <styleUrl>#icon-1682-AFB42B</styleUrl>
        <ExtendedData>
          <Data name="institucion">
            <value>Colegio Estrella de Belen</value>
          </Data>
          <Data name="tipo_de_ge">
            <value>Privada</value>
          </Data>
          <Data name="direccion">
            <value>643 San MartÃn Gral Jose de</value>
          </Data>
          <Data name="Latitud">
            <value>-37.32609</value>
          </Data>
          <Data name="Longitud">
            <value>-59.13605</value>
          </Data>
          <Data name="telefono">
            <value>4449485</value>
          </Data>
          <Data name="e_mail">
            <value/>
          </Data>
        </ExtendedData>
        <Point>
          <coordinates>
            -59.136056,-37.326091,0
          </coordinates>
        </Point>
      </Placemark>
      <Placemark>
        <name>Colegio San Jose</name>
        <description><![CDATA[institucion: Colegio San Jose<br>tipo_de_ge: Privada<br>direccion: 450 Maipu<br>Latitud: -37.33081<br>Longitud: -59.13638<br>telefono: 442-7335<br>e_mail: ]]></description>
        <styleUrl>#icon-1682-AFB42B</styleUrl>
        <ExtendedData>
          <Data name="institucion">
            <value>Colegio San Jose</value>
          </Data>
          <Data name="tipo_de_ge">
            <value>Privada</value>
          </Data>
          <Data name="direccion">
            <value>450 Maipu</value>
          </Data>
          <Data name="Latitud">
            <value>-37.33081</value>
          </Data>
          <Data name="Longitud">
            <value>-59.13638</value>
          </Data>
          <Data name="telefono">
            <value>442-7335</value>
          </Data>
          <Data name="e_mail">
            <value/>
          </Data>
        </ExtendedData>
        <Point>
          <coordinates>
            -59.136383,-37.33081,0
          </coordinates>
        </Point>
      </Placemark>
      <Placemark>
        <name><![CDATA[Escuela "Brigadier Gral. Martín Rodriguez"]]></name>
        <description><![CDATA[institucion: Escuela "Brigadier Gral. Martín Rodriguez"<br>tipo_de_ge: Privada<br>direccion: 1700 Marconi Guillermo<br>Latitud: -37.31608<br>Longitud: -59.12171<br>telefono: 4441227<br>e_mail: ]]></description>
        <styleUrl>#icon-1682-AFB42B</styleUrl>
        <ExtendedData>
          <Data name="institucion">
            <value><![CDATA[Escuela "Brigadier Gral. Martín Rodriguez"]]></value>
          </Data>
          <Data name="tipo_de_ge">
            <value>Privada</value>
          </Data>
          <Data name="direccion">
            <value>1700 Marconi Guillermo</value>
          </Data>
          <Data name="Latitud">
            <value>-37.31608</value>
          </Data>
          <Data name="Longitud">
            <value>-59.12171</value>
          </Data>
          <Data name="telefono">
            <value>4441227</value>
          </Data>
          <Data name="e_mail">
            <value/>
          </Data>
        </ExtendedData>
        <Point>
          <coordinates>
            -59.121716,-37.316085,0
          </coordinates>
        </Point>
      </Placemark>
      <Placemark>
        <name>Escuela de Educacion Primaria Nº 10</name>
        <description><![CDATA[institucion: Escuela de Educacion Primaria Nº 10<br>tipo_de_ge: Privada<br>direccion: Thomas &amp; Bolivia<br>Latitud: -37.34076<br>Longitud: -59.14733<br>telefono: 443-4036<br>e_mail: ]]></description>
        <styleUrl>#icon-1682-AFB42B</styleUrl>
        <ExtendedData>
          <Data name="institucion">
            <value>Escuela de Educacion Primaria Nº 10</value>
          </Data>
          <Data name="tipo_de_ge">
            <value>Privada</value>
          </Data>
          <Data name="direccion">
            <value><![CDATA[Thomas &amp; Bolivia]]></value>
          </Data>
          <Data name="Latitud">
            <value>-37.34076</value>
          </Data>
          <Data name="Longitud">
            <value>-59.14733</value>
          </Data>
          <Data name="telefono">
            <value>443-4036</value>
          </Data>
          <Data name="e_mail">
            <value/>
          </Data>
        </ExtendedData>
        <Point>
          <coordinates>
            -59.147339,-37.340767,0
          </coordinates>
        </Point>
      </Placemark>
      <Placemark>
        <name>Escuela de Educacion Primaria Nº 22</name>
        <description><![CDATA[institucion: Escuela de Educacion Primaria Nº 22<br>tipo_de_ge: Publica<br>direccion: 874 Juan B Justo<br>Latitud: -37.32119<br>Longitud: -59.16486<br>telefono: 443-3771<br>e_mail: ]]></description>
        <styleUrl>#icon-1682-AFB42B</styleUrl>
        <ExtendedData>
          <Data name="institucion">
            <value>Escuela de Educacion Primaria Nº 22</value>
          </Data>
          <Data name="tipo_de_ge">
            <value>Publica</value>
          </Data>
          <Data name="direccion">
            <value>874 Juan B Justo</value>
          </Data>
          <Data name="Latitud">
            <value>-37.32119</value>
          </Data>
          <Data name="Longitud">
            <value>-59.16486</value>
          </Data>
          <Data name="telefono">
            <value>443-3771</value>
          </Data>
          <Data name="e_mail">
            <value/>
          </Data>
        </ExtendedData>
        <Point>
          <coordinates>
            -59.164868,-37.321191,0
          </coordinates>
        </Point>
      </Placemark>
      <Placemark>
        <name>Escuela de Educacion Primaria Nº 5</name>
        <description><![CDATA[institucion: Escuela de Educacion Primaria Nº 5<br>tipo_de_ge: Publica<br>direccion: 1550 Marconi Guillermo<br>Latitud: -37.31733<br>Longitud: -59.12472<br>telefono: 443-4548<br>e_mail: ep5tandil@gmail.com]]></description>
        <styleUrl>#icon-1682-AFB42B</styleUrl>
        <ExtendedData>
          <Data name="institucion">
            <value>Escuela de Educacion Primaria Nº 5</value>
          </Data>
          <Data name="tipo_de_ge">
            <value>Publica</value>
          </Data>
          <Data name="direccion">
            <value>1550 Marconi Guillermo</value>
          </Data>
          <Data name="Latitud">
            <value>-37.31733</value>
          </Data>
          <Data name="Longitud">
            <value>-59.12472</value>
          </Data>
          <Data name="telefono">
            <value>443-4548</value>
          </Data>
          <Data name="e_mail">
            <value>ep5tandil@gmail.com</value>
          </Data>
        </ExtendedData>
        <Point>
          <coordinates>
            -59.124729,-37.317333,0
          </coordinates>
        </Point>
      </Placemark>
      <Placemark>
        <name>Escuela de Educacion Primaria Nº 53</name>
        <description><![CDATA[institucion: Escuela de Educacion Primaria Nº 53<br>tipo_de_ge: Publica<br>direccion: 1220 Tweesdale Ana<br>Latitud: -37.33435<br>Longitud: -59.12016<br>telefono: 443-3767<br>e_mail: ]]></description>
        <styleUrl>#icon-1682-AFB42B</styleUrl>
        <ExtendedData>
          <Data name="institucion">
            <value>Escuela de Educacion Primaria Nº 53</value>
          </Data>
          <Data name="tipo_de_ge">
            <value>Publica</value>
          </Data>
          <Data name="direccion">
            <value>1220 Tweesdale Ana</value>
          </Data>
          <Data name="Latitud">
            <value>-37.33435</value>
          </Data>
          <Data name="Longitud">
            <value>-59.12016</value>
          </Data>
          <Data name="telefono">
            <value>443-3767</value>
          </Data>
          <Data name="e_mail">
            <value/>
          </Data>
        </ExtendedData>
        <Point>
          <coordinates>
            -59.120169,-37.334355,0
          </coordinates>
        </Point>
      </Placemark>
      <Placemark>
        <name>Escuela de Educacion Primaria Nº 47</name>
        <description><![CDATA[institucion: Escuela de Educacion Primaria Nº 47<br>tipo_de_ge: Publica<br>direccion: Ugalde Pedro de &amp; Mexico<br>Latitud: -37.30667<br>Longitud: -59.11839<br>telefono: 443 -3766/ 443-3772<br>e_mail: ]]></description>
        <styleUrl>#icon-1682-AFB42B</styleUrl>
        <ExtendedData>
          <Data name="institucion">
            <value>Escuela de Educacion Primaria Nº 47</value>
          </Data>
          <Data name="tipo_de_ge">
            <value>Publica</value>
          </Data>
          <Data name="direccion">
            <value><![CDATA[Ugalde Pedro de &amp; Mexico]]></value>
          </Data>
          <Data name="Latitud">
            <value>-37.30667</value>
          </Data>
          <Data name="Longitud">
            <value>-59.11839</value>
          </Data>
          <Data name="telefono">
            <value>443 -3766/ 443-3772</value>
          </Data>
          <Data name="e_mail">
            <value/>
          </Data>
        </ExtendedData>
        <Point>
          <coordinates>
            -59.118393,-37.306678,0
          </coordinates>
        </Point>
      </Placemark>
      <Placemark>
        <name>Escuela de Educacion Primaria Nº 67</name>
        <description><![CDATA[institucion: Escuela de Educacion Primaria Nº 67<br>tipo_de_ge: Publica<br>direccion: Colombia &amp; Rivas Salustiano<br>Latitud: -37.32369<br>Longitud: -59.10825<br>telefono: 443-3985<br>e_mail: ep67tandil@gmail.com - mayoviviana@yahoo.com.ar]]></description>
        <styleUrl>#icon-1682-AFB42B</styleUrl>
        <ExtendedData>
          <Data name="institucion">
            <value>Escuela de Educacion Primaria Nº 67</value>
          </Data>
          <Data name="tipo_de_ge">
            <value>Publica</value>
          </Data>
          <Data name="direccion">
            <value><![CDATA[Colombia &amp; Rivas Salustiano]]></value>
          </Data>
          <Data name="Latitud">
            <value>-37.32369</value>
          </Data>
          <Data name="Longitud">
            <value>-59.10825</value>
          </Data>
          <Data name="telefono">
            <value>443-3985</value>
          </Data>
          <Data name="e_mail">
            <value>ep67tandil@gmail.com - mayoviviana@yahoo.com.ar</value>
          </Data>
        </ExtendedData>
        <Point>
          <coordinates>
            -59.10825,-37.323697,0
          </coordinates>
        </Point>
      </Placemark>
      <Placemark>
        <name>Escuela de Educacion Primaria Nº 13 (rural)</name>
        <description><![CDATA[institucion: Escuela de Educacion Primaria Nº 13 (rural)<br>tipo_de_ge: Publica<br>direccion: 477 Avellaneda (Vela)<br>Latitud: -37.40482<br>Longitud: -59.50092<br>telefono: 449-1013<br>e_mail: ]]></description>
        <styleUrl>#icon-1682-AFB42B</styleUrl>
        <ExtendedData>
          <Data name="institucion">
            <value>Escuela de Educacion Primaria Nº 13 (rural)</value>
          </Data>
          <Data name="tipo_de_ge">
            <value>Publica</value>
          </Data>
          <Data name="direccion">
            <value>477 Avellaneda (Vela)</value>
          </Data>
          <Data name="Latitud">
            <value>-37.40482</value>
          </Data>
          <Data name="Longitud">
            <value>-59.50092</value>
          </Data>
          <Data name="telefono">
            <value>449-1013</value>
          </Data>
          <Data name="e_mail">
            <value/>
          </Data>
        </ExtendedData>
        <Point>
          <coordinates>
            -59.500929,-37.404828,0
          </coordinates>
        </Point>
      </Placemark>
      <Placemark>
        <name>Escuela de Educacion Primaria Nº 3 (rural)</name>
        <description><![CDATA[institucion: Escuela de Educacion Primaria Nº 3 (rural)<br>tipo_de_ge: Publica<br>direccion: Pasaje Base Aerea 18 km<br>Latitud: -37.22197<br>Longitud: -59.25862<br>telefono: 15 448 3861<br>e_mail: ]]></description>
        <styleUrl>#icon-1682-AFB42B</styleUrl>
        <ExtendedData>
          <Data name="institucion">
            <value>Escuela de Educacion Primaria Nº 3 (rural)</value>
          </Data>
          <Data name="tipo_de_ge">
            <value>Publica</value>
          </Data>
          <Data name="direccion">
            <value>Pasaje Base Aerea 18 km</value>
          </Data>
          <Data name="Latitud">
            <value>-37.22197</value>
          </Data>
          <Data name="Longitud">
            <value>-59.25862</value>
          </Data>
          <Data name="telefono">
            <value>15 448 3861</value>
          </Data>
          <Data name="e_mail">
            <value/>
          </Data>
        </ExtendedData>
        <Point>
          <coordinates>
            -59.258624,-37.221975,0
          </coordinates>
        </Point>
      </Placemark>
      <Placemark>
        <name>Escuela de Educacion Primaria Nº 4 (rural)</name>
        <description><![CDATA[institucion: Escuela de Educacion Primaria Nº 4 (rural)<br>tipo_de_ge: Publica<br>direccion: Cerro Leones 10 km (calle Lamberto Agustin)<br>Latitud: -37.31642<br>Longitud: -59.20372<br>telefono: 445 -1109<br>e_mail: ]]></description>
        <styleUrl>#icon-1682-AFB42B</styleUrl>
        <ExtendedData>
          <Data name="institucion">
            <value>Escuela de Educacion Primaria Nº 4 (rural)</value>
          </Data>
          <Data name="tipo_de_ge">
            <value>Publica</value>
          </Data>
          <Data name="direccion">
            <value>Cerro Leones 10 km (calle Lamberto Agustin)</value>
          </Data>
          <Data name="Latitud">
            <value>-37.31642</value>
          </Data>
          <Data name="Longitud">
            <value>-59.20372</value>
          </Data>
          <Data name="telefono">
            <value>445 -1109</value>
          </Data>
          <Data name="e_mail">
            <value/>
          </Data>
        </ExtendedData>
        <Point>
          <coordinates>
            -59.203723,-37.316425,0
          </coordinates>
        </Point>
      </Placemark>
      <Placemark>
        <name>Escuela de Educacion Primaria Nº 6 (rural)</name>
        <description><![CDATA[institucion: Escuela de Educacion Primaria Nº 6 (rural)<br>tipo_de_ge: Publica<br>direccion: Ruta 226 km 132 38 km (calle Los Aramos)<br>Latitud: -37.32803<br>Longitud: -59.08943<br>telefono: 15 448 3875<br>e_mail: ]]></description>
        <styleUrl>#icon-1682-AFB42B</styleUrl>
        <ExtendedData>
          <Data name="institucion">
            <value>Escuela de Educacion Primaria Nº 6 (rural)</value>
          </Data>
          <Data name="tipo_de_ge">
            <value>Publica</value>
          </Data>
          <Data name="direccion">
            <value>Ruta 226 km 132 38 km (calle Los Aramos)</value>
          </Data>
          <Data name="Latitud">
            <value>-37.32803</value>
          </Data>
          <Data name="Longitud">
            <value>-59.08943</value>
          </Data>
          <Data name="telefono">
            <value>15 448 3875</value>
          </Data>
          <Data name="e_mail">
            <value/>
          </Data>
        </ExtendedData>
        <Point>
          <coordinates>
            -59.089439,-37.328032,0
          </coordinates>
        </Point>
      </Placemark>
      <Placemark>
        <name>Escuela de Educacion Primaria Nº 8 (rural )</name>
        <description><![CDATA[institucion: Escuela de Educacion Primaria Nº 8 (rural )<br>tipo_de_ge: Publica<br>direccion: Paraje Arroyo Seco<br>Latitud: -37.34666<br>Longitud: -59.08222<br>telefono: <br>e_mail: ]]></description>
        <styleUrl>#icon-1682-AFB42B</styleUrl>
        <ExtendedData>
          <Data name="institucion">
            <value>Escuela de Educacion Primaria Nº 8 (rural )</value>
          </Data>
          <Data name="tipo_de_ge">
            <value>Publica</value>
          </Data>
          <Data name="direccion">
            <value>Paraje Arroyo Seco</value>
          </Data>
          <Data name="Latitud">
            <value>-37.34666</value>
          </Data>
          <Data name="Longitud">
            <value>-59.08222</value>
          </Data>
          <Data name="telefono">
            <value/>
          </Data>
          <Data name="e_mail">
            <value/>
          </Data>
        </ExtendedData>
        <Point>
          <coordinates>
            -59.082223,-37.346661,0
          </coordinates>
        </Point>
      </Placemark>
      <Placemark>
        <name>Escuela de Educacion Primaria Nº 9 (rural )</name>
        <description><![CDATA[institucion: Escuela de Educacion Primaria Nº 9 (rural )<br>tipo_de_ge: Publica<br>direccion: Pasaje Pinar de la Sierra<br>Latitud: -37.35675<br>Longitud: -59.145<br>telefono: 442-8936<br>e_mail: ]]></description>
        <styleUrl>#icon-1682-AFB42B</styleUrl>
        <ExtendedData>
          <Data name="institucion">
            <value>Escuela de Educacion Primaria Nº 9 (rural )</value>
          </Data>
          <Data name="tipo_de_ge">
            <value>Publica</value>
          </Data>
          <Data name="direccion">
            <value>Pasaje Pinar de la Sierra</value>
          </Data>
          <Data name="Latitud">
            <value>-37.35675</value>
          </Data>
          <Data name="Longitud">
            <value>-59.145</value>
          </Data>
          <Data name="telefono">
            <value>442-8936</value>
          </Data>
          <Data name="e_mail">
            <value/>
          </Data>
        </ExtendedData>
        <Point>
          <coordinates>
            -59.145001,-37.356756,0
          </coordinates>
        </Point>
      </Placemark>
      <Placemark>
        <name>Escuela de Educacion Primaria Nº 12 (rural )</name>
        <description><![CDATA[institucion: Escuela de Educacion Primaria Nº 12 (rural )<br>tipo_de_ge: Publica<br>direccion: Pasajes Los Mimbres<br>Latitud: -37.40211<br>Longitud: -59.12178<br>telefono: <br>e_mail: ]]></description>
        <styleUrl>#icon-1682-AFB42B</styleUrl>
        <ExtendedData>
          <Data name="institucion">
            <value>Escuela de Educacion Primaria Nº 12 (rural )</value>
          </Data>
          <Data name="tipo_de_ge">
            <value>Publica</value>
          </Data>
          <Data name="direccion">
            <value>Pasajes Los Mimbres</value>
          </Data>
          <Data name="Latitud">
            <value>-37.40211</value>
          </Data>
          <Data name="Longitud">
            <value>-59.12178</value>
          </Data>
          <Data name="telefono">
            <value/>
          </Data>
          <Data name="e_mail">
            <value/>
          </Data>
        </ExtendedData>
        <Point>
          <coordinates>
            -59.121782,-37.402117,0
          </coordinates>
        </Point>
      </Placemark>
      <Placemark>
        <name>Escuela de Educacion Primaria Nº 19 (rural )</name>
        <description><![CDATA[institucion: Escuela de Educacion Primaria Nº 19 (rural )<br>tipo_de_ge: Publica<br>direccion: 9 de Julio (Gardey)<br>Latitud: -37.2824<br>Longitud: -59.35998<br>telefono: <br>e_mail: ]]></description>
        <styleUrl>#icon-1682-AFB42B</styleUrl>
        <ExtendedData>
          <Data name="institucion">
            <value>Escuela de Educacion Primaria Nº 19 (rural )</value>
          </Data>
          <Data name="tipo_de_ge">
            <value>Publica</value>
          </Data>
          <Data name="direccion">
            <value>9 de Julio (Gardey)</value>
          </Data>
          <Data name="Latitud">
            <value>-37.2824</value>
          </Data>
          <Data name="Longitud">
            <value>-59.35998</value>
          </Data>
          <Data name="telefono">
            <value/>
          </Data>
          <Data name="e_mail">
            <value/>
          </Data>
        </ExtendedData>
        <Point>
          <coordinates>
            -59.359989,-37.282405,0
          </coordinates>
        </Point>
      </Placemark>
      <Placemark>
        <name>Escuela de Educacion Primaria Nº 25 (rural )</name>
        <description><![CDATA[institucion: Escuela de Educacion Primaria Nº 25 (rural )<br>tipo_de_ge: Publica<br>direccion: Pasaje El Molino 8 km<br>Latitud: -37.28155<br>Longitud: -59.12781<br>telefono: 442-7016<br>e_mail: ]]></description>
        <styleUrl>#icon-1682-AFB42B</styleUrl>
        <ExtendedData>
          <Data name="institucion">
            <value>Escuela de Educacion Primaria Nº 25 (rural )</value>
          </Data>
          <Data name="tipo_de_ge">
            <value>Publica</value>
          </Data>
          <Data name="direccion">
            <value>Pasaje El Molino 8 km</value>
          </Data>
          <Data name="Latitud">
            <value>-37.28155</value>
          </Data>
          <Data name="Longitud">
            <value>-59.12781</value>
          </Data>
          <Data name="telefono">
            <value>442-7016</value>
          </Data>
          <Data name="e_mail">
            <value/>
          </Data>
        </ExtendedData>
        <Point>
          <coordinates>
            -59.127812,-37.281552,0
          </coordinates>
        </Point>
      </Placemark>
      <Placemark>
        <name>Escuela de Educacion Primaria Nº 28 (rural )</name>
        <description><![CDATA[institucion: Escuela de Educacion Primaria Nº 28 (rural )<br>tipo_de_ge: Publica<br>direccion: Azucena 29 km<br>Latitud: -37.48193<br>Longitud: -59.28712<br>telefono: 02293 1554588<br>e_mail: esc28azucena@yahoo.com.ar]]></description>
        <styleUrl>#icon-1682-AFB42B</styleUrl>
        <ExtendedData>
          <Data name="institucion">
            <value>Escuela de Educacion Primaria Nº 28 (rural )</value>
          </Data>
          <Data name="tipo_de_ge">
            <value>Publica</value>
          </Data>
          <Data name="direccion">
            <value>Azucena 29 km</value>
          </Data>
          <Data name="Latitud">
            <value>-37.48193</value>
          </Data>
          <Data name="Longitud">
            <value>-59.28712</value>
          </Data>
          <Data name="telefono">
            <value>02293 1554588</value>
          </Data>
          <Data name="e_mail">
            <value>esc28azucena@yahoo.com.ar</value>
          </Data>
        </ExtendedData>
        <Point>
          <coordinates>
            -59.287127,-37.481937,0
          </coordinates>
        </Point>
      </Placemark>
      <Placemark>
        <name>Escuela de Educacion Primaria Nº 31 (rural )</name>
        <description><![CDATA[institucion: Escuela de Educacion Primaria Nº 31 (rural )<br>tipo_de_ge: Publica<br>direccion: Pasaje El Centinela 3 km<br>Latitud: -37.34526<br>Longitud: -59.15982<br>telefono: 15 448 3917<br>e_mail: ]]></description>
        <styleUrl>#icon-1682-AFB42B</styleUrl>
        <ExtendedData>
          <Data name="institucion">
            <value>Escuela de Educacion Primaria Nº 31 (rural )</value>
          </Data>
          <Data name="tipo_de_ge">
            <value>Publica</value>
          </Data>
          <Data name="direccion">
            <value>Pasaje El Centinela 3 km</value>
          </Data>
          <Data name="Latitud">
            <value>-37.34526</value>
          </Data>
          <Data name="Longitud">
            <value>-59.15982</value>
          </Data>
          <Data name="telefono">
            <value>15 448 3917</value>
          </Data>
          <Data name="e_mail">
            <value/>
          </Data>
        </ExtendedData>
        <Point>
          <coordinates>
            -59.159823,-37.345264,0
          </coordinates>
        </Point>
      </Placemark>
      <Placemark>
        <name>Escuela de Educacion Primaria Nº 41</name>
        <description><![CDATA[institucion: Escuela de Educacion Primaria Nº 41<br>tipo_de_ge: Publica<br>direccion: Pje El Gallo<br>Latitud: -37.43555<br>Longitud: -59.028<br>telefono: <br>e_mail: ]]></description>
        <styleUrl>#icon-1682-AFB42B</styleUrl>
        <ExtendedData>
          <Data name="institucion">
            <value>Escuela de Educacion Primaria Nº 41</value>
          </Data>
          <Data name="tipo_de_ge">
            <value>Publica</value>
          </Data>
          <Data name="direccion">
            <value>Pje El Gallo</value>
          </Data>
          <Data name="Latitud">
            <value>-37.43555</value>
          </Data>
          <Data name="Longitud">
            <value>-59.028</value>
          </Data>
          <Data name="telefono">
            <value/>
          </Data>
          <Data name="e_mail">
            <value/>
          </Data>
        </ExtendedData>
        <Point>
          <coordinates>
            -59.028,-37.435552,0
          </coordinates>
        </Point>
      </Placemark>
      <Placemark>
        <name>Escuela de Educacion Primaria Nº 44 (rural ) / Anexo 3021</name>
        <description><![CDATA[institucion: Escuela de Educacion Primaria Nº 44 (rural ) / Anexo 3021<br>tipo_de_ge: Publica<br>direccion: Fulton 35 km<br>Latitud: -37.41684<br>Longitud: -58.80934<br>telefono: 15 446 6933<br>e_mail: ]]></description>
        <styleUrl>#icon-1682-AFB42B</styleUrl>
        <ExtendedData>
          <Data name="institucion">
            <value>Escuela de Educacion Primaria Nº 44 (rural ) / Anexo 3021</value>
          </Data>
          <Data name="tipo_de_ge">
            <value>Publica</value>
          </Data>
          <Data name="direccion">
            <value>Fulton 35 km</value>
          </Data>
          <Data name="Latitud">
            <value>-37.41684</value>
          </Data>
          <Data name="Longitud">
            <value>-58.80934</value>
          </Data>
          <Data name="telefono">
            <value>15 446 6933</value>
          </Data>
          <Data name="e_mail">
            <value/>
          </Data>
        </ExtendedData>
        <Point>
          <coordinates>
            -58.809349,-37.41685,0
          </coordinates>
        </Point>
      </Placemark>
      <Placemark>
        <name>Escuela de Educacion Primaria Nº 60 (rural )</name>
        <description><![CDATA[institucion: Escuela de Educacion Primaria Nº 60 (rural )<br>tipo_de_ge: Publica<br>direccion: Pasaje Santa Ana 15 km<br>Latitud: -37.18185<br>Longitud: -59.0418<br>telefono: 15 448 3940<br>e_mail: ]]></description>
        <styleUrl>#icon-1682-AFB42B</styleUrl>
        <ExtendedData>
          <Data name="institucion">
            <value>Escuela de Educacion Primaria Nº 60 (rural )</value>
          </Data>
          <Data name="tipo_de_ge">
            <value>Publica</value>
          </Data>
          <Data name="direccion">
            <value>Pasaje Santa Ana 15 km</value>
          </Data>
          <Data name="Latitud">
            <value>-37.18185</value>
          </Data>
          <Data name="Longitud">
            <value>-59.0418</value>
          </Data>
          <Data name="telefono">
            <value>15 448 3940</value>
          </Data>
          <Data name="e_mail">
            <value/>
          </Data>
        </ExtendedData>
        <Point>
          <coordinates>
            -59.041809,-37.181853,0
          </coordinates>
        </Point>
      </Placemark>
      <Placemark>
        <name>Escuela de Educacion Primaria Nº 51 (rural )</name>
        <description><![CDATA[institucion: Escuela de Educacion Primaria Nº 51 (rural )<br>tipo_de_ge: Publica<br>direccion: Pasaje El Destino 60 km<br>Latitud: -36.9104<br>Longitud: -59.34487<br>telefono: 15 4464 536<br>e_mail: ]]></description>
        <styleUrl>#icon-1682-AFB42B</styleUrl>
        <ExtendedData>
          <Data name="institucion">
            <value>Escuela de Educacion Primaria Nº 51 (rural )</value>
          </Data>
          <Data name="tipo_de_ge">
            <value>Publica</value>
          </Data>
          <Data name="direccion">
            <value>Pasaje El Destino 60 km</value>
          </Data>
          <Data name="Latitud">
            <value>-36.9104</value>
          </Data>
          <Data name="Longitud">
            <value>-59.34487</value>
          </Data>
          <Data name="telefono">
            <value>15 4464 536</value>
          </Data>
          <Data name="e_mail">
            <value/>
          </Data>
        </ExtendedData>
        <Point>
          <coordinates>
            -59.344871,-36.910407,0
          </coordinates>
        </Point>
      </Placemark>
      <Placemark>
        <name>Escuela de Educacion Primaria Nº 15 (rural )</name>
        <description><![CDATA[institucion: Escuela de Educacion Primaria Nº 15 (rural )<br>tipo_de_ge: Publica<br>direccion: De la Canal 36 km<br>Latitud: -37.14714<br>Longitud: -59.10746<br>telefono: <br>e_mail: ]]></description>
        <styleUrl>#icon-1682-AFB42B</styleUrl>
        <ExtendedData>
          <Data name="institucion">
            <value>Escuela de Educacion Primaria Nº 15 (rural )</value>
          </Data>
          <Data name="tipo_de_ge">
            <value>Publica</value>
          </Data>
          <Data name="direccion">
            <value>De la Canal 36 km</value>
          </Data>
          <Data name="Latitud">
            <value>-37.14714</value>
          </Data>
          <Data name="Longitud">
            <value>-59.10746</value>
          </Data>
          <Data name="telefono">
            <value/>
          </Data>
          <Data name="e_mail">
            <value/>
          </Data>
        </ExtendedData>
        <Point>
          <coordinates>
            -59.107469,-37.147149,0
          </coordinates>
        </Point>
      </Placemark>
      <Placemark>
        <name>Colegio Nuestra Tierra</name>
        <description><![CDATA[institucion: Colegio Nuestra Tierra<br>tipo_de_ge: Privada<br>direccion: 481 Mathiasen Cristian<br>Latitud: -37.34126<br>Longitud: -59.11686<br>telefono: 442-6337 - 444-2608<br>e_mail: ]]></description>
        <styleUrl>#icon-1682-7CB342</styleUrl>
        <ExtendedData>
          <Data name="institucion">
            <value>Colegio Nuestra Tierra</value>
          </Data>
          <Data name="tipo_de_ge">
            <value>Privada</value>
          </Data>
          <Data name="direccion">
            <value>481 Mathiasen Cristian</value>
          </Data>
          <Data name="Latitud">
            <value>-37.34126</value>
          </Data>
          <Data name="Longitud">
            <value>-59.11686</value>
          </Data>
          <Data name="telefono">
            <value>442-6337 - 444-2608</value>
          </Data>
          <Data name="e_mail">
            <value/>
          </Data>
        </ExtendedData>
        <Point>
          <coordinates>
            -59.116868,-37.341267,0
          </coordinates>
        </Point>
      </Placemark>
      <Placemark>
        <name>Escuela de Educacion Primaria Nº 2</name>
        <description><![CDATA[institucion: Escuela de Educacion Primaria Nº 2<br>tipo_de_ge: Publica<br>direccion: 851 España Av<br>Latitud: -37.32583<br>Longitud: -59.14708<br>telefono: 444-0316<br>e_mail: eptandil@gmail.com - gabrielapenin@yahoo.com.ar]]></description>
        <styleUrl>#icon-1682-AFB42B</styleUrl>
        <ExtendedData>
          <Data name="institucion">
            <value>Escuela de Educacion Primaria Nº 2</value>
          </Data>
          <Data name="tipo_de_ge">
            <value>Publica</value>
          </Data>
          <Data name="direccion">
            <value>851 España Av</value>
          </Data>
          <Data name="Latitud">
            <value>-37.32583</value>
          </Data>
          <Data name="Longitud">
            <value>-59.14708</value>
          </Data>
          <Data name="telefono">
            <value>444-0316</value>
          </Data>
          <Data name="e_mail">
            <value>eptandil@gmail.com - gabrielapenin@yahoo.com.ar</value>
          </Data>
        </ExtendedData>
        <Point>
          <coordinates>
            -59.147088,-37.325837,0
          </coordinates>
        </Point>
      </Placemark>
      <Placemark>
        <name>Escuela de Educacion Primaria Nº 7</name>
        <description><![CDATA[institucion: Escuela de Educacion Primaria Nº 7<br>tipo_de_ge: Publica<br>direccion: 2 España Av<br>Latitud: -37.32583<br>Longitud: -59.14708<br>telefono: 444-0950<br>e_mail: ]]></description>
        <styleUrl>#icon-1682-AFB42B</styleUrl>
        <ExtendedData>
          <Data name="institucion">
            <value>Escuela de Educacion Primaria Nº 7</value>
          </Data>
          <Data name="tipo_de_ge">
            <value>Publica</value>
          </Data>
          <Data name="direccion">
            <value>2 España Av</value>
          </Data>
          <Data name="Latitud">
            <value>-37.32583</value>
          </Data>
          <Data name="Longitud">
            <value>-59.14708</value>
          </Data>
          <Data name="telefono">
            <value>444-0950</value>
          </Data>
          <Data name="e_mail">
            <value/>
          </Data>
        </ExtendedData>
        <Point>
          <coordinates>
            -59.147088,-37.325837,0
          </coordinates>
        </Point>
      </Placemark>
      <Placemark>
        <name>Escuela de Educacion Primaria Nº 34</name>
        <description><![CDATA[institucion: Escuela de Educacion Primaria Nº 34<br>tipo_de_ge: Publica<br>direccion: 1450 Constitución<br>Latitud: -37.32764<br>Longitud: -59.12044<br>telefono: 444-2848<br>e_mail: ]]></description>
        <styleUrl>#icon-1682-AFB42B</styleUrl>
        <ExtendedData>
          <Data name="institucion">
            <value>Escuela de Educacion Primaria Nº 34</value>
          </Data>
          <Data name="tipo_de_ge">
            <value>Publica</value>
          </Data>
          <Data name="direccion">
            <value>1450 Constitución</value>
          </Data>
          <Data name="Latitud">
            <value>-37.32764</value>
          </Data>
          <Data name="Longitud">
            <value>-59.12044</value>
          </Data>
          <Data name="telefono">
            <value>444-2848</value>
          </Data>
          <Data name="e_mail">
            <value/>
          </Data>
        </ExtendedData>
        <Point>
          <coordinates>
            -59.12044,-37.32764,0
          </coordinates>
        </Point>
      </Placemark>
      <Placemark>
        <name>Escuela de Educacion Primaria Nº 46 (rural)</name>
        <description><![CDATA[institucion: Escuela de Educacion Primaria Nº 46 (rural)<br>tipo_de_ge: Publica<br>direccion: Pje La Pesquería 60 km<br>Latitud: -37.55401<br>Longitud: -58.97367<br>telefono: 15-64-4493<br>e_mail: victoriap@hotmail.com]]></description>
        <styleUrl>#icon-1682-AFB42B</styleUrl>
        <ExtendedData>
          <Data name="institucion">
            <value>Escuela de Educacion Primaria Nº 46 (rural)</value>
          </Data>
          <Data name="tipo_de_ge">
            <value>Publica</value>
          </Data>
          <Data name="direccion">
            <value>Pje La Pesquería 60 km</value>
          </Data>
          <Data name="Latitud">
            <value>-37.55401</value>
          </Data>
          <Data name="Longitud">
            <value>-58.97367</value>
          </Data>
          <Data name="telefono">
            <value>15-64-4493</value>
          </Data>
          <Data name="e_mail">
            <value>victoriap@hotmail.com</value>
          </Data>
        </ExtendedData>
        <Point>
          <coordinates>
            -58.973675,-37.554012,0
          </coordinates>
        </Point>
      </Placemark>
      <Placemark>
        <name>Escuela de Educacion Agraria N°1</name>
        <description><![CDATA[institucion: Escuela de Educacion Agraria N°1<br>tipo_de_ge: Publica<br>direccion: Paraje La Porteña<br>Latitud: -37.35567<br>Longitud: -59.20561<br>telefono: 4423686<br>e_mail: granjatandil@gmail.com - jorgelinpre@hotmail.com]]></description>
        <styleUrl>#icon-1682-AFB42B</styleUrl>
        <ExtendedData>
          <Data name="institucion">
            <value>Escuela de Educacion Agraria N°1</value>
          </Data>
          <Data name="tipo_de_ge">
            <value>Publica</value>
          </Data>
          <Data name="direccion">
            <value>Paraje La Porteña</value>
          </Data>
          <Data name="Latitud">
            <value>-37.35567</value>
          </Data>
          <Data name="Longitud">
            <value>-59.20561</value>
          </Data>
          <Data name="telefono">
            <value>4423686</value>
          </Data>
          <Data name="e_mail">
            <value>granjatandil@gmail.com - jorgelinpre@hotmail.com</value>
          </Data>
        </ExtendedData>
        <Point>
          <coordinates>
            -59.205614,-37.355676,0
          </coordinates>
        </Point>
      </Placemark>
    </Folder>
    <Folder>
      <name>Jardines de Infantes</name>
      <Placemark>
        <name>Jardin de Infantes Nº 901</name>
        <description><![CDATA[institucion: Jardin de Infantes Nº 901<br>tipo_de_ge: Publica<br>direccion: 384 Maipu<br>Latitud: -37.33112,<br>Longitud: -59.1372<br>telefono: 444-0339<br>e_mail: ]]></description>
        <styleUrl>#icon-1682-7CB342</styleUrl>
        <ExtendedData>
          <Data name="institucion">
            <value>Jardin de Infantes Nº 901</value>
          </Data>
          <Data name="tipo_de_ge">
            <value>Publica</value>
          </Data>
          <Data name="direccion">
            <value>384 Maipu</value>
          </Data>
          <Data name="Latitud">
            <value>-37.33112,</value>
          </Data>
          <Data name="Longitud">
            <value>-59.1372</value>
          </Data>
          <Data name="telefono">
            <value>444-0339</value>
          </Data>
          <Data name="e_mail">
            <value/>
          </Data>
        </ExtendedData>
        <Point>
          <coordinates>
            -59.137207,-37.331124,0
          </coordinates>
        </Point>
      </Placemark>
      <Placemark>
        <name>Jardin de Infantes Nº 902</name>
        <description><![CDATA[institucion: Jardin de Infantes Nº 902<br>tipo_de_ge: Publica<br>direccion: 1568 Peyrel Sebastian<br>Latitud: -37.30416<br>Longitud: -59.11995<br>telefono: 442-8750<br>e_mail: ]]></description>
        <styleUrl>#icon-1682-7CB342</styleUrl>
        <ExtendedData>
          <Data name="institucion">
            <value>Jardin de Infantes Nº 902</value>
          </Data>
          <Data name="tipo_de_ge">
            <value>Publica</value>
          </Data>
          <Data name="direccion">
            <value>1568 Peyrel Sebastian</value>
          </Data>
          <Data name="Latitud">
            <value>-37.30416</value>
          </Data>
          <Data name="Longitud">
            <value>-59.11995</value>
          </Data>
          <Data name="telefono">
            <value>442-8750</value>
          </Data>
          <Data name="e_mail">
            <value/>
          </Data>
        </ExtendedData>
        <Point>
          <coordinates>
            -59.119959,-37.304169,0
          </coordinates>
        </Point>
      </Placemark>
      <Placemark>
        <name>Jardin de Infantes Nº 903</name>
        <description><![CDATA[institucion: Jardin de Infantes Nº 903<br>tipo_de_ge: Publica<br>direccion: 732 Lopez Vicente<br>Latitud: -37.3072<br>Longitud: -59.14548<br>telefono: 445-1908<br>e_mail: ]]></description>
        <styleUrl>#icon-1682-7CB342</styleUrl>
        <ExtendedData>
          <Data name="institucion">
            <value>Jardin de Infantes Nº 903</value>
          </Data>
          <Data name="tipo_de_ge">
            <value>Publica</value>
          </Data>
          <Data name="direccion">
            <value>732 Lopez Vicente</value>
          </Data>
          <Data name="Latitud">
            <value>-37.3072</value>
          </Data>
          <Data name="Longitud">
            <value>-59.14548</value>
          </Data>
          <Data name="telefono">
            <value>445-1908</value>
          </Data>
          <Data name="e_mail">
            <value/>
          </Data>
        </ExtendedData>
        <Point>
          <coordinates>
            -59.14548,-37.307205,0
          </coordinates>
        </Point>
      </Placemark>
      <Placemark>
        <name>Jardin de Infantes Nº 904</name>
        <description><![CDATA[institucion: Jardin de Infantes Nº 904<br>tipo_de_ge: Publica<br>direccion: Brandsen Cnel &amp; Viamonte Juan Jose<br>Latitud: -37.32524<br>Longitud: -59.14936<br>telefono: 443-5317<br>e_mail: ]]></description>
        <styleUrl>#icon-1682-7CB342</styleUrl>
        <ExtendedData>
          <Data name="institucion">
            <value>Jardin de Infantes Nº 904</value>
          </Data>
          <Data name="tipo_de_ge">
            <value>Publica</value>
          </Data>
          <Data name="direccion">
            <value><![CDATA[Brandsen Cnel &amp; Viamonte Juan Jose]]></value>
          </Data>
          <Data name="Latitud">
            <value>-37.32524</value>
          </Data>
          <Data name="Longitud">
            <value>-59.14936</value>
          </Data>
          <Data name="telefono">
            <value>443-5317</value>
          </Data>
          <Data name="e_mail">
            <value/>
          </Data>
        </ExtendedData>
        <Point>
          <coordinates>
            -59.149366,-37.32525,0
          </coordinates>
        </Point>
      </Placemark>
      <Placemark>
        <name>Jardin de Infantes Nº 905</name>
        <description><![CDATA[institucion: Jardin de Infantes Nº 905<br>tipo_de_ge: Publica<br>direccion: 365 Roca Gral Julio Argentino<br>Latitud: -37.32538<br>Longitud: -59.1245<br>telefono: 443-3724<br>e_mail: ]]></description>
        <styleUrl>#icon-1682-7CB342</styleUrl>
        <ExtendedData>
          <Data name="institucion">
            <value>Jardin de Infantes Nº 905</value>
          </Data>
          <Data name="tipo_de_ge">
            <value>Publica</value>
          </Data>
          <Data name="direccion">
            <value>365 Roca Gral Julio Argentino</value>
          </Data>
          <Data name="Latitud">
            <value>-37.32538</value>
          </Data>
          <Data name="Longitud">
            <value>-59.1245</value>
          </Data>
          <Data name="telefono">
            <value>443-3724</value>
          </Data>
          <Data name="e_mail">
            <value/>
          </Data>
        </ExtendedData>
        <Point>
          <coordinates>
            -59.124501,-37.325382,0
          </coordinates>
        </Point>
      </Placemark>
      <Placemark>
        <name>Jardin de Infantes Nº 906</name>
        <description><![CDATA[institucion: Jardin de Infantes Nº 906<br>tipo_de_ge: Publica<br>direccion: 654 Cabral Jose A<br>Latitud: -37.31265<br>Longitud: -59.14996<br>telefono: 449-3228<br>e_mail: ]]></description>
        <styleUrl>#icon-1682-7CB342</styleUrl>
        <ExtendedData>
          <Data name="institucion">
            <value>Jardin de Infantes Nº 906</value>
          </Data>
          <Data name="tipo_de_ge">
            <value>Publica</value>
          </Data>
          <Data name="direccion">
            <value>654 Cabral Jose A</value>
          </Data>
          <Data name="Latitud">
            <value>-37.31265</value>
          </Data>
          <Data name="Longitud">
            <value>-59.14996</value>
          </Data>
          <Data name="telefono">
            <value>449-3228</value>
          </Data>
          <Data name="e_mail">
            <value/>
          </Data>
        </ExtendedData>
        <Point>
          <coordinates>
            -59.149963,-37.312653,0
          </coordinates>
        </Point>
      </Placemark>
      <Placemark>
        <name>Jardin de Infantes Nº 907</name>
        <description><![CDATA[institucion: Jardin de Infantes Nº 907<br>tipo_de_ge: Publica<br>direccion: 115 Colombia<br>Latitud: -37.32354<br>Longitud: -59.10843<br>telefono: 443-3725<br>e_mail: ]]></description>
        <styleUrl>#icon-1682-7CB342</styleUrl>
        <ExtendedData>
          <Data name="institucion">
            <value>Jardin de Infantes Nº 907</value>
          </Data>
          <Data name="tipo_de_ge">
            <value>Publica</value>
          </Data>
          <Data name="direccion">
            <value>115 Colombia</value>
          </Data>
          <Data name="Latitud">
            <value>-37.32354</value>
          </Data>
          <Data name="Longitud">
            <value>-59.10843</value>
          </Data>
          <Data name="telefono">
            <value>443-3725</value>
          </Data>
          <Data name="e_mail">
            <value/>
          </Data>
        </ExtendedData>
        <Point>
          <coordinates>
            -59.10844,-37.323548,0
          </coordinates>
        </Point>
      </Placemark>
      <Placemark>
        <name>Jardin de Infantes Nº 908</name>
        <description><![CDATA[institucion: Jardin de Infantes Nº 908<br>tipo_de_ge: Publica<br>direccion: Vulcano Jose Jacinto &amp; Mendiguren Pablo (Gardey)<br>Latitud: -37.28219<br>Longitud: -59.3633<br>telefono: 449-3228<br>e_mail: ]]></description>
        <styleUrl>#icon-1682-7CB342</styleUrl>
        <ExtendedData>
          <Data name="institucion">
            <value>Jardin de Infantes Nº 908</value>
          </Data>
          <Data name="tipo_de_ge">
            <value>Publica</value>
          </Data>
          <Data name="direccion">
            <value><![CDATA[Vulcano Jose Jacinto &amp; Mendiguren Pablo (Gardey)]]></value>
          </Data>
          <Data name="Latitud">
            <value>-37.28219</value>
          </Data>
          <Data name="Longitud">
            <value>-59.3633</value>
          </Data>
          <Data name="telefono">
            <value>449-3228</value>
          </Data>
          <Data name="e_mail">
            <value/>
          </Data>
        </ExtendedData>
        <Point>
          <coordinates>
            -59.363303,-37.282198,0
          </coordinates>
        </Point>
      </Placemark>
      <Placemark>
        <name>Jardin de Infantes Nº 909</name>
        <description><![CDATA[institucion: Jardin de Infantes Nº 909<br>tipo_de_ge: Publica<br>direccion: 354 Mitre (Vela)<br>Latitud: -37.40358<br>Longitud: -59.5067<br>telefono: 449-1143<br>e_mail: ]]></description>
        <styleUrl>#icon-1682-7CB342</styleUrl>
        <ExtendedData>
          <Data name="institucion">
            <value>Jardin de Infantes Nº 909</value>
          </Data>
          <Data name="tipo_de_ge">
            <value>Publica</value>
          </Data>
          <Data name="direccion">
            <value>354 Mitre (Vela)</value>
          </Data>
          <Data name="Latitud">
            <value>-37.40358</value>
          </Data>
          <Data name="Longitud">
            <value>-59.5067</value>
          </Data>
          <Data name="telefono">
            <value>449-1143</value>
          </Data>
          <Data name="e_mail">
            <value/>
          </Data>
        </ExtendedData>
        <Point>
          <coordinates>
            -59.506702,-37.403588,0
          </coordinates>
        </Point>
      </Placemark>
      <Placemark>
        <name>Jardin de Infantes Nº 910</name>
        <description><![CDATA[institucion: Jardin de Infantes Nº 910<br>tipo_de_ge: Publica<br>direccion: 550 Alighieri Dante<br>Latitud: -37.3056<br>Longitud: -59.16564<br>telefono: 445-2760<br>e_mail: ]]></description>
        <styleUrl>#icon-1682-7CB342</styleUrl>
        <ExtendedData>
          <Data name="institucion">
            <value>Jardin de Infantes Nº 910</value>
          </Data>
          <Data name="tipo_de_ge">
            <value>Publica</value>
          </Data>
          <Data name="direccion">
            <value>550 Alighieri Dante</value>
          </Data>
          <Data name="Latitud">
            <value>-37.3056</value>
          </Data>
          <Data name="Longitud">
            <value>-59.16564</value>
          </Data>
          <Data name="telefono">
            <value>445-2760</value>
          </Data>
          <Data name="e_mail">
            <value/>
          </Data>
        </ExtendedData>
        <Point>
          <coordinates>
            -59.165642,-37.305603,0
          </coordinates>
        </Point>
      </Placemark>
      <Placemark>
        <name>Jardin de Infantes Nº 911</name>
        <description><![CDATA[institucion: Jardin de Infantes Nº 911<br>tipo_de_ge: Publica<br>direccion: 1215 Serrano Intendente Silverio<br>Latitud: -37.33381<br>Longitud: -59.12132<br>telefono: 443-3728<br>e_mail: ]]></description>
        <styleUrl>#icon-1682-7CB342</styleUrl>
        <ExtendedData>
          <Data name="institucion">
            <value>Jardin de Infantes Nº 911</value>
          </Data>
          <Data name="tipo_de_ge">
            <value>Publica</value>
          </Data>
          <Data name="direccion">
            <value>1215 Serrano Intendente Silverio</value>
          </Data>
          <Data name="Latitud">
            <value>-37.33381</value>
          </Data>
          <Data name="Longitud">
            <value>-59.12132</value>
          </Data>
          <Data name="telefono">
            <value>443-3728</value>
          </Data>
          <Data name="e_mail">
            <value/>
          </Data>
        </ExtendedData>
        <Point>
          <coordinates>
            -59.121324,-37.333815,0
          </coordinates>
        </Point>
      </Placemark>
      <Placemark>
        <name>Jardín de Infantes Nº 912</name>
        <description><![CDATA[institucion: Jardín de Infantes Nº 912<br>tipo_de_ge: Publica<br>direccion: 961 Pabon Piloto Capitan Pedro Pablo<br>Latitud: -37.33128<br>Longitud: -59.17681<br>telefono: 443-3731<br>e_mail: ]]></description>
        <styleUrl>#icon-1682-7CB342</styleUrl>
        <ExtendedData>
          <Data name="institucion">
            <value>Jardín de Infantes Nº 912</value>
          </Data>
          <Data name="tipo_de_ge">
            <value>Publica</value>
          </Data>
          <Data name="direccion">
            <value>961 Pabon Piloto Capitan Pedro Pablo</value>
          </Data>
          <Data name="Latitud">
            <value>-37.33128</value>
          </Data>
          <Data name="Longitud">
            <value>-59.17681</value>
          </Data>
          <Data name="telefono">
            <value>443-3731</value>
          </Data>
          <Data name="e_mail">
            <value/>
          </Data>
        </ExtendedData>
        <Point>
          <coordinates>
            -59.176815,-37.331289,0
          </coordinates>
        </Point>
      </Placemark>
      <Placemark>
        <name>Jardin de Infantes Nº 913</name>
        <description><![CDATA[institucion: Jardin de Infantes Nº 913<br>tipo_de_ge: Publica<br>direccion: (rural) Azucena<br>Latitud: -37.48727<br>Longitud: -59.29202<br>telefono: 443-5187<br>e_mail: of913@hotmail.com]]></description>
        <styleUrl>#icon-1682-7CB342</styleUrl>
        <ExtendedData>
          <Data name="institucion">
            <value>Jardin de Infantes Nº 913</value>
          </Data>
          <Data name="tipo_de_ge">
            <value>Publica</value>
          </Data>
          <Data name="direccion">
            <value>(rural) Azucena</value>
          </Data>
          <Data name="Latitud">
            <value>-37.48727</value>
          </Data>
          <Data name="Longitud">
            <value>-59.29202</value>
          </Data>
          <Data name="telefono">
            <value>443-5187</value>
          </Data>
          <Data name="e_mail">
            <value>of913@hotmail.com</value>
          </Data>
        </ExtendedData>
        <Point>
          <coordinates>
            -59.292025,-37.487276,0
          </coordinates>
        </Point>
      </Placemark>
      <Placemark>
        <name>Jardin de Infantes Nº 914</name>
        <description><![CDATA[institucion: Jardin de Infantes Nº 914<br>tipo_de_ge: Publica<br>direccion: (rural) Fulton<br>Latitud: -37.4159<br>Longitud: -58.80952<br>telefono: 444-4156<br>e_mail: patriciabbflorez@hotmail.com]]></description>
        <styleUrl>#icon-1682-7CB342</styleUrl>
        <ExtendedData>
          <Data name="institucion">
            <value>Jardin de Infantes Nº 914</value>
          </Data>
          <Data name="tipo_de_ge">
            <value>Publica</value>
          </Data>
          <Data name="direccion">
            <value>(rural) Fulton</value>
          </Data>
          <Data name="Latitud">
            <value>-37.4159</value>
          </Data>
          <Data name="Longitud">
            <value>-58.80952</value>
          </Data>
          <Data name="telefono">
            <value>444-4156</value>
          </Data>
          <Data name="e_mail">
            <value>patriciabbflorez@hotmail.com</value>
          </Data>
        </ExtendedData>
        <Point>
          <coordinates>
            -58.809523,-37.415906,0
          </coordinates>
        </Point>
      </Placemark>
      <Placemark>
        <name>Jardin de Infantes Nº 915</name>
        <description><![CDATA[institucion: Jardin de Infantes Nº 915<br>tipo_de_ge: Publica<br>direccion: Basso Aguirre Juan (Cerro Leones) AL 2300<br>Latitud: -37.31265<br>Longitud: -59.20079<br>telefono: 445-1291<br>e_mail: ]]></description>
        <styleUrl>#icon-1682-7CB342</styleUrl>
        <ExtendedData>
          <Data name="institucion">
            <value>Jardin de Infantes Nº 915</value>
          </Data>
          <Data name="tipo_de_ge">
            <value>Publica</value>
          </Data>
          <Data name="direccion">
            <value>Basso Aguirre Juan (Cerro Leones) AL 2300</value>
          </Data>
          <Data name="Latitud">
            <value>-37.31265</value>
          </Data>
          <Data name="Longitud">
            <value>-59.20079</value>
          </Data>
          <Data name="telefono">
            <value>445-1291</value>
          </Data>
          <Data name="e_mail">
            <value/>
          </Data>
        </ExtendedData>
        <Point>
          <coordinates>
            -59.200795,-37.312656,0
          </coordinates>
        </Point>
      </Placemark>
      <Placemark>
        <name>Jardin de Infantes Nº 916</name>
        <description><![CDATA[institucion: Jardin de Infantes Nº 916<br>tipo_de_ge: Publica<br>direccion: San Francisco &amp; Nigro Juan<br>Latitud: -37.29435<br>Longitud: -59.11775<br>telefono: 443-3732<br>e_mail: ]]></description>
        <styleUrl>#icon-1682-7CB342</styleUrl>
        <ExtendedData>
          <Data name="institucion">
            <value>Jardin de Infantes Nº 916</value>
          </Data>
          <Data name="tipo_de_ge">
            <value>Publica</value>
          </Data>
          <Data name="direccion">
            <value><![CDATA[San Francisco &amp; Nigro Juan]]></value>
          </Data>
          <Data name="Latitud">
            <value>-37.29435</value>
          </Data>
          <Data name="Longitud">
            <value>-59.11775</value>
          </Data>
          <Data name="telefono">
            <value>443-3732</value>
          </Data>
          <Data name="e_mail">
            <value/>
          </Data>
        </ExtendedData>
        <Point>
          <coordinates>
            -59.117754,-37.294354,0
          </coordinates>
        </Point>
      </Placemark>
      <Placemark>
        <name>Jardin de Infantes Nº 917</name>
        <description><![CDATA[institucion: Jardin de Infantes Nº 917<br>tipo_de_ge: Publica<br>direccion: 1596 Montiel<br>Latitud: -37.30957<br>Longitud: -59.13024<br>telefono: 443-3733<br>e_mail: ]]></description>
        <styleUrl>#icon-1682-7CB342</styleUrl>
        <ExtendedData>
          <Data name="institucion">
            <value>Jardin de Infantes Nº 917</value>
          </Data>
          <Data name="tipo_de_ge">
            <value>Publica</value>
          </Data>
          <Data name="direccion">
            <value>1596 Montiel</value>
          </Data>
          <Data name="Latitud">
            <value>-37.30957</value>
          </Data>
          <Data name="Longitud">
            <value>-59.13024</value>
          </Data>
          <Data name="telefono">
            <value>443-3733</value>
          </Data>
          <Data name="e_mail">
            <value/>
          </Data>
        </ExtendedData>
        <Point>
          <coordinates>
            -59.130244,-37.309577,0
          </coordinates>
        </Point>
      </Placemark>
      <Placemark>
        <name>Jardin de Infantes Nº 918</name>
        <description><![CDATA[institucion: Jardin de Infantes Nº 918<br>tipo_de_ge: Publica<br>direccion: (rural) Ruta 226 km 132<br>Latitud: -37.32774<br>Longitud: -59.09014<br>telefono: 15 465 9309<br>e_mail: ]]></description>
        <styleUrl>#icon-1682-7CB342</styleUrl>
        <ExtendedData>
          <Data name="institucion">
            <value>Jardin de Infantes Nº 918</value>
          </Data>
          <Data name="tipo_de_ge">
            <value>Publica</value>
          </Data>
          <Data name="direccion">
            <value>(rural) Ruta 226 km 132</value>
          </Data>
          <Data name="Latitud">
            <value>-37.32774</value>
          </Data>
          <Data name="Longitud">
            <value>-59.09014</value>
          </Data>
          <Data name="telefono">
            <value>15 465 9309</value>
          </Data>
          <Data name="e_mail">
            <value/>
          </Data>
        </ExtendedData>
        <Point>
          <coordinates>
            -59.090142,-37.327748,0
          </coordinates>
        </Point>
      </Placemark>
      <Placemark>
        <name>Jardin de Infantes Nº 919</name>
        <description><![CDATA[institucion: Jardin de Infantes Nº 919<br>tipo_de_ge: Publica<br>direccion: Reforma Universitaria &amp; Ruta 226<br>Latitud: -37.32719<br>Longitud: -59.09173<br>telefono: 15 446 4754<br>e_mail: ]]></description>
        <styleUrl>#icon-1682-7CB342</styleUrl>
        <ExtendedData>
          <Data name="institucion">
            <value>Jardin de Infantes Nº 919</value>
          </Data>
          <Data name="tipo_de_ge">
            <value>Publica</value>
          </Data>
          <Data name="direccion">
            <value><![CDATA[Reforma Universitaria &amp; Ruta 226]]></value>
          </Data>
          <Data name="Latitud">
            <value>-37.32719</value>
          </Data>
          <Data name="Longitud">
            <value>-59.09173</value>
          </Data>
          <Data name="telefono">
            <value>15 446 4754</value>
          </Data>
          <Data name="e_mail">
            <value/>
          </Data>
        </ExtendedData>
        <Point>
          <coordinates>
            -59.091731,-37.327192,0
          </coordinates>
        </Point>
      </Placemark>
      <Placemark>
        <name>Jardin de Infantes Nº 920</name>
        <description><![CDATA[institucion: Jardin de Infantes Nº 920<br>tipo_de_ge: Publica<br>direccion: (rural) Base Aerea<br>Latitud: -37.2236<br>Longitud: -59.26203<br>telefono: 15 459 9301<br>e_mail: lucia_duhalde@hotmail.com]]></description>
        <styleUrl>#icon-1682-7CB342</styleUrl>
        <ExtendedData>
          <Data name="institucion">
            <value>Jardin de Infantes Nº 920</value>
          </Data>
          <Data name="tipo_de_ge">
            <value>Publica</value>
          </Data>
          <Data name="direccion">
            <value>(rural) Base Aerea</value>
          </Data>
          <Data name="Latitud">
            <value>-37.2236</value>
          </Data>
          <Data name="Longitud">
            <value>-59.26203</value>
          </Data>
          <Data name="telefono">
            <value>15 459 9301</value>
          </Data>
          <Data name="e_mail">
            <value>lucia_duhalde@hotmail.com</value>
          </Data>
        </ExtendedData>
        <Point>
          <coordinates>
            -59.262033,-37.223608,0
          </coordinates>
        </Point>
      </Placemark>
      <Placemark>
        <name>Jardin de Infantes Nº 921</name>
        <description><![CDATA[institucion: Jardin de Infantes Nº 921<br>tipo_de_ge: Publica<br>direccion: (rural) De la Canal<br>Latitud: -37.1472<br>Longitud: -59.1081<br>telefono: 15 448 3887<br>e_mail: ]]></description>
        <styleUrl>#icon-1682-7CB342</styleUrl>
        <ExtendedData>
          <Data name="institucion">
            <value>Jardin de Infantes Nº 921</value>
          </Data>
          <Data name="tipo_de_ge">
            <value>Publica</value>
          </Data>
          <Data name="direccion">
            <value>(rural) De la Canal</value>
          </Data>
          <Data name="Latitud">
            <value>-37.1472</value>
          </Data>
          <Data name="Longitud">
            <value>-59.1081</value>
          </Data>
          <Data name="telefono">
            <value>15 448 3887</value>
          </Data>
          <Data name="e_mail">
            <value/>
          </Data>
        </ExtendedData>
        <Point>
          <coordinates>
            -59.108104,-37.147204,0
          </coordinates>
        </Point>
      </Placemark>
      <Placemark>
        <name>Jardin de Infantes Nº 922 / Escuela de Educacion Primaria Nº 68/ Escuela de Educacion Secundaria Nº 10 / Instituto Superior de Formacion Docente  Tecnica Nº 166 / Centro Educativo de Nivel Secundario Nº 451</name>
        <description><![CDATA[institucion: Jardin de Infantes Nº 922 / Escuela de Educacion Primaria Nº 68/ Escuela de Educacion Secundaria Nº 10 / Instituto Superior de Formacion Docente  Tecnica Nº 166 / Centro Educativo de Nivel Secundario Nº 451<br>tipo_de_ge: Publica<br>direccion: 851 Santamarina Ramon Av<br>Latitud: -37.32107<br>Longitud: -59.13248<br>telefono: 443-3734 / 443-3769 / 442-3703 / 442-3254 / 442-3837 / 4440316<br>e_mail: ]]></description>
        <styleUrl>#icon-1682-AFB42B</styleUrl>
        <ExtendedData>
          <Data name="institucion">
            <value>Jardin de Infantes Nº 922 / Escuela de Educacion Primaria Nº 68/ Escuela de Educacion Secundaria Nº 10 / Instituto Superior de Formacion Docente  Tecnica Nº 166 / Centro Educativo de Nivel Secundario Nº 451</value>
          </Data>
          <Data name="tipo_de_ge">
            <value>Publica</value>
          </Data>
          <Data name="direccion">
            <value>851 Santamarina Ramon Av</value>
          </Data>
          <Data name="Latitud">
            <value>-37.32107</value>
          </Data>
          <Data name="Longitud">
            <value>-59.13248</value>
          </Data>
          <Data name="telefono">
            <value>443-3734 / 443-3769 / 442-3703 / 442-3254 / 442-3837 / 4440316</value>
          </Data>
          <Data name="e_mail">
            <value/>
          </Data>
        </ExtendedData>
        <Point>
          <coordinates>
            -59.132485,-37.321077,0
          </coordinates>
        </Point>
      </Placemark>
      <Placemark>
        <name>Jardin de Infantes Nº 923</name>
        <description><![CDATA[institucion: Jardin de Infantes Nº 923<br>tipo_de_ge: Publica<br>direccion: 939 La Movediza<br>Latitud: -37.29964<br>Longitud: -59.14109<br>telefono: 443-3744<br>e_mail: ]]></description>
        <styleUrl>#icon-1682-7CB342</styleUrl>
        <ExtendedData>
          <Data name="institucion">
            <value>Jardin de Infantes Nº 923</value>
          </Data>
          <Data name="tipo_de_ge">
            <value>Publica</value>
          </Data>
          <Data name="direccion">
            <value>939 La Movediza</value>
          </Data>
          <Data name="Latitud">
            <value>-37.29964</value>
          </Data>
          <Data name="Longitud">
            <value>-59.14109</value>
          </Data>
          <Data name="telefono">
            <value>443-3744</value>
          </Data>
          <Data name="e_mail">
            <value/>
          </Data>
        </ExtendedData>
        <Point>
          <coordinates>
            -59.141091,-37.299647,0
          </coordinates>
        </Point>
      </Placemark>
      <Placemark>
        <name>Jardin de Infantes Nº 925</name>
        <description><![CDATA[institucion: Jardin de Infantes Nº 925<br>tipo_de_ge: Publica<br>direccion: 2150 Saenz PeÃ±a Roque<br>Latitud: -37.29148<br>Longitud: ,-59.15852<br>telefono: 15 463 1882<br>e_mail: ]]></description>
        <styleUrl>#icon-1682-7CB342</styleUrl>
        <ExtendedData>
          <Data name="institucion">
            <value>Jardin de Infantes Nº 925</value>
          </Data>
          <Data name="tipo_de_ge">
            <value>Publica</value>
          </Data>
          <Data name="direccion">
            <value>2150 Saenz PeÃ±a Roque</value>
          </Data>
          <Data name="Latitud">
            <value>-37.29148</value>
          </Data>
          <Data name="Longitud">
            <value>,-59.15852</value>
          </Data>
          <Data name="telefono">
            <value>15 463 1882</value>
          </Data>
          <Data name="e_mail">
            <value/>
          </Data>
        </ExtendedData>
        <Point>
          <coordinates>
            -59.158527,-37.291483,0
          </coordinates>
        </Point>
      </Placemark>
      <Placemark>
        <name>Jardin de Infantes Nº 926</name>
        <description><![CDATA[institucion: Jardin de Infantes Nº 926<br>tipo_de_ge: Publica<br>direccion: 701 San Francisco<br>Latitud: -37.30706<br>Longitud: -59.10154<br>telefono: 154 243046<br>e_mail: ]]></description>
        <styleUrl>#icon-1682-7CB342</styleUrl>
        <ExtendedData>
          <Data name="institucion">
            <value>Jardin de Infantes Nº 926</value>
          </Data>
          <Data name="tipo_de_ge">
            <value>Publica</value>
          </Data>
          <Data name="direccion">
            <value>701 San Francisco</value>
          </Data>
          <Data name="Latitud">
            <value>-37.30706</value>
          </Data>
          <Data name="Longitud">
            <value>-59.10154</value>
          </Data>
          <Data name="telefono">
            <value>154 243046</value>
          </Data>
          <Data name="e_mail">
            <value/>
          </Data>
        </ExtendedData>
        <Point>
          <coordinates>
            -59.101549,-37.307068,0
          </coordinates>
        </Point>
      </Placemark>
      <Placemark>
        <name><![CDATA[Jardin Maternal "Arroyito"]]></name>
        <description><![CDATA[institucion: Jardin Maternal "Arroyito"<br>tipo_de_ge: Publica<br>direccion: S/n Paraje Arroyo Seco<br>Latitud: -37.32227<br>Longitud: -59.07827<br>telefono: 4385513<br>e_mail: maternal@rec.unicen.edu.ar]]></description>
        <styleUrl>#icon-1682-7CB342</styleUrl>
        <ExtendedData>
          <Data name="institucion">
            <value><![CDATA[Jardin Maternal "Arroyito"]]></value>
          </Data>
          <Data name="tipo_de_ge">
            <value>Publica</value>
          </Data>
          <Data name="direccion">
            <value>S/n Paraje Arroyo Seco</value>
          </Data>
          <Data name="Latitud">
            <value>-37.32227</value>
          </Data>
          <Data name="Longitud">
            <value>-59.07827</value>
          </Data>
          <Data name="telefono">
            <value>4385513</value>
          </Data>
          <Data name="e_mail">
            <value>maternal@rec.unicen.edu.ar</value>
          </Data>
        </ExtendedData>
        <Point>
          <coordinates>
            -59.078275,-37.322274,0
          </coordinates>
        </Point>
      </Placemark>
      <Placemark>
        <name>Jardín de Infantes Arco Iris</name>
        <description><![CDATA[institucion: Jardín de Infantes Arco Iris<br>tipo_de_ge: Privada<br>direccion: 846 Irigoyen Hipolito<br>Latitud: -37.32388<br>Longitud: -59.13976<br>telefono: 442-9195<br>e_mail: ]]></description>
        <styleUrl>#icon-1682-7CB342</styleUrl>
        <ExtendedData>
          <Data name="institucion">
            <value>Jardín de Infantes Arco Iris</value>
          </Data>
          <Data name="tipo_de_ge">
            <value>Privada</value>
          </Data>
          <Data name="direccion">
            <value>846 Irigoyen Hipolito</value>
          </Data>
          <Data name="Latitud">
            <value>-37.32388</value>
          </Data>
          <Data name="Longitud">
            <value>-59.13976</value>
          </Data>
          <Data name="telefono">
            <value>442-9195</value>
          </Data>
          <Data name="e_mail">
            <value/>
          </Data>
        </ExtendedData>
        <Point>
          <coordinates>
            -59.139765,-37.323887,0
          </coordinates>
        </Point>
      </Placemark>
      <Placemark>
        <name>Jardin de Infantes Bambi / Colegio Dal</name>
        <description><![CDATA[institucion: Jardin de Infantes Bambi  / Colegio Dal<br>tipo_de_ge: Privada<br>direccion: 221 San MartÃn Gral Jose de<br>Latitud: -37.32828<br>Longitud: -59.1418<br>telefono: 442-5888 / 4423119<br>e_mail: jardinbambi2016@hotmail.com]]></description>
        <styleUrl>#icon-1682-AFB42B</styleUrl>
        <ExtendedData>
          <Data name="institucion">
            <value>Jardin de Infantes Bambi  / Colegio Dal</value>
          </Data>
          <Data name="tipo_de_ge">
            <value>Privada</value>
          </Data>
          <Data name="direccion">
            <value>221 San MartÃn Gral Jose de</value>
          </Data>
          <Data name="Latitud">
            <value>-37.32828</value>
          </Data>
          <Data name="Longitud">
            <value>-59.1418</value>
          </Data>
          <Data name="telefono">
            <value>442-5888 / 4423119</value>
          </Data>
          <Data name="e_mail">
            <value>jardinbambi2016@hotmail.com</value>
          </Data>
        </ExtendedData>
        <Point>
          <coordinates>
            -59.141804,-37.328285,0
          </coordinates>
        </Point>
      </Placemark>
      <Placemark>
        <name>Jardin de Infantes Barquito de Papel  </name>
        <description><![CDATA[institucion: Jardin de Infantes Barquito de Papel  <br>tipo_de_ge: Privada<br>direccion: 240 Brandsen Coronel<br>Latitud: -37.33414<br>Longitud: -59.1442<br>telefono: 443-3685<br>e_mail: marisamanariti@hotmail.com]]></description>
        <styleUrl>#icon-1682-7CB342</styleUrl>
        <ExtendedData>
          <Data name="institucion">
            <value>Jardin de Infantes Barquito de Papel  </value>
          </Data>
          <Data name="tipo_de_ge">
            <value>Privada</value>
          </Data>
          <Data name="direccion">
            <value>240 Brandsen Coronel</value>
          </Data>
          <Data name="Latitud">
            <value>-37.33414</value>
          </Data>
          <Data name="Longitud">
            <value>-59.1442</value>
          </Data>
          <Data name="telefono">
            <value>443-3685</value>
          </Data>
          <Data name="e_mail">
            <value>marisamanariti@hotmail.com</value>
          </Data>
        </ExtendedData>
        <Point>
          <coordinates>
            -59.144204,-37.334147,0
          </coordinates>
        </Point>
      </Placemark>
      <Placemark>
        <name>Jardin de Infantes Barquito de Papel  </name>
        <description><![CDATA[institucion: Centro Educativo Complementario N° 801<br>tipo_de_ge: Publica<br>direccion: 989 Brandsen Coronel<br>Latitud: -37.32535<br>Longitud: -59.14915<br>telefono: <br>e_mail: ]]></description>
        <styleUrl>#icon-1682-7CB342</styleUrl>
        <ExtendedData>
          <Data name="institucion">
            <value>Centro Educativo Complementario N° 801</value>
          </Data>
          <Data name="tipo_de_ge">
            <value>Publica</value>
          </Data>
          <Data name="direccion">
            <value>989 Brandsen Coronel</value>
          </Data>
          <Data name="Latitud">
            <value>-37.32535</value>
          </Data>
          <Data name="Longitud">
            <value>-59.14915</value>
          </Data>
          <Data name="telefono">
            <value/>
          </Data>
          <Data name="e_mail">
            <value/>
          </Data>
        </ExtendedData>
        <Point>
          <coordinates>
            -59.149152,-37.325351,0
          </coordinates>
        </Point>
      </Placemark>
      <Placemark>
        <name>Jardin de Infantes Belén</name>
        <description><![CDATA[institucion: Jardin de Infantes Belén<br>tipo_de_ge: Privada<br>direccion: 480 España Av<br>Latitud: -37.32332<br>Longitud: -59.1404<br>telefono: 443-0981<br>e_mail: ]]></description>
        <styleUrl>#icon-1682-7CB342</styleUrl>
        <ExtendedData>
          <Data name="institucion">
            <value>Jardin de Infantes Belén</value>
          </Data>
          <Data name="tipo_de_ge">
            <value>Privada</value>
          </Data>
          <Data name="direccion">
            <value>480 España Av</value>
          </Data>
          <Data name="Latitud">
            <value>-37.32332</value>
          </Data>
          <Data name="Longitud">
            <value>-59.1404</value>
          </Data>
          <Data name="telefono">
            <value>443-0981</value>
          </Data>
          <Data name="e_mail">
            <value/>
          </Data>
        </ExtendedData>
        <Point>
          <coordinates>
            -59.140405,-37.323322,0
          </coordinates>
        </Point>
      </Placemark>
      <Placemark>
        <name>Jardin de Infantes de la Sierra</name>
        <description><![CDATA[institucion: Jardin de Infantes de la Sierra<br>tipo_de_ge: Privada<br>direccion: 650 Santamarina Ramon<br>Latitud: -37.32341<br>Longitud: -59.13118<br>telefono: 443-5528 / 154597585 / 154605905 / 4446662<br>e_mail: ]]></description>
        <styleUrl>#icon-1682-7CB342</styleUrl>
        <ExtendedData>
          <Data name="institucion">
            <value>Jardin de Infantes de la Sierra</value>
          </Data>
          <Data name="tipo_de_ge">
            <value>Privada</value>
          </Data>
          <Data name="direccion">
            <value>650 Santamarina Ramon</value>
          </Data>
          <Data name="Latitud">
            <value>-37.32341</value>
          </Data>
          <Data name="Longitud">
            <value>-59.13118</value>
          </Data>
          <Data name="telefono">
            <value>443-5528 / 154597585 / 154605905 / 4446662</value>
          </Data>
          <Data name="e_mail">
            <value/>
          </Data>
        </ExtendedData>
        <Point>
          <coordinates>
            -59.131185,-37.323413,0
          </coordinates>
        </Point>
      </Placemark>
      <Placemark>
        <name>Jardín de Infantes de la Sonrisa</name>
        <description><![CDATA[institucion: Jardín de Infantes de la Sonrisa<br>tipo_de_ge: Privada<br>direccion: 970 Mitre Gral Bartolome<br>Latitud: -37.32188<br>Longitud: -59.13259<br>telefono: 4428425<br>e_mail: ]]></description>
        <styleUrl>#icon-1682-7CB342</styleUrl>
        <ExtendedData>
          <Data name="institucion">
            <value>Jardín de Infantes de la Sonrisa</value>
          </Data>
          <Data name="tipo_de_ge">
            <value>Privada</value>
          </Data>
          <Data name="direccion">
            <value>970 Mitre Gral Bartolome</value>
          </Data>
          <Data name="Latitud">
            <value>-37.32188</value>
          </Data>
          <Data name="Longitud">
            <value>-59.13259</value>
          </Data>
          <Data name="telefono">
            <value>4428425</value>
          </Data>
          <Data name="e_mail">
            <value/>
          </Data>
        </ExtendedData>
        <Point>
          <coordinates>
            -59.132599,-37.321885,0
          </coordinates>
        </Point>
      </Placemark>
      <Placemark>
        <name>Jardin de Infantes Dr. Osvaldo Zarini</name>
        <description><![CDATA[institucion: Jardin de Infantes Dr. Osvaldo Zarini<br>tipo_de_ge: Publica<br>direccion: 1539 Arana Eduardo<br>Latitud: -37.31033<br>Longitud: -59.12907<br>telefono: 442 7319<br>e_mail: jardinzarini.unicen@gmail.com]]></description>
        <styleUrl>#icon-1682-7CB342</styleUrl>
        <ExtendedData>
          <Data name="institucion">
            <value>Jardin de Infantes Dr. Osvaldo Zarini</value>
          </Data>
          <Data name="tipo_de_ge">
            <value>Publica</value>
          </Data>
          <Data name="direccion">
            <value>1539 Arana Eduardo</value>
          </Data>
          <Data name="Latitud">
            <value>-37.31033</value>
          </Data>
          <Data name="Longitud">
            <value>-59.12907</value>
          </Data>
          <Data name="telefono">
            <value>442 7319</value>
          </Data>
          <Data name="e_mail">
            <value>jardinzarini.unicen@gmail.com</value>
          </Data>
        </ExtendedData>
        <Point>
          <coordinates>
            -59.129077,-37.310338,0
          </coordinates>
        </Point>
      </Placemark>
      <Placemark>
        <name>Jardín de Infantes El reino del reves</name>
        <description><![CDATA[institucion: Jardín de Infantes El reino del reves<br>tipo_de_ge: Privada<br>direccion: 1063 9 de Julio<br>Latitud: -37.32023<br>Longitud: -59.13852<br>telefono: 442-2886<br>e_mail: ]]></description>
        <styleUrl>#icon-1682-7CB342</styleUrl>
        <ExtendedData>
          <Data name="institucion">
            <value>Jardín de Infantes El reino del reves</value>
          </Data>
          <Data name="tipo_de_ge">
            <value>Privada</value>
          </Data>
          <Data name="direccion">
            <value>1063 9 de Julio</value>
          </Data>
          <Data name="Latitud">
            <value>-37.32023</value>
          </Data>
          <Data name="Longitud">
            <value>-59.13852</value>
          </Data>
          <Data name="telefono">
            <value>442-2886</value>
          </Data>
          <Data name="e_mail">
            <value/>
          </Data>
        </ExtendedData>
        <Point>
          <coordinates>
            -59.138529,-37.320232,0
          </coordinates>
        </Point>
      </Placemark>
      <Placemark>
        <name>Jardin de Infantes Estrella de Belén</name>
        <description><![CDATA[institucion: Jardin de Infantes Estrella de Belén<br>tipo_de_ge: Privada<br>direccion: 643 Mitre Gral Bartolome<br>Latitud: -37.32372<br>Longitud: -59.13745<br>telefono: 444-9485<br>e_mail: ]]></description>
        <styleUrl>#icon-1682-7CB342</styleUrl>
        <ExtendedData>
          <Data name="institucion">
            <value>Jardin de Infantes Estrella de Belén</value>
          </Data>
          <Data name="tipo_de_ge">
            <value>Privada</value>
          </Data>
          <Data name="direccion">
            <value>643 Mitre Gral Bartolome</value>
          </Data>
          <Data name="Latitud">
            <value>-37.32372</value>
          </Data>
          <Data name="Longitud">
            <value>-59.13745</value>
          </Data>
          <Data name="telefono">
            <value>444-9485</value>
          </Data>
          <Data name="e_mail">
            <value/>
          </Data>
        </ExtendedData>
        <Point>
          <coordinates>
            -59.137451,-37.323728,0
          </coordinates>
        </Point>
      </Placemark>
      <Placemark>
        <name>Jardin de Infantes Maternal Arlequin</name>
        <description><![CDATA[institucion: Jardin de Infantes  Maternal Arlequin<br>tipo_de_ge: Privada<br>direccion: 1243 Belgrano, Gral Manuel<br>Latitud: -37.33401<br>Longitud: -59.13875<br>telefono: 4443791<br>e_mail: info@jardinarlequin.com.ar]]></description>
        <styleUrl>#icon-1682-7CB342</styleUrl>
        <ExtendedData>
          <Data name="institucion">
            <value>Jardin de Infantes  Maternal Arlequin</value>
          </Data>
          <Data name="tipo_de_ge">
            <value>Privada</value>
          </Data>
          <Data name="direccion">
            <value>1243 Belgrano, Gral Manuel</value>
          </Data>
          <Data name="Latitud">
            <value>-37.33401</value>
          </Data>
          <Data name="Longitud">
            <value>-59.13875</value>
          </Data>
          <Data name="telefono">
            <value>4443791</value>
          </Data>
          <Data name="e_mail">
            <value>info@jardinarlequin.com.ar</value>
          </Data>
        </ExtendedData>
        <Point>
          <coordinates>
            -59.138758,-37.334011,0
          </coordinates>
        </Point>
      </Placemark>
      <Placemark>
        <name>Jardin Maternal Municipal CAI MATER</name>
        <description><![CDATA[institucion: Jardin Maternal Municipal CAI MATER<br>tipo_de_ge: Publica<br>direccion: 1451 Iraola<br>Latitud: -37.31188<br>Longitud: -59.18009<br>telefono: 2494645300<br>e_mail: ]]></description>
        <styleUrl>#icon-1682-7CB342</styleUrl>
        <ExtendedData>
          <Data name="institucion">
            <value>Jardin Maternal Municipal CAI MATER</value>
          </Data>
          <Data name="tipo_de_ge">
            <value>Publica</value>
          </Data>
          <Data name="direccion">
            <value>1451 Iraola</value>
          </Data>
          <Data name="Latitud">
            <value>-37.31188</value>
          </Data>
          <Data name="Longitud">
            <value>-59.18009</value>
          </Data>
          <Data name="telefono">
            <value>2494645300</value>
          </Data>
          <Data name="e_mail">
            <value/>
          </Data>
        </ExtendedData>
        <Point>
          <coordinates>
            -59.180091,-37.311885,0
          </coordinates>
        </Point>
      </Placemark>
      <Placemark>
        <name>Jardín de Infantes Mameluco</name>
        <description><![CDATA[institucion: Jardín de Infantes Mameluco<br>tipo_de_ge: Privada<br>direccion: 464 Paz Gral Jose Maria<br>Latitud: -37.32639<br>Longitud: -59.13138<br>telefono: 15-402-9970<br>e_mail: ]]></description>
        <styleUrl>#icon-1682-7CB342</styleUrl>
        <ExtendedData>
          <Data name="institucion">
            <value>Jardín de Infantes Mameluco</value>
          </Data>
          <Data name="tipo_de_ge">
            <value>Privada</value>
          </Data>
          <Data name="direccion">
            <value>464 Paz Gral Jose Maria</value>
          </Data>
          <Data name="Latitud">
            <value>-37.32639</value>
          </Data>
          <Data name="Longitud">
            <value>-59.13138</value>
          </Data>
          <Data name="telefono">
            <value>15-402-9970</value>
          </Data>
          <Data name="e_mail">
            <value/>
          </Data>
        </ExtendedData>
        <Point>
          <coordinates>
            -59.131384,-37.326396,0
          </coordinates>
        </Point>
      </Placemark>
      <Placemark>
        <name>Jardín de Infantes Mameluco</name>
        <description><![CDATA[institucion: Jardín de Infantes Mameluco<br>tipo_de_ge: Privada<br>direccion: 489 Colombia<br>Latitud: -37.32007<br>Longitud: -59.11278<br>telefono: 15-402-9970<br>e_mail: ]]></description>
        <styleUrl>#icon-1682-7CB342</styleUrl>
        <ExtendedData>
          <Data name="institucion">
            <value>Jardín de Infantes Mameluco</value>
          </Data>
          <Data name="tipo_de_ge">
            <value>Privada</value>
          </Data>
          <Data name="direccion">
            <value>489 Colombia</value>
          </Data>
          <Data name="Latitud">
            <value>-37.32007</value>
          </Data>
          <Data name="Longitud">
            <value>-59.11278</value>
          </Data>
          <Data name="telefono">
            <value>15-402-9970</value>
          </Data>
          <Data name="e_mail">
            <value/>
          </Data>
        </ExtendedData>
        <Point>
          <coordinates>
            -59.112788,-37.320076,0
          </coordinates>
        </Point>
      </Placemark>
      <Placemark>
        <name>Jardin Maternal Municipal Cocomiel</name>
        <description><![CDATA[institucion: Jardin Maternal Municipal Cocomiel<br>tipo_de_ge: Publica<br>direccion: 90 Rosello Santa Maria Josefa<br>Latitud: -37.34146<br>Longitud: -59.14962<br>telefono: 2494465014<br>e_mail: ]]></description>
        <styleUrl>#icon-1682-7CB342</styleUrl>
        <ExtendedData>
          <Data name="institucion">
            <value>Jardin Maternal Municipal Cocomiel</value>
          </Data>
          <Data name="tipo_de_ge">
            <value>Publica</value>
          </Data>
          <Data name="direccion">
            <value>90 Rosello Santa Maria Josefa</value>
          </Data>
          <Data name="Latitud">
            <value>-37.34146</value>
          </Data>
          <Data name="Longitud">
            <value>-59.14962</value>
          </Data>
          <Data name="telefono">
            <value>2494465014</value>
          </Data>
          <Data name="e_mail">
            <value/>
          </Data>
        </ExtendedData>
        <Point>
          <coordinates>
            -59.149625,-37.341461,0
          </coordinates>
        </Point>
      </Placemark>
      <Placemark>
        <name>Jardin Maternal Municipal Maria Teresa Díaz</name>
        <description><![CDATA[institucion: Jardin Maternal Municipal Maria Teresa Díaz<br>tipo_de_ge: Publica<br>direccion: Las Animas &amp; De la Canal<br>Latitud: -37.30059<br>Longitud: -59.16393<br>telefono: 2494549203<br>e_mail: ]]></description>
        <styleUrl>#icon-1682-7CB342</styleUrl>
        <ExtendedData>
          <Data name="institucion">
            <value>Jardin Maternal Municipal Maria Teresa Díaz</value>
          </Data>
          <Data name="tipo_de_ge">
            <value>Publica</value>
          </Data>
          <Data name="direccion">
            <value><![CDATA[Las Animas &amp; De la Canal]]></value>
          </Data>
          <Data name="Latitud">
            <value>-37.30059</value>
          </Data>
          <Data name="Longitud">
            <value>-59.16393</value>
          </Data>
          <Data name="telefono">
            <value>2494549203</value>
          </Data>
          <Data name="e_mail">
            <value/>
          </Data>
        </ExtendedData>
        <Point>
          <coordinates>
            -59.163936,-37.300592,0
          </coordinates>
        </Point>
      </Placemark>
      <Placemark>
        <name><![CDATA[Jardin de Infantes Chupetes &amp; Garabatos]]></name>
        <description><![CDATA[institucion: Jardin de Infantes Chupetes &amp; Garabatos<br>tipo_de_ge: Privada<br>direccion: 342 Belgrano Gral Manuel<br>Latitud: -37.3302<br>Longitud: -59.13852<br>telefono: 442-6034<br>e_mail: ]]></description>
        <styleUrl>#icon-1682-7CB342</styleUrl>
        <ExtendedData>
          <Data name="institucion">
            <value><![CDATA[Jardin de Infantes Chupetes &amp; Garabatos]]></value>
          </Data>
          <Data name="tipo_de_ge">
            <value>Privada</value>
          </Data>
          <Data name="direccion">
            <value>342 Belgrano Gral Manuel</value>
          </Data>
          <Data name="Latitud">
            <value>-37.3302</value>
          </Data>
          <Data name="Longitud">
            <value>-59.13852</value>
          </Data>
          <Data name="telefono">
            <value>442-6034</value>
          </Data>
          <Data name="e_mail">
            <value/>
          </Data>
        </ExtendedData>
        <Point>
          <coordinates>
            -59.138524,-37.330203,0
          </coordinates>
        </Point>
      </Placemark>
      <Placemark>
        <name>Jardin de Infantes Rural e Islas de Matricula Minima Nº 8 (JIRIMM) (rural)</name>
        <description><![CDATA[institucion: Jardin de Infantes Rural e Islas de Matricula Minima Nº 8 (JIRIMM) (rural)<br>tipo_de_ge: Publica<br>direccion: Ref Univ y Ruta 226 Km 163<br>Latitud: -37.32674<br>Longitud: -59.09108<br>telefono: 15 464 6108<br>e_mail: direccion_escuela8@yahoo.com.ar]]></description>
        <styleUrl>#icon-1682-7CB342</styleUrl>
        <ExtendedData>
          <Data name="institucion">
            <value>Jardin de Infantes Rural e Islas de Matricula Minima Nº 8 (JIRIMM) (rural)</value>
          </Data>
          <Data name="tipo_de_ge">
            <value>Publica</value>
          </Data>
          <Data name="direccion">
            <value>Ref Univ y Ruta 226 Km 163</value>
          </Data>
          <Data name="Latitud">
            <value>-37.32674</value>
          </Data>
          <Data name="Longitud">
            <value>-59.09108</value>
          </Data>
          <Data name="telefono">
            <value>15 464 6108</value>
          </Data>
          <Data name="e_mail">
            <value>direccion_escuela8@yahoo.com.ar</value>
          </Data>
        </ExtendedData>
        <Point>
          <coordinates>
            -59.091087,-37.326743,0
          </coordinates>
        </Point>
      </Placemark>
      <Placemark>
        <name>Jardin de Infantes Rural e Islas de Matricula Minima Nº 9 (JIRIMM) (rural) / Escuela de Educacion Primaria Nº 23 (rural)</name>
        <description><![CDATA[institucion: Jardin de Infantes Rural e Islas de Matricula Minima Nº 9 (JIRIMM) (rural) / Escuela de Educacion Primaria Nº 23 (rural)<br>tipo_de_ge: Publica<br>direccion: Estancia Iraola<br>Latitud: -37.25293<br>Longitud: -58.91779<br>telefono: 15 433 5647<br>e_mail: ]]></description>
        <styleUrl>#icon-1682-7CB342</styleUrl>
        <ExtendedData>
          <Data name="institucion">
            <value>Jardin de Infantes Rural e Islas de Matricula Minima Nº 9 (JIRIMM) (rural) / Escuela de Educacion Primaria Nº 23 (rural)</value>
          </Data>
          <Data name="tipo_de_ge">
            <value>Publica</value>
          </Data>
          <Data name="direccion">
            <value>Estancia Iraola</value>
          </Data>
          <Data name="Latitud">
            <value>-37.25293</value>
          </Data>
          <Data name="Longitud">
            <value>-58.91779</value>
          </Data>
          <Data name="telefono">
            <value>15 433 5647</value>
          </Data>
          <Data name="e_mail">
            <value/>
          </Data>
        </ExtendedData>
        <Point>
          <coordinates>
            -58.917795,-37.25293,0
          </coordinates>
        </Point>
      </Placemark>
      <Placemark>
        <name>Jardin Maternal Perez Esquivel</name>
        <description><![CDATA[institucion: Jardin Maternal Perez Esquivel<br>tipo_de_ge: Publica<br>direccion: Cuba &amp; Darragueira Carlos<br>Latitud: -37.30815<br>Longitud: -59.11411<br>telefono: 154-607961<br>e_mail: ]]></description>
        <styleUrl>#icon-1682-7CB342</styleUrl>
        <ExtendedData>
          <Data name="institucion">
            <value>Jardin Maternal Perez Esquivel</value>
          </Data>
          <Data name="tipo_de_ge">
            <value>Publica</value>
          </Data>
          <Data name="direccion">
            <value><![CDATA[Cuba &amp; Darragueira Carlos]]></value>
          </Data>
          <Data name="Latitud">
            <value>-37.30815</value>
          </Data>
          <Data name="Longitud">
            <value>-59.11411</value>
          </Data>
          <Data name="telefono">
            <value>154-607961</value>
          </Data>
          <Data name="e_mail">
            <value/>
          </Data>
        </ExtendedData>
        <Point>
          <coordinates>
            -59.114112,-37.308154,0
          </coordinates>
        </Point>
      </Placemark>
      <Placemark>
        <name>Jardin de Infantes Santa Cecilia</name>
        <description><![CDATA[institucion: Jardin de Infantes Santa Cecilia<br>tipo_de_ge: Privada<br>direccion: 980 Balbín Dr Ricardo, Av<br>Latitud: -37.315<br>Longitud: -59.12156<br>telefono: 444-7244 <br>e_mail: ]]></description>
        <styleUrl>#icon-1682-7CB342</styleUrl>
        <ExtendedData>
          <Data name="institucion">
            <value>Jardin de Infantes Santa Cecilia</value>
          </Data>
          <Data name="tipo_de_ge">
            <value>Privada</value>
          </Data>
          <Data name="direccion">
            <value>980 Balbín Dr Ricardo, Av</value>
          </Data>
          <Data name="Latitud">
            <value>-37.315</value>
          </Data>
          <Data name="Longitud">
            <value>-59.12156</value>
          </Data>
          <Data name="telefono">
            <value>444-7244 </value>
          </Data>
          <Data name="e_mail">
            <value/>
          </Data>
        </ExtendedData>
        <Point>
          <coordinates>
            -59.121563,-37.315002,0
          </coordinates>
        </Point>
      </Placemark>
      <Placemark>
        <name>Jardin de Infantes Santo Domingo</name>
        <description><![CDATA[institucion: Jardin de Infantes Santo Domingo<br>tipo_de_ge: Privada<br>direccion: 635 Pozos<br>Latitud: -37.32796<br>Longitud: -59.11122<br>telefono: 444-3056 <br>e_mail: ]]></description>
        <styleUrl>#icon-1682-7CB342</styleUrl>
        <ExtendedData>
          <Data name="institucion">
            <value>Jardin de Infantes Santo Domingo</value>
          </Data>
          <Data name="tipo_de_ge">
            <value>Privada</value>
          </Data>
          <Data name="direccion">
            <value>635 Pozos</value>
          </Data>
          <Data name="Latitud">
            <value>-37.32796</value>
          </Data>
          <Data name="Longitud">
            <value>-59.11122</value>
          </Data>
          <Data name="telefono">
            <value>444-3056 </value>
          </Data>
          <Data name="e_mail">
            <value/>
          </Data>
        </ExtendedData>
        <Point>
          <coordinates>
            -59.111225,-37.327962,0
          </coordinates>
        </Point>
      </Placemark>
      <Placemark>
        <name>Jardin de Infantes San Ignacio</name>
        <description><![CDATA[institucion: Jardin de Infantes San Ignacio<br>tipo_de_ge: Privada<br>direccion: 1661 Gardel Carlos<br>Latitud: -37.33007<br>Longitud: -59.1152<br>telefono: 442-4420 <br>e_mail: ]]></description>
        <styleUrl>#icon-1682-7CB342</styleUrl>
        <ExtendedData>
          <Data name="institucion">
            <value>Jardin de Infantes San Ignacio</value>
          </Data>
          <Data name="tipo_de_ge">
            <value>Privada</value>
          </Data>
          <Data name="direccion">
            <value>1661 Gardel Carlos</value>
          </Data>
          <Data name="Latitud">
            <value>-37.33007</value>
          </Data>
          <Data name="Longitud">
            <value>-59.1152</value>
          </Data>
          <Data name="telefono">
            <value>442-4420 </value>
          </Data>
          <Data name="e_mail">
            <value/>
          </Data>
        </ExtendedData>
        <Point>
          <coordinates>
            -59.115205,-37.330078,0
          </coordinates>
        </Point>
      </Placemark>
      <Placemark>
        <name>Jardin de Infantes Rural e Islas de Matricula Minima Nº 1(JIRIMM) (rural) / Escuela de Educacion Primaria Nº 18 (rural)</name>
        <description><![CDATA[institucion: Jardin de Infantes Rural e Islas de Matricula Minima Nº 1(JIRIMM) (rural) / Escuela de Educacion Primaria Nº 18 (rural)<br>tipo_de_ge: Publica<br>direccion: Pasaje "El Mosquito"<br>Latitud: -37.2971<br>Longitud: -58.9627<br>telefono: 15 450 3868<br>e_mail: ]]></description>
        <styleUrl>#icon-1682-AFB42B</styleUrl>
        <ExtendedData>
          <Data name="institucion">
            <value>Jardin de Infantes Rural e Islas de Matricula Minima Nº 1(JIRIMM) (rural) / Escuela de Educacion Primaria Nº 18 (rural)</value>
          </Data>
          <Data name="tipo_de_ge">
            <value>Publica</value>
          </Data>
          <Data name="direccion">
            <value><![CDATA[Pasaje "El Mosquito"]]></value>
          </Data>
          <Data name="Latitud">
            <value>-37.2971</value>
          </Data>
          <Data name="Longitud">
            <value>-58.9627</value>
          </Data>
          <Data name="telefono">
            <value>15 450 3868</value>
          </Data>
          <Data name="e_mail">
            <value/>
          </Data>
        </ExtendedData>
        <Point>
          <coordinates>
            -58.962708,-37.297104,0
          </coordinates>
        </Point>
      </Placemark>
      <Placemark>
        <name>Jardin de Infantes Rural e Islas de Matricula Minima Nº 2 (JIRIMM) (rural) / Escuela de Educacion Primaria Nº 64 (rural)</name>
        <description><![CDATA[institucion: Jardin de Infantes Rural e Islas de Matricula Minima Nº 2 (JIRIMM) (rural) / Escuela de Educacion Primaria Nº 64 (rural)<br>tipo_de_ge: Publica<br>direccion: Pasaje "Sta Teresa"<br>Latitud: -37.1618<br>Longitud: -59.18873<br>telefono: 15 431 4087<br>e_mail: ]]></description>
        <styleUrl>#icon-1682-AFB42B</styleUrl>
        <ExtendedData>
          <Data name="institucion">
            <value>Jardin de Infantes Rural e Islas de Matricula Minima Nº 2 (JIRIMM) (rural) / Escuela de Educacion Primaria Nº 64 (rural)</value>
          </Data>
          <Data name="tipo_de_ge">
            <value>Publica</value>
          </Data>
          <Data name="direccion">
            <value><![CDATA[Pasaje "Sta Teresa"]]></value>
          </Data>
          <Data name="Latitud">
            <value>-37.1618</value>
          </Data>
          <Data name="Longitud">
            <value>-59.18873</value>
          </Data>
          <Data name="telefono">
            <value>15 431 4087</value>
          </Data>
          <Data name="e_mail">
            <value/>
          </Data>
        </ExtendedData>
        <Point>
          <coordinates>
            -59.188735,-37.161803,0
          </coordinates>
        </Point>
      </Placemark>
      <Placemark>
        <name>Jardin de Infantes Rural e Islas de Matricula Minima Nº 3 (JIRIMM) (rural) / Escuela de Educacion Primaria Nº 38 (rural)</name>
        <description><![CDATA[institucion: Jardin de Infantes Rural e Islas de Matricula Minima Nº 3 (JIRIMM) (rural) / Escuela de Educacion Primaria Nº 38 (rural)<br>tipo_de_ge: Publica<br>direccion: Pasaje "San Antonio"<br>Latitud: -37.09748<br>Longitud: -59.31703<br>telefono: 15 459 6416<br>e_mail: ]]></description>
        <styleUrl>#icon-1682-AFB42B</styleUrl>
        <ExtendedData>
          <Data name="institucion">
            <value>Jardin de Infantes Rural e Islas de Matricula Minima Nº 3 (JIRIMM) (rural) / Escuela de Educacion Primaria Nº 38 (rural)</value>
          </Data>
          <Data name="tipo_de_ge">
            <value>Publica</value>
          </Data>
          <Data name="direccion">
            <value><![CDATA[Pasaje "San Antonio"]]></value>
          </Data>
          <Data name="Latitud">
            <value>-37.09748</value>
          </Data>
          <Data name="Longitud">
            <value>-59.31703</value>
          </Data>
          <Data name="telefono">
            <value>15 459 6416</value>
          </Data>
          <Data name="e_mail">
            <value/>
          </Data>
        </ExtendedData>
        <Point>
          <coordinates>
            -59.317038,-37.097485,0
          </coordinates>
        </Point>
      </Placemark>
      <Placemark>
        <name>Jardin de Infantes Rural e Islas de Matricula Minima Nº 7 (JIRIMM) (rural) / Escuela de Educacion Primaria Nº 65 (rural)</name>
        <description><![CDATA[institucion: Jardin de Infantes Rural e Islas de Matricula Minima Nº 7 (JIRIMM) (rural) / Escuela de Educacion Primaria Nº 65 (rural)<br>tipo_de_ge: Publica<br>direccion: Pasaje El Remanso 75 km<br>Latitud: -36.97339<br>Longitud: -59.29048<br>telefono: 15 469 4981 / 15 464 8269<br>e_mail: ]]></description>
        <styleUrl>#icon-1682-AFB42B</styleUrl>
        <ExtendedData>
          <Data name="institucion">
            <value>Jardin de Infantes Rural e Islas de Matricula Minima Nº 7 (JIRIMM) (rural) / Escuela de Educacion Primaria Nº 65 (rural)</value>
          </Data>
          <Data name="tipo_de_ge">
            <value>Publica</value>
          </Data>
          <Data name="direccion">
            <value>Pasaje El Remanso 75 km</value>
          </Data>
          <Data name="Latitud">
            <value>-36.97339</value>
          </Data>
          <Data name="Longitud">
            <value>-59.29048</value>
          </Data>
          <Data name="telefono">
            <value>15 469 4981 / 15 464 8269</value>
          </Data>
          <Data name="e_mail">
            <value/>
          </Data>
        </ExtendedData>
        <Point>
          <coordinates>
            -59.290489,-36.973397,0
          </coordinates>
        </Point>
      </Placemark>
      <Placemark>
        <name>Jardin de Infantes Rural e Islas de Matricula Minima Nº 12 (JIRIMM) (rural) / Escuela de Educacion Primaria Nº 30 (rural)</name>
        <description><![CDATA[institucion: Jardin de Infantes Rural e Islas de Matricula Minima Nº 12 (JIRIMM) (rural) / Escuela de Educacion Primaria Nº 30 (rural)<br>tipo_de_ge: Publica<br>direccion: Pasaje La Pastora 36 km<br>Latitud: -37.15058<br>Longitud: ,-59.37689<br>telefono: 15 459 1742 / 154 448 3916<br>e_mail: ]]></description>
        <styleUrl>#icon-1682-AFB42B</styleUrl>
        <ExtendedData>
          <Data name="institucion">
            <value>Jardin de Infantes Rural e Islas de Matricula Minima Nº 12 (JIRIMM) (rural) / Escuela de Educacion Primaria Nº 30 (rural)</value>
          </Data>
          <Data name="tipo_de_ge">
            <value>Publica</value>
          </Data>
          <Data name="direccion">
            <value>Pasaje La Pastora 36 km</value>
          </Data>
          <Data name="Latitud">
            <value>-37.15058</value>
          </Data>
          <Data name="Longitud">
            <value>,-59.37689</value>
          </Data>
          <Data name="telefono">
            <value>15 459 1742 / 154 448 3916</value>
          </Data>
          <Data name="e_mail">
            <value/>
          </Data>
        </ExtendedData>
        <Point>
          <coordinates>
            -59.376897,-37.150585,0
          </coordinates>
        </Point>
      </Placemark>
      <Placemark>
        <name>Jardin de Infantes Rural e Islas de Matricula Minima Nº 11 (JIRIMM) (rural) / Escuela de Educacion Primaria Nº 48 (rural)</name>
        <description><![CDATA[institucion: Jardin de Infantes Rural e Islas de Matricula Minima Nº 11 (JIRIMM) (rural) / Escuela de Educacion Primaria Nº 48 (rural)<br>tipo_de_ge: Publica<br>direccion: Pasaje "Los Huesos" Km 45<br>Latitud: -37.06703<br>Longitud: -59.49555<br>telefono: 15 464 5012 / 15 448 3939<br>e_mail: ]]></description>
        <styleUrl>#icon-1682-AFB42B</styleUrl>
        <ExtendedData>
          <Data name="institucion">
            <value>Jardin de Infantes Rural e Islas de Matricula Minima Nº 11 (JIRIMM) (rural) / Escuela de Educacion Primaria Nº 48 (rural)</value>
          </Data>
          <Data name="tipo_de_ge">
            <value>Publica</value>
          </Data>
          <Data name="direccion">
            <value><![CDATA[Pasaje "Los Huesos" Km 45]]></value>
          </Data>
          <Data name="Latitud">
            <value>-37.06703</value>
          </Data>
          <Data name="Longitud">
            <value>-59.49555</value>
          </Data>
          <Data name="telefono">
            <value>15 464 5012 / 15 448 3939</value>
          </Data>
          <Data name="e_mail">
            <value/>
          </Data>
        </ExtendedData>
        <Point>
          <coordinates>
            -59.495552,-37.067037,0
          </coordinates>
        </Point>
      </Placemark>
      <Placemark>
        <name>Jardin de Infantes Rural e Islas de Matricula Minima Nº 10 (JIRIMM) (rural)</name>
        <description><![CDATA[institucion: Jardin de Infantes Rural e Islas de Matricula Minima Nº 10 (JIRIMM) (rural)<br>tipo_de_ge: Publica<br>direccion: Pje La Pesquería 60 km (Revisar)<br>Latitud: -37.54839<br>Longitud: -58.97144<br>telefono: 15 464 2664<br>e_mail: ]]></description>
        <styleUrl>#icon-1682-AFB42B</styleUrl>
        <ExtendedData>
          <Data name="institucion">
            <value>Jardin de Infantes Rural e Islas de Matricula Minima Nº 10 (JIRIMM) (rural)</value>
          </Data>
          <Data name="tipo_de_ge">
            <value>Publica</value>
          </Data>
          <Data name="direccion">
            <value>Pje La Pesquería 60 km (Revisar)</value>
          </Data>
          <Data name="Latitud">
            <value>-37.54839</value>
          </Data>
          <Data name="Longitud">
            <value>-58.97144</value>
          </Data>
          <Data name="telefono">
            <value>15 464 2664</value>
          </Data>
          <Data name="e_mail">
            <value/>
          </Data>
        </ExtendedData>
        <Point>
          <coordinates>
            -58.971442,-37.548398,0
          </coordinates>
        </Point>
      </Placemark>
      <Placemark>
        <name>Jardin de Infantes Rural e Islas de Matricula Minima Nº 4 (JIRIMM) (rural) / Escuela de Educacion Primaria Nº 33 (rural)</name>
        <description><![CDATA[institucion: Jardin de Infantes Rural e Islas de Matricula Minima Nº 4 (JIRIMM) (rural) / Escuela de Educacion Primaria Nº 33 (rural)<br>tipo_de_ge: Publica<br>direccion: La Porteña Ruta 30 Km 122<br>Latitud: -37.34737<br>Longitud: -59.2016<br>telefono: 15 464 7598<br>e_mail: ]]></description>
        <styleUrl>#icon-1682-AFB42B</styleUrl>
        <ExtendedData>
          <Data name="institucion">
            <value>Jardin de Infantes Rural e Islas de Matricula Minima Nº 4 (JIRIMM) (rural) / Escuela de Educacion Primaria Nº 33 (rural)</value>
          </Data>
          <Data name="tipo_de_ge">
            <value>Publica</value>
          </Data>
          <Data name="direccion">
            <value>La Porteña Ruta 30 Km 122</value>
          </Data>
          <Data name="Latitud">
            <value>-37.34737</value>
          </Data>
          <Data name="Longitud">
            <value>-59.2016</value>
          </Data>
          <Data name="telefono">
            <value>15 464 7598</value>
          </Data>
          <Data name="e_mail">
            <value/>
          </Data>
        </ExtendedData>
        <Point>
          <coordinates>
            -59.201601,-37.34737,0
          </coordinates>
        </Point>
      </Placemark>
      <Placemark>
        <name>Jardin de Infantes Rural e Islas de Matricula Minima Nº 6 (JIRIMM) (rural) / Escuela de Educacion Primaria Nº 17 (rural)</name>
        <description><![CDATA[institucion: Jardin de Infantes Rural e Islas de Matricula Minima Nº 6 (JIRIMM) (rural) / Escuela de Educacion Primaria Nº 17 (rural)<br>tipo_de_ge: Publica<br>direccion: Pasaje "Las Numancias" Km 62<br>Latitud: -37.72162<br>Longitud: -59.09942<br>telefono: 15 435 9386 / 15 448 3892<br>e_mail: ]]></description>
        <styleUrl>#icon-1682-AFB42B</styleUrl>
        <ExtendedData>
          <Data name="institucion">
            <value>Jardin de Infantes Rural e Islas de Matricula Minima Nº 6 (JIRIMM) (rural) / Escuela de Educacion Primaria Nº 17 (rural)</value>
          </Data>
          <Data name="tipo_de_ge">
            <value>Publica</value>
          </Data>
          <Data name="direccion">
            <value><![CDATA[Pasaje "Las Numancias" Km 62]]></value>
          </Data>
          <Data name="Latitud">
            <value>-37.72162</value>
          </Data>
          <Data name="Longitud">
            <value>-59.09942</value>
          </Data>
          <Data name="telefono">
            <value>15 435 9386 / 15 448 3892</value>
          </Data>
          <Data name="e_mail">
            <value/>
          </Data>
        </ExtendedData>
        <Point>
          <coordinates>
            -59.099429,-37.721627,0
          </coordinates>
        </Point>
      </Placemark>
      <Placemark>
        <name>Jardin de Infantes Rural e Islas de Matricula Minima Nº 5 (JIRIMM) (rural) / Escuela de Educacion Primaria Nº 29 (rural)</name>
        <description><![CDATA[institucion: Jardin de Infantes Rural e Islas de Matricula Minima Nº 5 (JIRIMM) (rural) / Escuela de Educacion Primaria Nº 29 (rural)<br>tipo_de_ge: Publica<br>direccion: Desvío Aguirre Km 16<br>Latitud: -37.35327<br>Longitud: -59.00049<br>telefono: 15 446 9147 /15 448 3910<br>e_mail: ]]></description>
        <styleUrl>#icon-1682-AFB42B</styleUrl>
        <ExtendedData>
          <Data name="institucion">
            <value>Jardin de Infantes Rural e Islas de Matricula Minima Nº 5 (JIRIMM) (rural) / Escuela de Educacion Primaria Nº 29 (rural)</value>
          </Data>
          <Data name="tipo_de_ge">
            <value>Publica</value>
          </Data>
          <Data name="direccion">
            <value>Desvío Aguirre Km 16</value>
          </Data>
          <Data name="Latitud">
            <value>-37.35327</value>
          </Data>
          <Data name="Longitud">
            <value>-59.00049</value>
          </Data>
          <Data name="telefono">
            <value>15 446 9147 /15 448 3910</value>
          </Data>
          <Data name="e_mail">
            <value/>
          </Data>
        </ExtendedData>
        <Point>
          <coordinates>
            -59.000498,-37.353276,0
          </coordinates>
        </Point>
      </Placemark>
      <Placemark>
        <name>Jardin de Infantes Sagrada Familia</name>
        <description><![CDATA[institucion: Jardin de Infantes Sagrada Familia<br>tipo_de_ge: Privada<br>direccion: 684 Paz Gral Jose Maria<br>Latitud: -37.32368<br>Longitud: -59.13291<br>telefono: 442-3233 / 4446917<br>e_mail: ]]></description>
        <styleUrl>#icon-1682-7CB342</styleUrl>
        <ExtendedData>
          <Data name="institucion">
            <value>Jardin de Infantes Sagrada Familia</value>
          </Data>
          <Data name="tipo_de_ge">
            <value>Privada</value>
          </Data>
          <Data name="direccion">
            <value>684 Paz Gral Jose Maria</value>
          </Data>
          <Data name="Latitud">
            <value>-37.32368</value>
          </Data>
          <Data name="Longitud">
            <value>-59.13291</value>
          </Data>
          <Data name="telefono">
            <value>442-3233 / 4446917</value>
          </Data>
          <Data name="e_mail">
            <value/>
          </Data>
        </ExtendedData>
        <Point>
          <coordinates>
            -59.132918,-37.323681,0
          </coordinates>
        </Point>
      </Placemark>
      <Placemark>
        <name>Jardín de Infantes Salta Violeta</name>
        <description><![CDATA[institucion: Jardín de Infantes Salta Violeta<br>tipo_de_ge: Privada<br>direccion: 416 Chacabuco<br>Latitud: -37.32958<br>Longitud: -59.13784<br>telefono: 442-2372<br>e_mail: ]]></description>
        <styleUrl>#icon-1682-7CB342</styleUrl>
        <ExtendedData>
          <Data name="institucion">
            <value>Jardín de Infantes Salta Violeta</value>
          </Data>
          <Data name="tipo_de_ge">
            <value>Privada</value>
          </Data>
          <Data name="direccion">
            <value>416 Chacabuco</value>
          </Data>
          <Data name="Latitud">
            <value>-37.32958</value>
          </Data>
          <Data name="Longitud">
            <value>-59.13784</value>
          </Data>
          <Data name="telefono">
            <value>442-2372</value>
          </Data>
          <Data name="e_mail">
            <value/>
          </Data>
        </ExtendedData>
        <Point>
          <coordinates>
            -59.137841,-37.329583,0
          </coordinates>
        </Point>
      </Placemark>
      <Placemark>
        <name>Jardin de Infantes San Francisco de Asis</name>
        <description><![CDATA[institucion: Jardin de Infantes San Francisco de Asis<br>tipo_de_ge: Privada<br>direccion: 1703 Palacios Alfredo L<br>Latitud: -37.3108<br>Longitud: -59.10832<br>telefono: 443-1937 <br>e_mail: ]]></description>
        <styleUrl>#icon-1682-7CB342</styleUrl>
        <ExtendedData>
          <Data name="institucion">
            <value>Jardin de Infantes San Francisco de Asis</value>
          </Data>
          <Data name="tipo_de_ge">
            <value>Privada</value>
          </Data>
          <Data name="direccion">
            <value>1703 Palacios Alfredo L</value>
          </Data>
          <Data name="Latitud">
            <value>-37.3108</value>
          </Data>
          <Data name="Longitud">
            <value>-59.10832</value>
          </Data>
          <Data name="telefono">
            <value>443-1937 </value>
          </Data>
          <Data name="e_mail">
            <value/>
          </Data>
        </ExtendedData>
        <Point>
          <coordinates>
            -59.108324,-37.310806,0
          </coordinates>
        </Point>
      </Placemark>
      <Placemark>
        <name>Jardin de Infantes San Jose</name>
        <description><![CDATA[institucion: Jardin de Infantes San Jose<br>tipo_de_ge: Privada<br>direccion: 450 Maipu<br>Latitud: -37.33081<br>Longitud: -59.13638<br>telefono: 442-5324 <br>e_mail: ]]></description>
        <styleUrl>#icon-1682-7CB342</styleUrl>
        <ExtendedData>
          <Data name="institucion">
            <value>Jardin de Infantes San Jose</value>
          </Data>
          <Data name="tipo_de_ge">
            <value>Privada</value>
          </Data>
          <Data name="direccion">
            <value>450 Maipu</value>
          </Data>
          <Data name="Latitud">
            <value>-37.33081</value>
          </Data>
          <Data name="Longitud">
            <value>-59.13638</value>
          </Data>
          <Data name="telefono">
            <value>442-5324 </value>
          </Data>
          <Data name="e_mail">
            <value/>
          </Data>
        </ExtendedData>
        <Point>
          <coordinates>
            -59.136383,-37.33081,0
          </coordinates>
        </Point>
      </Placemark>
      <Placemark>
        <name>Jardin de Infantes Trompita</name>
        <description><![CDATA[institucion: Jardin de Infantes Trompita<br>tipo_de_ge: Privada<br>direccion: 1089 Irigoyen Hipolito<br>Latitud: -37.32098<br>Longitud: -59.14148<br>telefono: <br>e_mail: ]]></description>
        <styleUrl>#icon-1682-7CB342</styleUrl>
        <ExtendedData>
          <Data name="institucion">
            <value>Jardin de Infantes Trompita</value>
          </Data>
          <Data name="tipo_de_ge">
            <value>Privada</value>
          </Data>
          <Data name="direccion">
            <value>1089 Irigoyen Hipolito</value>
          </Data>
          <Data name="Latitud">
            <value>-37.32098</value>
          </Data>
          <Data name="Longitud">
            <value>-59.14148</value>
          </Data>
          <Data name="telefono">
            <value/>
          </Data>
          <Data name="e_mail">
            <value/>
          </Data>
        </ExtendedData>
        <Point>
          <coordinates>
            -59.141484,-37.320986,0
          </coordinates>
        </Point>
      </Placemark>
      <Placemark>
        <name>Jardin de Infantes Virgen de Begoña</name>
        <description><![CDATA[institucion: Jardin de Infantes Virgen de Begoña<br>tipo_de_ge: Privada<br>direccion: 754 Saenz Peña Roque<br>Latitud: -37.30411<br>Longitud: -59.14233<br>telefono: 444-6065 <br>e_mail: ]]></description>
        <styleUrl>#icon-1682-7CB342</styleUrl>
        <ExtendedData>
          <Data name="institucion">
            <value>Jardin de Infantes Virgen de Begoña</value>
          </Data>
          <Data name="tipo_de_ge">
            <value>Privada</value>
          </Data>
          <Data name="direccion">
            <value>754 Saenz Peña Roque</value>
          </Data>
          <Data name="Latitud">
            <value>-37.30411</value>
          </Data>
          <Data name="Longitud">
            <value>-59.14233</value>
          </Data>
          <Data name="telefono">
            <value>444-6065 </value>
          </Data>
          <Data name="e_mail">
            <value/>
          </Data>
        </ExtendedData>
        <Point>
          <coordinates>
            -59.142332,-37.304111,0
          </coordinates>
        </Point>
      </Placemark>
    </Folder>
    <Folder>
      <name>Educación Especial</name>
      <Placemark>
        <name>Escuela de Educacion Especial N° 501</name>
        <description><![CDATA[institucion: Escuela de Educacion Especial N° 501<br>tipo_de_ge: Publica<br>direccion: 161 Lamadrid Georgio Araoz<br>Latitud: -37.33362<br>Longitud: -59.12704<br>telefono: 442-8084<br>e_mail: ]]></description>
        <styleUrl>#icon-1682-F57C00</styleUrl>
        <ExtendedData>
          <Data name="institucion">
            <value>Escuela de Educacion Especial N° 501</value>
          </Data>
          <Data name="tipo_de_ge">
            <value>Publica</value>
          </Data>
          <Data name="direccion">
            <value>161 Lamadrid Georgio Araoz</value>
          </Data>
          <Data name="Latitud">
            <value>-37.33362</value>
          </Data>
          <Data name="Longitud">
            <value>-59.12704</value>
          </Data>
          <Data name="telefono">
            <value>442-8084</value>
          </Data>
          <Data name="e_mail">
            <value/>
          </Data>
        </ExtendedData>
        <Point>
          <coordinates>
            -59.127041,-37.333624,0
          </coordinates>
        </Point>
      </Placemark>
      <Placemark>
        <name>Escuela de Educacion Especial N° 502</name>
        <description><![CDATA[institucion: Escuela de Educacion Especial N° 502<br>tipo_de_ge: Publica<br>direccion: 441 9 de Julio<br>Latitud: -37.32776<br>Longitud: -59.13405<br>telefono: 443-3720<br>e_mail: ]]></description>
        <styleUrl>#icon-1682-F57C00</styleUrl>
        <ExtendedData>
          <Data name="institucion">
            <value>Escuela de Educacion Especial N° 502</value>
          </Data>
          <Data name="tipo_de_ge">
            <value>Publica</value>
          </Data>
          <Data name="direccion">
            <value>441 9 de Julio</value>
          </Data>
          <Data name="Latitud">
            <value>-37.32776</value>
          </Data>
          <Data name="Longitud">
            <value>-59.13405</value>
          </Data>
          <Data name="telefono">
            <value>443-3720</value>
          </Data>
          <Data name="e_mail">
            <value/>
          </Data>
        </ExtendedData>
        <Point>
          <coordinates>
            -59.134059,-37.327764,0
          </coordinates>
        </Point>
      </Placemark>
      <Placemark>
        <name>Escuela de Educacion Especial N° 503</name>
        <description><![CDATA[institucion: Escuela de Educacion Especial N° 503<br>tipo_de_ge: Publica<br>direccion: 782 San Lorenzo<br>Latitud: -37.32625<br>Longitud: -59.14341<br>telefono: 443-4121<br>e_mail: ]]></description>
        <styleUrl>#icon-1682-F57C00</styleUrl>
        <ExtendedData>
          <Data name="institucion">
            <value>Escuela de Educacion Especial N° 503</value>
          </Data>
          <Data name="tipo_de_ge">
            <value>Publica</value>
          </Data>
          <Data name="direccion">
            <value>782 San Lorenzo</value>
          </Data>
          <Data name="Latitud">
            <value>-37.32625</value>
          </Data>
          <Data name="Longitud">
            <value>-59.14341</value>
          </Data>
          <Data name="telefono">
            <value>443-4121</value>
          </Data>
          <Data name="e_mail">
            <value/>
          </Data>
        </ExtendedData>
        <Point>
          <coordinates>
            -59.143419,-37.326259,0
          </coordinates>
        </Point>
      </Placemark>
      <Placemark>
        <name>Escuela de Educacion Especial N° 504</name>
        <description><![CDATA[institucion: Escuela de Educacion Especial N° 504<br>tipo_de_ge: Publica<br>direccion: 2200 Nigro Juan<br>Latitud: -37.29432<br>Longitud: -59.11771<br>telefono: 443-4805<br>e_mail: ]]></description>
        <styleUrl>#icon-1682-F57C00</styleUrl>
        <ExtendedData>
          <Data name="institucion">
            <value>Escuela de Educacion Especial N° 504</value>
          </Data>
          <Data name="tipo_de_ge">
            <value>Publica</value>
          </Data>
          <Data name="direccion">
            <value>2200 Nigro Juan</value>
          </Data>
          <Data name="Latitud">
            <value>-37.29432</value>
          </Data>
          <Data name="Longitud">
            <value>-59.11771</value>
          </Data>
          <Data name="telefono">
            <value>443-4805</value>
          </Data>
          <Data name="e_mail">
            <value/>
          </Data>
        </ExtendedData>
        <Point>
          <coordinates>
            -59.11772,-37.294327,0
          </coordinates>
        </Point>
      </Placemark>
      <Placemark>
        <name>Colegio Especial con Estimulacion Temprana N°1</name>
        <description><![CDATA[institucion: Colegio Especial con Estimulacion Temprana N°1<br>tipo_de_ge: Publica<br>direccion: 743 Garibaldi Jose<br>Latitud: -37.32074<br>Longitud: -59.13746<br>telefono: <br>e_mail: ]]></description>
        <styleUrl>#icon-1682-F57C00</styleUrl>
        <ExtendedData>
          <Data name="institucion">
            <value>Colegio Especial con Estimulacion Temprana N°1</value>
          </Data>
          <Data name="tipo_de_ge">
            <value>Publica</value>
          </Data>
          <Data name="direccion">
            <value>743 Garibaldi Jose</value>
          </Data>
          <Data name="Latitud">
            <value>-37.32074</value>
          </Data>
          <Data name="Longitud">
            <value>-59.13746</value>
          </Data>
          <Data name="telefono">
            <value/>
          </Data>
          <Data name="e_mail">
            <value/>
          </Data>
        </ExtendedData>
        <Point>
          <coordinates>
            -59.137467,-37.320744,0
          </coordinates>
        </Point>
      </Placemark>
    </Folder>
    <Folder>
      <name>Educación Terciaria</name>
      <Placemark>
        <name>Instituto Superior de Formacion Docente Tecnica Nº 75</name>
        <description><![CDATA[institucion: Instituto Superior de Formacion Docente  Tecnica Nº 75<br>tipo_de_ge: Publica<br>direccion: 2700 Aeronautica Argentina<br>Latitud: -37.28701<br>Longitud: -59.11547<br>telefono: 442-3254 / 442-3837<br>e_mail: ]]></description>
        <styleUrl>#icon-1726-C2185B</styleUrl>
        <ExtendedData>
          <Data name="institucion">
            <value>Instituto Superior de Formacion Docente  Tecnica Nº 75</value>
          </Data>
          <Data name="tipo_de_ge">
            <value>Publica</value>
          </Data>
          <Data name="direccion">
            <value>2700 Aeronautica Argentina</value>
          </Data>
          <Data name="Latitud">
            <value>-37.28701</value>
          </Data>
          <Data name="Longitud">
            <value>-59.11547</value>
          </Data>
          <Data name="telefono">
            <value>442-3254 / 442-3837</value>
          </Data>
          <Data name="e_mail">
            <value/>
          </Data>
        </ExtendedData>
        <Point>
          <coordinates>
            -59.115473,-37.287015,0
          </coordinates>
        </Point>
      </Placemark>
      <Placemark>
        <name>Insituto Superior de Formación Tecnica AMEMT</name>
        <description><![CDATA[institucion: Insituto Superior de Formación Tecnica AMEMT<br>tipo_de_ge: Privada<br>direccion: 1135 Las Heras Gral Juan Gregorio de<br>Latitud: -37.31728<br>Longitud: -59.13223<br>telefono: <br>e_mail: ]]></description>
        <styleUrl>#icon-1726-C2185B</styleUrl>
        <ExtendedData>
          <Data name="institucion">
            <value>Insituto Superior de Formación Tecnica AMEMT</value>
          </Data>
          <Data name="tipo_de_ge">
            <value>Privada</value>
          </Data>
          <Data name="direccion">
            <value>1135 Las Heras Gral Juan Gregorio de</value>
          </Data>
          <Data name="Latitud">
            <value>-37.31728</value>
          </Data>
          <Data name="Longitud">
            <value>-59.13223</value>
          </Data>
          <Data name="telefono">
            <value/>
          </Data>
          <Data name="e_mail">
            <value/>
          </Data>
        </ExtendedData>
        <Point>
          <coordinates>
            -59.132238,-37.317284,0
          </coordinates>
        </Point>
      </Placemark>
      <Placemark>
        <name>Instituto Superior de Formacion Docente Técnica Nº10</name>
        <description><![CDATA[institucion: Instituto Superior de Formacion Docente Técnica Nº10<br>tipo_de_ge: Publica<br>direccion: 1610 Belgrano Gral Manuel<br>Latitud: -37.32321<br>Longitud: -59.12012<br>telefono: 444-0637<br>e_mail: ]]></description>
        <styleUrl>#icon-1726-C2185B</styleUrl>
        <ExtendedData>
          <Data name="institucion">
            <value>Instituto Superior de Formacion Docente Técnica Nº10</value>
          </Data>
          <Data name="tipo_de_ge">
            <value>Publica</value>
          </Data>
          <Data name="direccion">
            <value>1610 Belgrano Gral Manuel</value>
          </Data>
          <Data name="Latitud">
            <value>-37.32321</value>
          </Data>
          <Data name="Longitud">
            <value>-59.12012</value>
          </Data>
          <Data name="telefono">
            <value>444-0637</value>
          </Data>
          <Data name="e_mail">
            <value/>
          </Data>
        </ExtendedData>
        <Point>
          <coordinates>
            -59.120128,-37.323213,0
          </coordinates>
        </Point>
      </Placemark>
    </Folder>
    <Folder>
      <name>Escuelas Municipales</name>
      <Placemark>
        <name>Conservatorio de Musica Isaias Orbe</name>
        <description><![CDATA[institucion: Conservatorio de Musica Isaias Orbe<br>tipo_de_ge: Publica<br>direccion: 745 Belgrano Gral Manuel<br>Latitud: -37.31191<br>Longitud: -59.14098<br>telefono: 442-3874<br>e_mail: ]]></description>
        <styleUrl>#icon-1726-C2185B</styleUrl>
        <ExtendedData>
          <Data name="institucion">
            <value>Conservatorio de Musica Isaias Orbe</value>
          </Data>
          <Data name="tipo_de_ge">
            <value>Publica</value>
          </Data>
          <Data name="direccion">
            <value>745 Belgrano Gral Manuel</value>
          </Data>
          <Data name="Latitud">
            <value>-37.31191</value>
          </Data>
          <Data name="Longitud">
            <value>-59.14098</value>
          </Data>
          <Data name="telefono">
            <value>442-3874</value>
          </Data>
          <Data name="e_mail">
            <value/>
          </Data>
        </ExtendedData>
        <Point>
          <coordinates>
            -59.14098,-37.311911,0
          </coordinates>
        </Point>
      </Placemark>
      <Placemark>
        <name><![CDATA[Escuela Municipal de Artes & Oficios "Ernesto Valor"]]></name>
        <description><![CDATA[institucion: Escuela Municipal de Artes &amp; Oficios "Ernesto Valor"<br>tipo_de_ge: Publica<br>direccion: 568 Quintana Manuel<br>Latitud: -37.30764<br>Longitud: -59.14243<br>telefono: 4453203<br>e_mail: ]]></description>
        <styleUrl>#icon-1726-C2185B</styleUrl>
        <ExtendedData>
          <Data name="institucion">
            <value><![CDATA[Escuela Municipal de Artes &amp; Oficios "Ernesto Valor"]]></value>
          </Data>
          <Data name="tipo_de_ge">
            <value>Publica</value>
          </Data>
          <Data name="direccion">
            <value>568 Quintana Manuel</value>
          </Data>
          <Data name="Latitud">
            <value>-37.30764</value>
          </Data>
          <Data name="Longitud">
            <value>-59.14243</value>
          </Data>
          <Data name="telefono">
            <value>4453203</value>
          </Data>
          <Data name="e_mail">
            <value/>
          </Data>
        </ExtendedData>
        <Point>
          <coordinates>
            -59.142433,-37.307648,0
          </coordinates>
        </Point>
      </Placemark>
      <Placemark>
        <name><![CDATA[Escuela Municipal de Artes Visuales " Vicente Seritti"]]></name>
        <description><![CDATA[institucion: Escuela Municipal de Artes Visuales " Vicente Seritti"<br>tipo_de_ge: Publica<br>direccion: 292 9 de Julio<br>Latitud: -37.32962<br>Longitud: -59.13295<br>telefono: 2494464513<br>e_mail: ]]></description>
        <styleUrl>#icon-1726-C2185B</styleUrl>
        <ExtendedData>
          <Data name="institucion">
            <value><![CDATA[Escuela Municipal de Artes Visuales " Vicente Seritti"]]></value>
          </Data>
          <Data name="tipo_de_ge">
            <value>Publica</value>
          </Data>
          <Data name="direccion">
            <value>292 9 de Julio</value>
          </Data>
          <Data name="Latitud">
            <value>-37.32962</value>
          </Data>
          <Data name="Longitud">
            <value>-59.13295</value>
          </Data>
          <Data name="telefono">
            <value>2494464513</value>
          </Data>
          <Data name="e_mail">
            <value/>
          </Data>
        </ExtendedData>
        <Point>
          <coordinates>
            -59.132956,-37.329628,0
          </coordinates>
        </Point>
      </Placemark>
      <Placemark>
        <name>Escuela Municipal de Danzas</name>
        <description><![CDATA[institucion: Escuela Municipal de Danzas<br>tipo_de_ge: Publica<br>direccion: 329 Rodriguez Gral Martin<br>Latitud: -37.32675<br>Longitud: -59.13288<br>telefono: 443-2049 al 53 interno 1172<br>e_mail: ]]></description>
        <styleUrl>#icon-1726-C2185B</styleUrl>
        <ExtendedData>
          <Data name="institucion">
            <value>Escuela Municipal de Danzas</value>
          </Data>
          <Data name="tipo_de_ge">
            <value>Publica</value>
          </Data>
          <Data name="direccion">
            <value>329 Rodriguez Gral Martin</value>
          </Data>
          <Data name="Latitud">
            <value>-37.32675</value>
          </Data>
          <Data name="Longitud">
            <value>-59.13288</value>
          </Data>
          <Data name="telefono">
            <value>443-2049 al 53 interno 1172</value>
          </Data>
          <Data name="e_mail">
            <value/>
          </Data>
        </ExtendedData>
        <Point>
          <coordinates>
            -59.132885,-37.326752,0
          </coordinates>
        </Point>
      </Placemark>
      <Placemark>
        <name>Escuela Municial de Idiomas</name>
        <description><![CDATA[institucion: Escuela Municial de Idiomas<br>tipo_de_ge: Publica<br>direccion: 1205 9 de julio<br>Latitud: -37.31853<br>Longitud: -59.13953<br>telefono: 2494460593<br>e_mail: ]]></description>
        <styleUrl>#icon-1726-C2185B</styleUrl>
        <ExtendedData>
          <Data name="institucion">
            <value>Escuela Municial de Idiomas</value>
          </Data>
          <Data name="tipo_de_ge">
            <value>Publica</value>
          </Data>
          <Data name="direccion">
            <value>1205 9 de julio</value>
          </Data>
          <Data name="Latitud">
            <value>-37.31853</value>
          </Data>
          <Data name="Longitud">
            <value>-59.13953</value>
          </Data>
          <Data name="telefono">
            <value>2494460593</value>
          </Data>
          <Data name="e_mail">
            <value/>
          </Data>
        </ExtendedData>
        <Point>
          <coordinates>
            -59.139535,-37.318532,0
          </coordinates>
        </Point>
      </Placemark>
      <Placemark>
        <name>Escuela Municipal de Musica Popular</name>
        <description><![CDATA[institucion: Escuela Municipal de Musica Popular<br>tipo_de_ge: Publica<br>direccion: 835 Del Valle Aristobulo Av<br>Latitud: -37.32972<br>Longitud: -59.13467<br>telefono: 4446957<br>e_mail: ]]></description>
        <styleUrl>#icon-1726-C2185B</styleUrl>
        <ExtendedData>
          <Data name="institucion">
            <value>Escuela Municipal de Musica Popular</value>
          </Data>
          <Data name="tipo_de_ge">
            <value>Publica</value>
          </Data>
          <Data name="direccion">
            <value>835 Del Valle Aristobulo Av</value>
          </Data>
          <Data name="Latitud">
            <value>-37.32972</value>
          </Data>
          <Data name="Longitud">
            <value>-59.13467</value>
          </Data>
          <Data name="telefono">
            <value>4446957</value>
          </Data>
          <Data name="e_mail">
            <value/>
          </Data>
        </ExtendedData>
        <Point>
          <coordinates>
            -59.134679,-37.329726,0
          </coordinates>
        </Point>
      </Placemark>
      <Placemark>
        <name>Escuela Municipal de Teatro</name>
        <description><![CDATA[institucion: Escuela Municipal de Teatro<br>tipo_de_ge: Publica<br>direccion: 1155 Brandsen, Cnel<br>Latitud: -37.3269<br>Longitud: -59.13634<br>telefono: 2494664012<br>e_mail: ]]></description>
        <styleUrl>#icon-1726-C2185B</styleUrl>
        <ExtendedData>
          <Data name="institucion">
            <value>Escuela Municipal de Teatro</value>
          </Data>
          <Data name="tipo_de_ge">
            <value>Publica</value>
          </Data>
          <Data name="direccion">
            <value>1155 Brandsen, Cnel</value>
          </Data>
          <Data name="Latitud">
            <value>-37.3269</value>
          </Data>
          <Data name="Longitud">
            <value>-59.13634</value>
          </Data>
          <Data name="telefono">
            <value>2494664012</value>
          </Data>
          <Data name="e_mail">
            <value/>
          </Data>
        </ExtendedData>
        <Point>
          <coordinates>
            -59.136346,-37.326901,0
          </coordinates>
        </Point>
      </Placemark>
    </Folder>
    <Folder>
      <name>Establecimientos Educativos</name>
      <Placemark>
        <name>Anexo 3131</name>
        <description><![CDATA[institucion: Anexo 3131<br>tipo_de_ge: Publica<br>direccion: Anexo Chapaleofú y Pujol (pje El Molino)<br>Latitud: -37.2817<br>Longitud: -59.12793<br>telefono: 154483887<br>e_mail: ]]></description>
        <styleUrl>#icon-1682-0F9D58</styleUrl>
        <ExtendedData>
          <Data name="institucion">
            <value>Anexo 3131</value>
          </Data>
          <Data name="tipo_de_ge">
            <value>Publica</value>
          </Data>
          <Data name="direccion">
            <value>Anexo Chapaleofú y Pujol (pje El Molino)</value>
          </Data>
          <Data name="Latitud">
            <value>-37.2817</value>
          </Data>
          <Data name="Longitud">
            <value>-59.12793</value>
          </Data>
          <Data name="telefono">
            <value>154483887</value>
          </Data>
          <Data name="e_mail">
            <value/>
          </Data>
        </ExtendedData>
        <Point>
          <coordinates>
            -59.127938,-37.281709,0
          </coordinates>
        </Point>
      </Placemark>
      <Placemark>
        <name>Anexo 3011</name>
        <description><![CDATA[institucion: Anexo 3011<br>tipo_de_ge: Publica<br>direccion: 557 Belgrano Gral Manuel<br>Latitud: -37.32911<br>Longitud: -59.13575<br>telefono: 444-1050<br>e_mail: ]]></description>
        <styleUrl>#icon-1682-7CB342</styleUrl>
        <ExtendedData>
          <Data name="institucion">
            <value>Anexo 3011</value>
          </Data>
          <Data name="tipo_de_ge">
            <value>Publica</value>
          </Data>
          <Data name="direccion">
            <value>557 Belgrano Gral Manuel</value>
          </Data>
          <Data name="Latitud">
            <value>-37.32911</value>
          </Data>
          <Data name="Longitud">
            <value>-59.13575</value>
          </Data>
          <Data name="telefono">
            <value>444-1050</value>
          </Data>
          <Data name="e_mail">
            <value/>
          </Data>
        </ExtendedData>
        <Point>
          <coordinates>
            -59.135757,-37.329111,0
          </coordinates>
        </Point>
      </Placemark>
      <Placemark>
        <name>Centro de Adultos Nº 711</name>
        <description><![CDATA[institucion: Centro de Adultos Nº 711<br>tipo_de_ge: Publica<br>direccion: 13 esquina 16 - Gardey<br>Latitud: -37.28429<br>Longitud: -59.36022<br>telefono: <br>e_mail: ]]></description>
        <styleUrl>#icon-1682-0288D1</styleUrl>
        <ExtendedData>
          <Data name="institucion">
            <value>Centro de Adultos Nº 711</value>
          </Data>
          <Data name="tipo_de_ge">
            <value>Publica</value>
          </Data>
          <Data name="direccion">
            <value>13 esquina 16 - Gardey</value>
          </Data>
          <Data name="Latitud">
            <value>-37.28429</value>
          </Data>
          <Data name="Longitud">
            <value>-59.36022</value>
          </Data>
          <Data name="telefono">
            <value/>
          </Data>
          <Data name="e_mail">
            <value/>
          </Data>
        </ExtendedData>
        <Point>
          <coordinates>
            -59.360229,-37.28429,0
          </coordinates>
        </Point>
      </Placemark>
      <Placemark>
        <name>Centro de Adultos Nº 712</name>
        <description><![CDATA[institucion: Centro de Adultos Nº 712<br>tipo_de_ge: Publica<br>direccion: Sarmiento y San martín (Vela)<br>Latitud: -37.40469<br>Longitud: -59.50708<br>telefono: <br>e_mail: ]]></description>
        <styleUrl>#icon-1682-0288D1</styleUrl>
        <ExtendedData>
          <Data name="institucion">
            <value>Centro de Adultos Nº 712</value>
          </Data>
          <Data name="tipo_de_ge">
            <value>Publica</value>
          </Data>
          <Data name="direccion">
            <value>Sarmiento y San martín (Vela)</value>
          </Data>
          <Data name="Latitud">
            <value>-37.40469</value>
          </Data>
          <Data name="Longitud">
            <value>-59.50708</value>
          </Data>
          <Data name="telefono">
            <value/>
          </Data>
          <Data name="e_mail">
            <value/>
          </Data>
        </ExtendedData>
        <Point>
          <coordinates>
            -59.507088,-37.404699,0
          </coordinates>
        </Point>
      </Placemark>
      <Placemark>
        <name>Centro de Adultos Nº 712</name>
        <description><![CDATA[institucion: Centro de Adultos Nº 712<br>tipo_de_ge: Publica<br>direccion: 1477 Rodriguez (Vela)<br>Latitud: -37.40161<br>Longitud: -59.50302<br>telefono: <br>e_mail: ]]></description>
        <styleUrl>#icon-1682-0097A7</styleUrl>
        <ExtendedData>
          <Data name="institucion">
            <value>Centro de Adultos Nº 712</value>
          </Data>
          <Data name="tipo_de_ge">
            <value>Publica</value>
          </Data>
          <Data name="direccion">
            <value>1477 Rodriguez (Vela)</value>
          </Data>
          <Data name="Latitud">
            <value>-37.40161</value>
          </Data>
          <Data name="Longitud">
            <value>-59.50302</value>
          </Data>
          <Data name="telefono">
            <value/>
          </Data>
          <Data name="e_mail">
            <value/>
          </Data>
        </ExtendedData>
        <Point>
          <coordinates>
            -59.503027,-37.401617,0
          </coordinates>
        </Point>
      </Placemark>
      <Placemark>
        <name>Centro Educativo Complementario N° 802</name>
        <description><![CDATA[institucion: Centro Educativo Complementario N° 802<br>tipo_de_ge: Publica<br>direccion: 2402 Aeronautica Argentina<br>Latitud: -37.28973<br>Longitud: -59.1189<br>telefono: <br>e_mail: ]]></description>
        <styleUrl>#icon-1682-817717</styleUrl>
        <ExtendedData>
          <Data name="institucion">
            <value>Centro Educativo Complementario N° 802</value>
          </Data>
          <Data name="tipo_de_ge">
            <value>Publica</value>
          </Data>
          <Data name="direccion">
            <value>2402 Aeronautica Argentina</value>
          </Data>
          <Data name="Latitud">
            <value>-37.28973</value>
          </Data>
          <Data name="Longitud">
            <value>-59.1189</value>
          </Data>
          <Data name="telefono">
            <value/>
          </Data>
          <Data name="e_mail">
            <value/>
          </Data>
        </ExtendedData>
        <Point>
          <coordinates>
            -59.118907,-37.289731,0
          </coordinates>
        </Point>
      </Placemark>
      <Placemark>
        <name>Centro de Educacion Fisica N° 162 (rural)</name>
        <description><![CDATA[institucion: Centro de Educacion Fisica N° 162 (rural)<br>tipo_de_ge: Publica<br>direccion: 477 Avellaneda (Vela)<br>Latitud: -37.40459<br>Longitud: -59.50111<br>telefono: 449-1013<br>e_mail: ]]></description>
        <styleUrl>#icon-1682-01579B</styleUrl>
        <ExtendedData>
          <Data name="institucion">
            <value>Centro de Educacion Fisica N° 162 (rural)</value>
          </Data>
          <Data name="tipo_de_ge">
            <value>Publica</value>
          </Data>
          <Data name="direccion">
            <value>477 Avellaneda (Vela)</value>
          </Data>
          <Data name="Latitud">
            <value>-37.40459</value>
          </Data>
          <Data name="Longitud">
            <value>-59.50111</value>
          </Data>
          <Data name="telefono">
            <value>449-1013</value>
          </Data>
          <Data name="e_mail">
            <value/>
          </Data>
        </ExtendedData>
        <Point>
          <coordinates>
            -59.501119,-37.404591,0
          </coordinates>
        </Point>
      </Placemark>
      <Placemark>
        <name>Centro de Educacion Fisica N° 42</name>
        <description><![CDATA[institucion: Centro de Educacion Fisica N° 42<br>tipo_de_ge: Publica<br>direccion: 1131 Castro Rosalia<br>Latitud: -37.31896<br>Longitud: -59.10686<br>telefono: 443-3718<br>e_mail: ]]></description>
        <styleUrl>#icon-1682-01579B</styleUrl>
        <ExtendedData>
          <Data name="institucion">
            <value>Centro de Educacion Fisica N° 42</value>
          </Data>
          <Data name="tipo_de_ge">
            <value>Publica</value>
          </Data>
          <Data name="direccion">
            <value>1131 Castro Rosalia</value>
          </Data>
          <Data name="Latitud">
            <value>-37.31896</value>
          </Data>
          <Data name="Longitud">
            <value>-59.10686</value>
          </Data>
          <Data name="telefono">
            <value>443-3718</value>
          </Data>
          <Data name="e_mail">
            <value/>
          </Data>
        </ExtendedData>
        <Point>
          <coordinates>
            -59.106867,-37.318969,0
          </coordinates>
        </Point>
      </Placemark>
      <Placemark>
        <name>Centro de Formacion Laboral</name>
        <description><![CDATA[institucion: Centro de Formacion Laboral<br>tipo_de_ge: Publica<br>direccion: 118 Sandino<br>Latitud: -37.33393<br>Longitud: -59.12852<br>telefono: 443-1331<br>e_mail: ]]></description>
        <styleUrl>#icon-1726-C2185B</styleUrl>
        <ExtendedData>
          <Data name="institucion">
            <value>Centro de Formacion Laboral</value>
          </Data>
          <Data name="tipo_de_ge">
            <value>Publica</value>
          </Data>
          <Data name="direccion">
            <value>118 Sandino</value>
          </Data>
          <Data name="Latitud">
            <value>-37.33393</value>
          </Data>
          <Data name="Longitud">
            <value>-59.12852</value>
          </Data>
          <Data name="telefono">
            <value>443-1331</value>
          </Data>
          <Data name="e_mail">
            <value/>
          </Data>
        </ExtendedData>
        <Point>
          <coordinates>
            -59.128524,-37.333935,0
          </coordinates>
        </Point>
      </Placemark>
      <Placemark>
        <name>Centro de Formacion Profesional N° 401</name>
        <description><![CDATA[institucion: Centro de Formacion Profesional N° 401<br>tipo_de_ge: Publica<br>direccion: 853 Garibaldi Jose<br>Latitud: -37.32012<br>Longitud: -59.13587<br>telefono: <br>e_mail: ]]></description>
        <styleUrl>#icon-1726-C2185B</styleUrl>
        <ExtendedData>
          <Data name="institucion">
            <value>Centro de Formacion Profesional N° 401</value>
          </Data>
          <Data name="tipo_de_ge">
            <value>Publica</value>
          </Data>
          <Data name="direccion">
            <value>853 Garibaldi Jose</value>
          </Data>
          <Data name="Latitud">
            <value>-37.32012</value>
          </Data>
          <Data name="Longitud">
            <value>-59.13587</value>
          </Data>
          <Data name="telefono">
            <value/>
          </Data>
          <Data name="e_mail">
            <value/>
          </Data>
        </ExtendedData>
        <Point>
          <coordinates>
            -59.135876,-37.320128,0
          </coordinates>
        </Point>
      </Placemark>
      <Placemark>
        <name>Centro de Investigaciones Educativas</name>
        <description><![CDATA[institucion: Centro de Investigaciones Educativas<br>tipo_de_ge: Publica<br>direccion: 853 Garibaldi Jose<br>Latitud: -37.32012<br>Longitud: -59.13587<br>telefono: <br>e_mail: ]]></description>
        <styleUrl>#icon-1682-E65100</styleUrl>
        <ExtendedData>
          <Data name="institucion">
            <value>Centro de Investigaciones Educativas</value>
          </Data>
          <Data name="tipo_de_ge">
            <value>Publica</value>
          </Data>
          <Data name="direccion">
            <value>853 Garibaldi Jose</value>
          </Data>
          <Data name="Latitud">
            <value>-37.32012</value>
          </Data>
          <Data name="Longitud">
            <value>-59.13587</value>
          </Data>
          <Data name="telefono">
            <value/>
          </Data>
          <Data name="e_mail">
            <value/>
          </Data>
        </ExtendedData>
        <Point>
          <coordinates>
            -59.135876,-37.320128,0
          </coordinates>
        </Point>
      </Placemark>
      <Placemark>
        <name>Escuela de Arte - Vela</name>
        <description><![CDATA[institucion: Escuela de Arte - Vela<br>tipo_de_ge: Publica<br>direccion: 1271 Uriburu (vela)<br>Latitud: -37.40019<br>Longitud: -59.50923<br>telefono: 2494491141<br>e_mail: ]]></description>
        <styleUrl>#icon-1682-9C27B0</styleUrl>
        <ExtendedData>
          <Data name="institucion">
            <value>Escuela de Arte - Vela</value>
          </Data>
          <Data name="tipo_de_ge">
            <value>Publica</value>
          </Data>
          <Data name="direccion">
            <value>1271 Uriburu (vela)</value>
          </Data>
          <Data name="Latitud">
            <value>-37.40019</value>
          </Data>
          <Data name="Longitud">
            <value>-59.50923</value>
          </Data>
          <Data name="telefono">
            <value>2494491141</value>
          </Data>
          <Data name="e_mail">
            <value/>
          </Data>
        </ExtendedData>
        <Point>
          <coordinates>
            -59.509234,-37.400195,0
          </coordinates>
        </Point>
      </Placemark>
      <Placemark>
        <name>Extension 2020</name>
        <description><![CDATA[institucion: Extension 2020<br>tipo_de_ge: Publica<br>direccion: Ruta Nº 226 Km 132<br>Latitud: -37.32846<br>Longitud: -59.09025<br>telefono: <br>e_mail: ]]></description>
        <styleUrl>#icon-1682-F9A825</styleUrl>
        <ExtendedData>
          <Data name="institucion">
            <value>Extension 2020</value>
          </Data>
          <Data name="tipo_de_ge">
            <value>Publica</value>
          </Data>
          <Data name="direccion">
            <value>Ruta Nº 226 Km 132</value>
          </Data>
          <Data name="Latitud">
            <value>-37.32846</value>
          </Data>
          <Data name="Longitud">
            <value>-59.09025</value>
          </Data>
          <Data name="telefono">
            <value/>
          </Data>
          <Data name="e_mail">
            <value/>
          </Data>
        </ExtendedData>
        <Point>
          <coordinates>
            -59.090258,-37.328465,0
          </coordinates>
        </Point>
      </Placemark>
    </Folder>
    <Folder>
      <name>Universidades</name>
      <Placemark>
        <name>Universidad Fasta</name>
        <description><![CDATA[institucion: Universidad Fasta<br>tipo_de_ge: Privada<br>direccion: 50 Estrada Jose Manuel Av<br>Latitud: -37.33704<br>Longitud: -59.14146<br>telefono: 443-2101<br>e_mail: ]]></description>
        <styleUrl>#icon-1726-880E4F</styleUrl>
        <ExtendedData>
          <Data name="institucion">
            <value>Universidad Fasta</value>
          </Data>
          <Data name="tipo_de_ge">
            <value>Privada</value>
          </Data>
          <Data name="direccion">
            <value>50 Estrada Jose Manuel Av</value>
          </Data>
          <Data name="Latitud">
            <value>-37.33704</value>
          </Data>
          <Data name="Longitud">
            <value>-59.14146</value>
          </Data>
          <Data name="telefono">
            <value>443-2101</value>
          </Data>
          <Data name="e_mail">
            <value/>
          </Data>
        </ExtendedData>
        <Point>
          <coordinates>
            -59.141469,-37.337044,0
          </coordinates>
        </Point>
      </Placemark>
      <Placemark>
        <name>UNICEN - Campus Universitario</name>
        <description><![CDATA[institucion: UNICEN <br>tipo_de_ge: Pública<br>direccion: <br>Latitud: -37.32235<br>Longitud: -59.08231<br>telefono: <br>e_mail: ]]></description>
        <styleUrl>#icon-1726-880E4F</styleUrl>
        <ExtendedData>
          <Data name="institucion">
            <value>UNICEN </value>
          </Data>
          <Data name="tipo_de_ge">
            <value>Pública</value>
          </Data>
          <Data name="direccion">
            <value/>
          </Data>
          <Data name="Latitud">
            <value>-37.32235</value>
          </Data>
          <Data name="Longitud">
            <value>-59.08231</value>
          </Data>
          <Data name="telefono">
            <value/>
          </Data>
          <Data name="e_mail">
            <value/>
          </Data>
        </ExtendedData>
        <Point>
          <coordinates>
            -59.0823164,-37.3223575,0
          </coordinates>
        </Point>
      </Placemark>
      <Placemark>
        <name>Facultad de Arte - Universidad Nacional del Centro de la Provincia de Buenos Aires</name>
        <description><![CDATA[institucion: Facultad de Arte <br>tipo_de_ge: Pública<br>direccion: <br>Latitud: -37.32798<br>Longitud: -59.13413<br>telefono: <br>e_mail: ]]></description>
        <styleUrl>#icon-1726-880E4F</styleUrl>
        <ExtendedData>
          <Data name="institucion">
            <value>Facultad de Arte </value>
          </Data>
          <Data name="tipo_de_ge">
            <value>Pública</value>
          </Data>
          <Data name="direccion">
            <value/>
          </Data>
          <Data name="Latitud">
            <value>-37.32798</value>
          </Data>
          <Data name="Longitud">
            <value>-59.13413</value>
          </Data>
          <Data name="telefono">
            <value/>
          </Data>
          <Data name="e_mail">
            <value/>
          </Data>
        </ExtendedData>
        <Point>
          <coordinates>
            -59.1341303,-37.3279809,0
          </coordinates>
        </Point>
      </Placemark>
      <Placemark>
        <name>Universidad Nacional del Centro de la Provincia de Buenos Aires</name>
        <description><![CDATA[institucion: Universidad Nacional del Centro de la Provincia de Buenos Aires<br>tipo_de_ge: Pública<br>direccion: <br>Latitud: -37.32875<br>Longitud: -59.13872<br>telefono: <br>e_mail: ]]></description>
        <styleUrl>#icon-1726-880E4F</styleUrl>
        <ExtendedData>
          <Data name="institucion">
            <value>Universidad Nacional del Centro de la Provincia de Buenos Aires</value>
          </Data>
          <Data name="tipo_de_ge">
            <value>Pública</value>
          </Data>
          <Data name="direccion">
            <value/>
          </Data>
          <Data name="Latitud">
            <value>-37.32875</value>
          </Data>
          <Data name="Longitud">
            <value>-59.13872</value>
          </Data>
          <Data name="telefono">
            <value/>
          </Data>
          <Data name="e_mail">
            <value/>
          </Data>
        </ExtendedData>
        <Point>
          <coordinates>
            -59.1387299,-37.3287505,0
          </coordinates>
        </Point>
      </Placemark>
    </Folder>
    <Folder>
      <name>Escuelas Secundarias</name>
      <Placemark>
        <name>Centro Polivalente de Arte</name>
        <description><![CDATA[descripción: descripción: descripción: descripción: <br>institucion: Centro Polivalente de Arte<br>tipo_de_ge: Publica<br>direccion: 685 4 de Abril<br>telefono: <br>e_mail:<br>institucion: Centro Polivalente de Arte<br>tipo_de_ge: Publica<br>direccion: 685 4 de Abril<br>telefono: <br>e_mail:<br>institucion: Centro Polivalente de Arte<br>tipo_de_ge: Publica<br>direccion: 685 4 de Abril<br>telefono: <br>e_mail:<br>institucion: Centro Polivalente de Arte<br>tipo_de_ge: Publica<br>direccion: 685 4 de Abril<br>Latitud: -37.32249<br>Longitud: -59.12979<br>telefono: <br>e_mail: ]]></description>
        <styleUrl>#icon-1682-097138</styleUrl>
        <ExtendedData>
          <Data name="descripción">
            <value>descripción: descripción: descripción: 
institucion: Centro Polivalente de Arte
tipo_de_ge: Publica
direccion: 685 4 de Abril
telefono: 
e_mail:
institucion: Centro Polivalente de Arte
tipo_de_ge: Publica
direccion: 685 4 de Abril
telefono: 
e_mail:
institucion: Centro Polivalente de Arte
tipo_de_ge: Publica
direccion: 685 4 de Abril
telefono: 
e_mail:</value>
          </Data>
          <Data name="institucion">
            <value>Centro Polivalente de Arte</value>
          </Data>
          <Data name="tipo_de_ge">
            <value>Publica</value>
          </Data>
          <Data name="direccion">
            <value>685 4 de Abril</value>
          </Data>
          <Data name="Latitud">
            <value>-37.32249</value>
          </Data>
          <Data name="Longitud">
            <value>-59.12979</value>
          </Data>
          <Data name="telefono">
            <value/>
          </Data>
          <Data name="e_mail">
            <value/>
          </Data>
        </ExtendedData>
        <Point>
          <coordinates>
            -59.129794,-37.322493,0
          </coordinates>
        </Point>
      </Placemark>
      <Placemark>
        <name>Escuela de Educacion Media Nº 3 Republica del Ecuador</name>
        <description><![CDATA[descripción: descripción: descripción: descripción: <br>institucion: Escuela de Educacion Media Nº 3 Republica del Ecuador<br>tipo_de_ge: Publica<br>direccion: 937 Peron Presidente Juan Domingo, Av<br>telefono: 443-8668<br>e_mail:<br>institucion: Escuela de Educacion Media Nº 3 Republica del Ecuador<br>tipo_de_ge: Publica<br>direccion: 937 Peron Presidente Juan Domingo, Av<br>telefono: 443-8668<br>e_mail:<br>institucion: Escuela de Educacion Media Nº 3 Republica del Ecuador<br>tipo_de_ge: Publica<br>direccion: 937 Peron Presidente Juan Domingo, Av<br>telefono: 443-8668<br>e_mail:<br>institucion: Escuela de Educacion Media Nº 3 Republica del Ecuador<br>tipo_de_ge: Publica<br>direccion: 937 Peron Presidente Juan Domingo, Av<br>Latitud: -37.32541<br>Longitud: -59.14742<br>telefono: 443-8668<br>e_mail: ]]></description>
        <styleUrl>#icon-1682-097138</styleUrl>
        <ExtendedData>
          <Data name="descripción">
            <value>descripción: descripción: descripción: 
institucion: Escuela de Educacion Media Nº 3 Republica del Ecuador
tipo_de_ge: Publica
direccion: 937 Peron Presidente Juan Domingo, Av
telefono: 443-8668
e_mail:
institucion: Escuela de Educacion Media Nº 3 Republica del Ecuador
tipo_de_ge: Publica
direccion: 937 Peron Presidente Juan Domingo, Av
telefono: 443-8668
e_mail:
institucion: Escuela de Educacion Media Nº 3 Republica del Ecuador
tipo_de_ge: Publica
direccion: 937 Peron Presidente Juan Domingo, Av
telefono: 443-8668
e_mail:</value>
          </Data>
          <Data name="institucion">
            <value>Escuela de Educacion Media Nº 3 Republica del Ecuador</value>
          </Data>
          <Data name="tipo_de_ge">
            <value>Publica</value>
          </Data>
          <Data name="direccion">
            <value>937 Peron Presidente Juan Domingo, Av</value>
          </Data>
          <Data name="Latitud">
            <value>-37.32541</value>
          </Data>
          <Data name="Longitud">
            <value>-59.14742</value>
          </Data>
          <Data name="telefono">
            <value>443-8668</value>
          </Data>
          <Data name="e_mail">
            <value/>
          </Data>
        </ExtendedData>
        <Point>
          <coordinates>
            -59.147421,-37.325411,0
          </coordinates>
        </Point>
      </Placemark>
      <Placemark>
        <name>Escuela de Educacion Secundaria Nº 1</name>
        <description><![CDATA[descripción: descripción: descripción: descripción: <br>institucion: Escuela de Educacion Secundaria Nº 1<br>tipo_de_ge: Publica<br>direccion: 651 Fulg Juan<br>telefono: <br>e_mail: secundaria1tandil@gmail.com<br>institucion: Escuela de Educacion Secundaria Nº 1<br>tipo_de_ge: Publica<br>direccion: 651 Fulg Juan<br>telefono: <br>e_mail: secundaria1tandil@gmail.com<br>institucion: Escuela de Educacion Secundaria Nº 1<br>tipo_de_ge: Publica<br>direccion: 651 Fulg Juan<br>telefono: <br>e_mail: secundaria1tandil@gmail.com<br>institucion: Escuela de Educacion Secundaria Nº 1<br>tipo_de_ge: Publica<br>direccion: 651 Fulg Juan<br>Latitud: -37.338<br>Longitud: -59.12885<br>telefono: <br>e_mail: secundaria1tandil@gmail.com]]></description>
        <styleUrl>#icon-1682-097138</styleUrl>
        <ExtendedData>
          <Data name="descripción">
            <value>descripción: descripción: descripción: 
institucion: Escuela de Educacion Secundaria Nº 1
tipo_de_ge: Publica
direccion: 651 Fulg Juan
telefono: 
e_mail: secundaria1tandil@gmail.com
institucion: Escuela de Educacion Secundaria Nº 1
tipo_de_ge: Publica
direccion: 651 Fulg Juan
telefono: 
e_mail: secundaria1tandil@gmail.com
institucion: Escuela de Educacion Secundaria Nº 1
tipo_de_ge: Publica
direccion: 651 Fulg Juan
telefono: 
e_mail: secundaria1tandil@gmail.com</value>
          </Data>
          <Data name="institucion">
            <value>Escuela de Educacion Secundaria Nº 1</value>
          </Data>
          <Data name="tipo_de_ge">
            <value>Publica</value>
          </Data>
          <Data name="direccion">
            <value>651 Fulg Juan</value>
          </Data>
          <Data name="Latitud">
            <value>-37.338</value>
          </Data>
          <Data name="Longitud">
            <value>-59.12885</value>
          </Data>
          <Data name="telefono">
            <value/>
          </Data>
          <Data name="e_mail">
            <value>secundaria1tandil@gmail.com</value>
          </Data>
        </ExtendedData>
        <Point>
          <coordinates>
            -59.128856,-37.338107,0
          </coordinates>
        </Point>
      </Placemark>
      <Placemark>
        <name>Escuela de Educacion Secundaria Nº 2</name>
        <description><![CDATA[descripción: descripción: descripción: descripción: <br>institucion: Escuela de Educacion Secundaria Nº 2<br>tipo_de_ge: Publica<br>direccion: 250 Urquiza Gral Justo Jose de<br>telefono: <br>e_mail:<br>institucion: Escuela de Educacion Secundaria Nº 2<br>tipo_de_ge: Publica<br>direccion: 250 Urquiza Gral Justo Jose de<br>telefono: <br>e_mail:<br>institucion: Escuela de Educacion Secundaria Nº 2<br>tipo_de_ge: Publica<br>direccion: 250 Urquiza Gral Justo Jose de<br>telefono: <br>e_mail:<br>institucion: Escuela de Educacion Secundaria Nº 2<br>tipo_de_ge: Publica<br>direccion: 250 Urquiza Gral Justo Jose de<br>Latitud: -37.30693<br>Longitud: -59.14681<br>telefono: <br>e_mail: ]]></description>
        <styleUrl>#icon-1682-097138</styleUrl>
        <ExtendedData>
          <Data name="descripción">
            <value>descripción: descripción: descripción: 
institucion: Escuela de Educacion Secundaria Nº 2
tipo_de_ge: Publica
direccion: 250 Urquiza Gral Justo Jose de
telefono: 
e_mail:
institucion: Escuela de Educacion Secundaria Nº 2
tipo_de_ge: Publica
direccion: 250 Urquiza Gral Justo Jose de
telefono: 
e_mail:
institucion: Escuela de Educacion Secundaria Nº 2
tipo_de_ge: Publica
direccion: 250 Urquiza Gral Justo Jose de
telefono: 
e_mail:</value>
          </Data>
          <Data name="institucion">
            <value>Escuela de Educacion Secundaria Nº 2</value>
          </Data>
          <Data name="tipo_de_ge">
            <value>Publica</value>
          </Data>
          <Data name="direccion">
            <value>250 Urquiza Gral Justo Jose de</value>
          </Data>
          <Data name="Latitud">
            <value>-37.30693</value>
          </Data>
          <Data name="Longitud">
            <value>-59.14681</value>
          </Data>
          <Data name="telefono">
            <value/>
          </Data>
          <Data name="e_mail">
            <value/>
          </Data>
        </ExtendedData>
        <Point>
          <coordinates>
            -59.146812,-37.30693,0
          </coordinates>
        </Point>
      </Placemark>
      <Placemark>
        <name>Escuela de Educacion Secundaria Nº 4</name>
        <description><![CDATA[descripción: descripción: descripción: descripción: <br>institucion: Escuela de Educacion Secundaria Nº 4<br>tipo_de_ge: Publica<br>direccion: Paraje La Porteña<br>telefono: 442-1039<br>e_mail:<br>institucion: Escuela de Educacion Secundaria Nº 4<br>tipo_de_ge: Publica<br>direccion: Paraje La Porteña<br>telefono: 442-1039<br>e_mail:<br>institucion: Escuela de Educacion Secundaria Nº 4<br>tipo_de_ge: Publica<br>direccion: Paraje La Porteña<br>telefono: 442-1039<br>e_mail:<br>institucion: Escuela de Educacion Secundaria Nº 4<br>tipo_de_ge: Publica<br>direccion: Paraje La Porteña<br>Latitud: -37.35806<br>Longitud: -59.20686<br>telefono: 442-1039<br>e_mail: ]]></description>
        <styleUrl>#icon-1682-097138</styleUrl>
        <ExtendedData>
          <Data name="descripción">
            <value>descripción: descripción: descripción: 
institucion: Escuela de Educacion Secundaria Nº 4
tipo_de_ge: Publica
direccion: Paraje La Porteña
telefono: 442-1039
e_mail:
institucion: Escuela de Educacion Secundaria Nº 4
tipo_de_ge: Publica
direccion: Paraje La Porteña
telefono: 442-1039
e_mail:
institucion: Escuela de Educacion Secundaria Nº 4
tipo_de_ge: Publica
direccion: Paraje La Porteña
telefono: 442-1039
e_mail:</value>
          </Data>
          <Data name="institucion">
            <value>Escuela de Educacion Secundaria Nº 4</value>
          </Data>
          <Data name="tipo_de_ge">
            <value>Publica</value>
          </Data>
          <Data name="direccion">
            <value>Paraje La Porteña</value>
          </Data>
          <Data name="Latitud">
            <value>-37.35806</value>
          </Data>
          <Data name="Longitud">
            <value>-59.20686</value>
          </Data>
          <Data name="telefono">
            <value>442-1039</value>
          </Data>
          <Data name="e_mail">
            <value/>
          </Data>
        </ExtendedData>
        <Point>
          <coordinates>
            -59.206867,-37.358064,0
          </coordinates>
        </Point>
      </Placemark>
      <Placemark>
        <name>Escuela de Educacion Secundaria Nº 4</name>
        <description><![CDATA[descripción: descripción: descripción: descripción: <br>institucion: Escuela de Educacion Secundaria Nº 4<br>tipo_de_ge: Publica<br>direccion: 2094 Colectora norte Macaya Luis Maria este<br>telefono: 445-1797<br>e_mail:<br>institucion: Escuela de Educacion Secundaria Nº 4<br>tipo_de_ge: Publica<br>direccion: 2094 Colectora norte Macaya Luis Maria este<br>telefono: 445-1797<br>e_mail:<br>institucion: Escuela de Educacion Secundaria Nº 4<br>tipo_de_ge: Publica<br>direccion: 2094 Colectora norte Macaya Luis Maria este<br>telefono: 445-1797<br>e_mail:<br>institucion: Escuela de Educacion Secundaria Nº 4<br>tipo_de_ge: Publica<br>direccion: 2094 Colectora norte Macaya Luis Maria este<br>Latitud: -37.3014<br>Longitud: -59.12629<br>telefono: 445-1797<br>e_mail: ]]></description>
        <styleUrl>#icon-1682-097138</styleUrl>
        <ExtendedData>
          <Data name="descripción">
            <value>descripción: descripción: descripción: 
institucion: Escuela de Educacion Secundaria Nº 4
tipo_de_ge: Publica
direccion: 2094 Colectora norte Macaya Luis Maria este
telefono: 445-1797
e_mail:
institucion: Escuela de Educacion Secundaria Nº 4
tipo_de_ge: Publica
direccion: 2094 Colectora norte Macaya Luis Maria este
telefono: 445-1797
e_mail:
institucion: Escuela de Educacion Secundaria Nº 4
tipo_de_ge: Publica
direccion: 2094 Colectora norte Macaya Luis Maria este
telefono: 445-1797
e_mail:</value>
          </Data>
          <Data name="institucion">
            <value>Escuela de Educacion Secundaria Nº 4</value>
          </Data>
          <Data name="tipo_de_ge">
            <value>Publica</value>
          </Data>
          <Data name="direccion">
            <value>2094 Colectora norte Macaya Luis Maria este</value>
          </Data>
          <Data name="Latitud">
            <value>-37.3014</value>
          </Data>
          <Data name="Longitud">
            <value>-59.12629</value>
          </Data>
          <Data name="telefono">
            <value>445-1797</value>
          </Data>
          <Data name="e_mail">
            <value/>
          </Data>
        </ExtendedData>
        <Point>
          <coordinates>
            -59.126291,-37.301409,0
          </coordinates>
        </Point>
      </Placemark>
      <Placemark>
        <name>Escuela de Educacion Secundaria Nº 5</name>
        <description><![CDATA[descripción: descripción: descripción: descripción: <br>institucion: Escuela de Educacion Secundaria Nº 5<br>tipo_de_ge: Publica<br>direccion: Sarmiento & San martín (Vela)<br>telefono: 443-3793<br>e_mail:<br>institucion: Escuela de Educacion Secundaria Nº 5<br>tipo_de_ge: Publica<br>direccion: Sarmiento & San martín (Vela)<br>telefono: 443-3793<br>e_mail:<br>institucion: Escuela de Educacion Secundaria Nº 5<br>tipo_de_ge: Publica<br>direccion: Sarmiento & San martín (Vela)<br>telefono: 443-3793<br>e_mail:<br>institucion: Escuela de Educacion Secundaria Nº 5<br>tipo_de_ge: Publica<br>direccion: Sarmiento &amp; San martín (Vela)<br>Latitud: -37.40469<br>Longitud: -59.50708<br>telefono: 443-3793<br>e_mail: ]]></description>
        <styleUrl>#icon-1682-097138</styleUrl>
        <ExtendedData>
          <Data name="descripción">
            <value><![CDATA[descripción: descripción: descripción: 
institucion: Escuela de Educacion Secundaria Nº 5
tipo_de_ge: Publica
direccion: Sarmiento & San martín (Vela)
telefono: 443-3793
e_mail:
institucion: Escuela de Educacion Secundaria Nº 5
tipo_de_ge: Publica
direccion: Sarmiento & San martín (Vela)
telefono: 443-3793
e_mail:
institucion: Escuela de Educacion Secundaria Nº 5
tipo_de_ge: Publica
direccion: Sarmiento & San martín (Vela)
telefono: 443-3793
e_mail:]]></value>
          </Data>
          <Data name="institucion">
            <value>Escuela de Educacion Secundaria Nº 5</value>
          </Data>
          <Data name="tipo_de_ge">
            <value>Publica</value>
          </Data>
          <Data name="direccion">
            <value><![CDATA[Sarmiento &amp; San martín (Vela)]]></value>
          </Data>
          <Data name="Latitud">
            <value>-37.40469</value>
          </Data>
          <Data name="Longitud">
            <value>-59.50708</value>
          </Data>
          <Data name="telefono">
            <value>443-3793</value>
          </Data>
          <Data name="e_mail">
            <value/>
          </Data>
        </ExtendedData>
        <Point>
          <coordinates>
            -59.507084,-37.404696,0
          </coordinates>
        </Point>
      </Placemark>
      <Placemark>
        <name>Escuela de Educacion Secundaria Nº 6 Gardey</name>
        <description><![CDATA[descripción: descripción: descripción: descripción: <br>institucion: Escuela de Educacion Secundaria Nº 6 Gardey<br>tipo_de_ge: Publica<br>direccion: 679 Av 13 (CONSULTAR)<br>telefono: 449-1024 / 02293 493296<br>e_mail: media6garde@hotmail.com<br>institucion: Escuela de Educacion Secundaria Nº 6 Gardey<br>tipo_de_ge: Publica<br>direccion: 679 Av 13 (CONSULTAR)<br>telefono: 449-1024 / 02293 493296<br>e_mail: media6garde@hotmail.com<br>institucion: Escuela de Educacion Secundaria Nº 6 Gardey<br>tipo_de_ge: Publica<br>direccion: 679 Av 13 (CONSULTAR)<br>telefono: 449-1024 / 02293 493296<br>e_mail: media6garde@hotmail.com<br>institucion: Escuela de Educacion Secundaria Nº 6 Gardey<br>tipo_de_ge: Publica<br>direccion: 679 Av 13 (CONSULTAR)<br>Latitud: -37.28263<br>Longitud: -59.36054<br>telefono: 449-1024 / 02293 493296<br>e_mail: media6garde@hotmail.com]]></description>
        <styleUrl>#icon-1682-097138</styleUrl>
        <ExtendedData>
          <Data name="descripción">
            <value>descripción: descripción: descripción: 
institucion: Escuela de Educacion Secundaria Nº 6 Gardey
tipo_de_ge: Publica
direccion: 679 Av 13 (CONSULTAR)
telefono: 449-1024 / 02293 493296
e_mail: media6garde@hotmail.com
institucion: Escuela de Educacion Secundaria Nº 6 Gardey
tipo_de_ge: Publica
direccion: 679 Av 13 (CONSULTAR)
telefono: 449-1024 / 02293 493296
e_mail: media6garde@hotmail.com
institucion: Escuela de Educacion Secundaria Nº 6 Gardey
tipo_de_ge: Publica
direccion: 679 Av 13 (CONSULTAR)
telefono: 449-1024 / 02293 493296
e_mail: media6garde@hotmail.com</value>
          </Data>
          <Data name="institucion">
            <value>Escuela de Educacion Secundaria Nº 6 Gardey</value>
          </Data>
          <Data name="tipo_de_ge">
            <value>Publica</value>
          </Data>
          <Data name="direccion">
            <value>679 Av 13 (CONSULTAR)</value>
          </Data>
          <Data name="Latitud">
            <value>-37.28263</value>
          </Data>
          <Data name="Longitud">
            <value>-59.36054</value>
          </Data>
          <Data name="telefono">
            <value>449-1024 / 02293 493296</value>
          </Data>
          <Data name="e_mail">
            <value>media6garde@hotmail.com</value>
          </Data>
        </ExtendedData>
        <Point>
          <coordinates>
            -59.360549,-37.282635,0
          </coordinates>
        </Point>
      </Placemark>
      <Placemark>
        <name>Escuela de Educacion Secundaria Nº 7</name>
        <description><![CDATA[descripción: descripción: descripción: descripción: <br>institucion: Escuela de Educacion Secundaria Nº 7<br>tipo_de_ge: Publica<br>direccion: 2154 Saenz Peña Roque<br>telefono: <br>e_mail:<br>institucion: Escuela de Educacion Secundaria Nº 7<br>tipo_de_ge: Publica<br>direccion: 2154 Saenz Peña Roque<br>telefono: <br>e_mail:<br>institucion: Escuela de Educacion Secundaria Nº 7<br>tipo_de_ge: Publica<br>direccion: 2154 Saenz Peña Roque<br>telefono: <br>e_mail:<br>institucion: Escuela de Educacion Secundaria Nº 7<br>tipo_de_ge: Publica<br>direccion: 2154 Saenz Peña Roque<br>Latitud: -37.29144<br>Longitud: -59.15856<br>telefono: <br>e_mail: ]]></description>
        <styleUrl>#icon-1682-097138</styleUrl>
        <ExtendedData>
          <Data name="descripción">
            <value>descripción: descripción: descripción: 
institucion: Escuela de Educacion Secundaria Nº 7
tipo_de_ge: Publica
direccion: 2154 Saenz Peña Roque
telefono: 
e_mail:
institucion: Escuela de Educacion Secundaria Nº 7
tipo_de_ge: Publica
direccion: 2154 Saenz Peña Roque
telefono: 
e_mail:
institucion: Escuela de Educacion Secundaria Nº 7
tipo_de_ge: Publica
direccion: 2154 Saenz Peña Roque
telefono: 
e_mail:</value>
          </Data>
          <Data name="institucion">
            <value>Escuela de Educacion Secundaria Nº 7</value>
          </Data>
          <Data name="tipo_de_ge">
            <value>Publica</value>
          </Data>
          <Data name="direccion">
            <value>2154 Saenz Peña Roque</value>
          </Data>
          <Data name="Latitud">
            <value>-37.29144</value>
          </Data>
          <Data name="Longitud">
            <value>-59.15856</value>
          </Data>
          <Data name="telefono">
            <value/>
          </Data>
          <Data name="e_mail">
            <value/>
          </Data>
        </ExtendedData>
        <Point>
          <coordinates>
            -59.158569,-37.291449,0
          </coordinates>
        </Point>
      </Placemark>
      <Placemark>
        <name>Escuela de Educacion Secundaria Nº 8</name>
        <description><![CDATA[descripción: descripción: descripción: descripción: <br>institucion: Escuela de Educacion Secundaria Nº 8<br>tipo_de_ge: Publica<br>direccion: 880 4 de Abril<br>telefono: 445-1949<br>e_mail:<br>institucion: Escuela de Educacion Secundaria Nº 8<br>tipo_de_ge: Publica<br>direccion: 880 4 de Abril<br>telefono: 445-1949<br>e_mail:<br>institucion: Escuela de Educacion Secundaria Nº 8<br>tipo_de_ge: Publica<br>direccion: 880 4 de Abril<br>telefono: 445-1949<br>e_mail:<br>institucion: Escuela de Educacion Secundaria Nº 8<br>tipo_de_ge: Publica<br>direccion: 880 4 de Abril<br>Latitud: -37.32015<br>Longitud: -59.13118<br>telefono: 445-1949<br>e_mail: ]]></description>
        <styleUrl>#icon-1682-097138</styleUrl>
        <ExtendedData>
          <Data name="descripción">
            <value>descripción: descripción: descripción: 
institucion: Escuela de Educacion Secundaria Nº 8
tipo_de_ge: Publica
direccion: 880 4 de Abril
telefono: 445-1949
e_mail:
institucion: Escuela de Educacion Secundaria Nº 8
tipo_de_ge: Publica
direccion: 880 4 de Abril
telefono: 445-1949
e_mail:
institucion: Escuela de Educacion Secundaria Nº 8
tipo_de_ge: Publica
direccion: 880 4 de Abril
telefono: 445-1949
e_mail:</value>
          </Data>
          <Data name="institucion">
            <value>Escuela de Educacion Secundaria Nº 8</value>
          </Data>
          <Data name="tipo_de_ge">
            <value>Publica</value>
          </Data>
          <Data name="direccion">
            <value>880 4 de Abril</value>
          </Data>
          <Data name="Latitud">
            <value>-37.32015</value>
          </Data>
          <Data name="Longitud">
            <value>-59.13118</value>
          </Data>
          <Data name="telefono">
            <value>445-1949</value>
          </Data>
          <Data name="e_mail">
            <value/>
          </Data>
        </ExtendedData>
        <Point>
          <coordinates>
            -59.131182,-37.320151,0
          </coordinates>
        </Point>
      </Placemark>
      <Placemark>
        <name>Escuela de Educacion Secundaria Nº 12</name>
        <description><![CDATA[descripción: descripción: descripción: descripción: <br>institucion: Escuela de Educacion Secundaria Nº 12<br>tipo_de_ge: Publica<br>direccion: s/n Los jazmines s/n (Azucena)<br>telefono: 442-3119<br>e_mail:<br>institucion: Escuela de Educacion Secundaria Nº 12<br>tipo_de_ge: Publica<br>direccion: s/n Los jazmines s/n (Azucena)<br>telefono: 442-3119<br>e_mail:<br>institucion: Escuela de Educacion Secundaria Nº 12<br>tipo_de_ge: Publica<br>direccion: s/n Los jazmines s/n (Azucena)<br>telefono: 442-3119<br>e_mail:<br>institucion: Escuela de Educacion Secundaria Nº 12<br>tipo_de_ge: Publica<br>direccion: s/n Los jazmines s/n (Azucena)<br>Latitud: -37.48263<br>Longitud: -59.28745<br>telefono: 442-3119<br>e_mail: ]]></description>
        <styleUrl>#icon-1682-097138</styleUrl>
        <ExtendedData>
          <Data name="descripción">
            <value>descripción: descripción: descripción: 
institucion: Escuela de Educacion Secundaria Nº 12
tipo_de_ge: Publica
direccion: s/n Los jazmines s/n (Azucena)
telefono: 442-3119
e_mail:
institucion: Escuela de Educacion Secundaria Nº 12
tipo_de_ge: Publica
direccion: s/n Los jazmines s/n (Azucena)
telefono: 442-3119
e_mail:
institucion: Escuela de Educacion Secundaria Nº 12
tipo_de_ge: Publica
direccion: s/n Los jazmines s/n (Azucena)
telefono: 442-3119
e_mail:</value>
          </Data>
          <Data name="institucion">
            <value>Escuela de Educacion Secundaria Nº 12</value>
          </Data>
          <Data name="tipo_de_ge">
            <value>Publica</value>
          </Data>
          <Data name="direccion">
            <value>s/n Los jazmines s/n (Azucena)</value>
          </Data>
          <Data name="Latitud">
            <value>-37.48263</value>
          </Data>
          <Data name="Longitud">
            <value>-59.28745</value>
          </Data>
          <Data name="telefono">
            <value>442-3119</value>
          </Data>
          <Data name="e_mail">
            <value/>
          </Data>
        </ExtendedData>
        <Point>
          <coordinates>
            -59.287454,-37.482639,0
          </coordinates>
        </Point>
      </Placemark>
      <Placemark>
        <name>Escuela de Educacion Secundaria Nº 13</name>
        <description><![CDATA[descripción: descripción: descripción: descripción: <br>institucion: Escuela de Educacion Secundaria Nº 13<br>tipo_de_ge: Publica<br>direccion: Av del Trabajador s/n (De la Canal)<br>telefono: 444-1302<br>e_mail:<br>institucion: Escuela de Educacion Secundaria Nº 13<br>tipo_de_ge: Publica<br>direccion: Av del Trabajador s/n (De la Canal)<br>telefono: 444-1302<br>e_mail:<br>institucion: Escuela de Educacion Secundaria Nº 13<br>tipo_de_ge: Publica<br>direccion: Av del Trabajador s/n (De la Canal)<br>telefono: 444-1302<br>e_mail:<br>institucion: Escuela de Educacion Secundaria Nº 13<br>tipo_de_ge: Publica<br>direccion: Av del Trabajador s/n (De la Canal)<br>Latitud: -37.11587<br>Longitud: -59.09821<br>telefono: 444-1302<br>e_mail: ]]></description>
        <styleUrl>#icon-1682-097138</styleUrl>
        <ExtendedData>
          <Data name="descripción">
            <value>descripción: descripción: descripción: 
institucion: Escuela de Educacion Secundaria Nº 13
tipo_de_ge: Publica
direccion: Av del Trabajador s/n (De la Canal)
telefono: 444-1302
e_mail:
institucion: Escuela de Educacion Secundaria Nº 13
tipo_de_ge: Publica
direccion: Av del Trabajador s/n (De la Canal)
telefono: 444-1302
e_mail:
institucion: Escuela de Educacion Secundaria Nº 13
tipo_de_ge: Publica
direccion: Av del Trabajador s/n (De la Canal)
telefono: 444-1302
e_mail:</value>
          </Data>
          <Data name="institucion">
            <value>Escuela de Educacion Secundaria Nº 13</value>
          </Data>
          <Data name="tipo_de_ge">
            <value>Publica</value>
          </Data>
          <Data name="direccion">
            <value>Av del Trabajador s/n (De la Canal)</value>
          </Data>
          <Data name="Latitud">
            <value>-37.11587</value>
          </Data>
          <Data name="Longitud">
            <value>-59.09821</value>
          </Data>
          <Data name="telefono">
            <value>444-1302</value>
          </Data>
          <Data name="e_mail">
            <value/>
          </Data>
        </ExtendedData>
        <Point>
          <coordinates>
            -59.098214,-37.115872,0
          </coordinates>
        </Point>
      </Placemark>
      <Placemark>
        <name>Escuela de Educacion Secundaria Nº 14</name>
        <description><![CDATA[descripción: descripción: descripción: descripción: <br>institucion: Escuela de Educacion Secundaria Nº 14<br>tipo_de_ge: Publica<br>direccion: 1597 Palacios Alfredo L<br>telefono: 154483887<br>e_mail:<br>institucion: Escuela de Educacion Secundaria Nº 14<br>tipo_de_ge: Publica<br>direccion: 1597 Palacios Alfredo L<br>telefono: 154483887<br>e_mail:<br>institucion: Escuela de Educacion Secundaria Nº 14<br>tipo_de_ge: Publica<br>direccion: 1597 Palacios Alfredo L<br>telefono: 154483887<br>e_mail:<br>institucion: Escuela de Educacion Secundaria Nº 14<br>tipo_de_ge: Publica<br>direccion: 1597 Palacios Alfredo L<br>Latitud: -37.31183<br>Longitud: -59.1096<br>telefono: 154483887<br>e_mail: ]]></description>
        <styleUrl>#icon-1682-097138</styleUrl>
        <ExtendedData>
          <Data name="descripción">
            <value>descripción: descripción: descripción: 
institucion: Escuela de Educacion Secundaria Nº 14
tipo_de_ge: Publica
direccion: 1597 Palacios Alfredo L
telefono: 154483887
e_mail:
institucion: Escuela de Educacion Secundaria Nº 14
tipo_de_ge: Publica
direccion: 1597 Palacios Alfredo L
telefono: 154483887
e_mail:
institucion: Escuela de Educacion Secundaria Nº 14
tipo_de_ge: Publica
direccion: 1597 Palacios Alfredo L
telefono: 154483887
e_mail:</value>
          </Data>
          <Data name="institucion">
            <value>Escuela de Educacion Secundaria Nº 14</value>
          </Data>
          <Data name="tipo_de_ge">
            <value>Publica</value>
          </Data>
          <Data name="direccion">
            <value>1597 Palacios Alfredo L</value>
          </Data>
          <Data name="Latitud">
            <value>-37.31183</value>
          </Data>
          <Data name="Longitud">
            <value>-59.1096</value>
          </Data>
          <Data name="telefono">
            <value>154483887</value>
          </Data>
          <Data name="e_mail">
            <value/>
          </Data>
        </ExtendedData>
        <Point>
          <coordinates>
            -59.1096,-37.311834,0
          </coordinates>
        </Point>
      </Placemark>
      <Placemark>
        <name>Escuela de Educacion Secundaria Nº 16</name>
        <description><![CDATA[descripción: descripción: descripción: descripción: <br>institucion: Escuela de Educacion Secundaria Nº 16<br>tipo_de_ge: Publica<br>direccion: 2498 Maderni Abelardo<br>telefono: 443-4479<br>e_mail:<br>institucion: Escuela de Educacion Secundaria Nº 16<br>tipo_de_ge: Publica<br>direccion: 2498 Maderni Abelardo<br>telefono: 443-4479<br>e_mail:<br>institucion: Escuela de Educacion Secundaria Nº 16<br>tipo_de_ge: Publica<br>direccion: 2498 Maderni Abelardo<br>telefono: 443-4479<br>e_mail:<br>institucion: Escuela de Educacion Secundaria Nº 16<br>tipo_de_ge: Publica<br>direccion: 2498 Maderni Abelardo<br>Latitud: -37.31979<br>Longitud: -59.19896<br>telefono: 443-4479<br>e_mail: ]]></description>
        <styleUrl>#icon-1682-097138</styleUrl>
        <ExtendedData>
          <Data name="descripción">
            <value>descripción: descripción: descripción: 
institucion: Escuela de Educacion Secundaria Nº 16
tipo_de_ge: Publica
direccion: 2498 Maderni Abelardo
telefono: 443-4479
e_mail:
institucion: Escuela de Educacion Secundaria Nº 16
tipo_de_ge: Publica
direccion: 2498 Maderni Abelardo
telefono: 443-4479
e_mail:
institucion: Escuela de Educacion Secundaria Nº 16
tipo_de_ge: Publica
direccion: 2498 Maderni Abelardo
telefono: 443-4479
e_mail:</value>
          </Data>
          <Data name="institucion">
            <value>Escuela de Educacion Secundaria Nº 16</value>
          </Data>
          <Data name="tipo_de_ge">
            <value>Publica</value>
          </Data>
          <Data name="direccion">
            <value>2498 Maderni Abelardo</value>
          </Data>
          <Data name="Latitud">
            <value>-37.31979</value>
          </Data>
          <Data name="Longitud">
            <value>-59.19896</value>
          </Data>
          <Data name="telefono">
            <value>443-4479</value>
          </Data>
          <Data name="e_mail">
            <value/>
          </Data>
        </ExtendedData>
        <Point>
          <coordinates>
            -59.19896,-37.319794,0
          </coordinates>
        </Point>
      </Placemark>
      <Placemark>
        <name>Escuela de Educacion Secundaria Nº 17</name>
        <description><![CDATA[descripción: descripción: descripción: descripción: <br>institucion: Escuela de Educacion Secundaria Nº 17<br>tipo_de_ge: Publica<br>direccion: 590 Alighieri Dante<br>telefono: 445-1781<br>e_mail:<br>institucion: Escuela de Educacion Secundaria Nº 17<br>tipo_de_ge: Publica<br>direccion: 590 Alighieri Dante<br>telefono: 445-1781<br>e_mail:<br>institucion: Escuela de Educacion Secundaria Nº 17<br>tipo_de_ge: Publica<br>direccion: 590 Alighieri Dante<br>telefono: 445-1781<br>e_mail:<br>institucion: Escuela de Educacion Secundaria Nº 17<br>tipo_de_ge: Publica<br>direccion: 590 Alighieri Dante<br>Latitud: -37.30592<br>Longitud: -59.16603<br>telefono: 445-1781<br>e_mail: ]]></description>
        <styleUrl>#icon-1682-097138</styleUrl>
        <ExtendedData>
          <Data name="descripción">
            <value>descripción: descripción: descripción: 
institucion: Escuela de Educacion Secundaria Nº 17
tipo_de_ge: Publica
direccion: 590 Alighieri Dante
telefono: 445-1781
e_mail:
institucion: Escuela de Educacion Secundaria Nº 17
tipo_de_ge: Publica
direccion: 590 Alighieri Dante
telefono: 445-1781
e_mail:
institucion: Escuela de Educacion Secundaria Nº 17
tipo_de_ge: Publica
direccion: 590 Alighieri Dante
telefono: 445-1781
e_mail:</value>
          </Data>
          <Data name="institucion">
            <value>Escuela de Educacion Secundaria Nº 17</value>
          </Data>
          <Data name="tipo_de_ge">
            <value>Publica</value>
          </Data>
          <Data name="direccion">
            <value>590 Alighieri Dante</value>
          </Data>
          <Data name="Latitud">
            <value>-37.30592</value>
          </Data>
          <Data name="Longitud">
            <value>-59.16603</value>
          </Data>
          <Data name="telefono">
            <value>445-1781</value>
          </Data>
          <Data name="e_mail">
            <value/>
          </Data>
        </ExtendedData>
        <Point>
          <coordinates>
            -59.166037,-37.305925,0
          </coordinates>
        </Point>
      </Placemark>
      <Placemark>
        <name>Escuela de Educacion Secundaria Nº 18</name>
        <description><![CDATA[descripción: descripción: descripción: descripción: <br>institucion: Escuela de Educacion Secundaria Nº 18<br>tipo_de_ge: Publica<br>direccion: 1461 11 de Septiembre<br>telefono: 445-2498<br>e_mail:<br>institucion: Escuela de Educacion Secundaria Nº 18<br>tipo_de_ge: Publica<br>direccion: 1461 11 de Septiembre<br>telefono: 445-2498<br>e_mail:<br>institucion: Escuela de Educacion Secundaria Nº 18<br>tipo_de_ge: Publica<br>direccion: 1461 11 de Septiembre<br>telefono: 445-2498<br>e_mail:<br>institucion: Escuela de Educacion Secundaria Nº 18<br>tipo_de_ge: Publica<br>direccion: 1461 11 de Septiembre<br>Latitud: -37.31156<br>Longitud: -59.13086<br>telefono: 445-2498<br>e_mail: ]]></description>
        <styleUrl>#icon-1682-097138</styleUrl>
        <ExtendedData>
          <Data name="descripción">
            <value>descripción: descripción: descripción: 
institucion: Escuela de Educacion Secundaria Nº 18
tipo_de_ge: Publica
direccion: 1461 11 de Septiembre
telefono: 445-2498
e_mail:
institucion: Escuela de Educacion Secundaria Nº 18
tipo_de_ge: Publica
direccion: 1461 11 de Septiembre
telefono: 445-2498
e_mail:
institucion: Escuela de Educacion Secundaria Nº 18
tipo_de_ge: Publica
direccion: 1461 11 de Septiembre
telefono: 445-2498
e_mail:</value>
          </Data>
          <Data name="institucion">
            <value>Escuela de Educacion Secundaria Nº 18</value>
          </Data>
          <Data name="tipo_de_ge">
            <value>Publica</value>
          </Data>
          <Data name="direccion">
            <value>1461 11 de Septiembre</value>
          </Data>
          <Data name="Latitud">
            <value>-37.31156</value>
          </Data>
          <Data name="Longitud">
            <value>-59.13086</value>
          </Data>
          <Data name="telefono">
            <value>445-2498</value>
          </Data>
          <Data name="e_mail">
            <value/>
          </Data>
        </ExtendedData>
        <Point>
          <coordinates>
            -59.130865,-37.311564,0
          </coordinates>
        </Point>
      </Placemark>
      <Placemark>
        <name>Escuela de Educacion Secundaria Nº 19</name>
        <description><![CDATA[descripción: descripción: descripción: descripción: <br>institucion: Escuela de Educacion Secundaria Nº 19<br>tipo_de_ge: Publica<br>direccion: 629 Cabral Jose A<br>telefono: 443-3842<br>e_mail:<br>institucion: Escuela de Educacion Secundaria Nº 19<br>tipo_de_ge: Publica<br>direccion: 629 Cabral Jose A<br>telefono: 443-3842<br>e_mail:<br>institucion: Escuela de Educacion Secundaria Nº 19<br>tipo_de_ge: Publica<br>direccion: 629 Cabral Jose A<br>telefono: 443-3842<br>e_mail:<br>institucion: Escuela de Educacion Secundaria Nº 19<br>tipo_de_ge: Publica<br>direccion: 629 Cabral Jose A<br>Latitud: -37.31264<br>Longitud: -59.14994<br>telefono: 443-3842<br>e_mail: ]]></description>
        <styleUrl>#icon-1682-097138</styleUrl>
        <ExtendedData>
          <Data name="descripción">
            <value>descripción: descripción: descripción: 
institucion: Escuela de Educacion Secundaria Nº 19
tipo_de_ge: Publica
direccion: 629 Cabral Jose A
telefono: 443-3842
e_mail:
institucion: Escuela de Educacion Secundaria Nº 19
tipo_de_ge: Publica
direccion: 629 Cabral Jose A
telefono: 443-3842
e_mail:
institucion: Escuela de Educacion Secundaria Nº 19
tipo_de_ge: Publica
direccion: 629 Cabral Jose A
telefono: 443-3842
e_mail:</value>
          </Data>
          <Data name="institucion">
            <value>Escuela de Educacion Secundaria Nº 19</value>
          </Data>
          <Data name="tipo_de_ge">
            <value>Publica</value>
          </Data>
          <Data name="direccion">
            <value>629 Cabral Jose A</value>
          </Data>
          <Data name="Latitud">
            <value>-37.31264</value>
          </Data>
          <Data name="Longitud">
            <value>-59.14994</value>
          </Data>
          <Data name="telefono">
            <value>443-3842</value>
          </Data>
          <Data name="e_mail">
            <value/>
          </Data>
        </ExtendedData>
        <Point>
          <coordinates>
            -59.149949,-37.312645,0
          </coordinates>
        </Point>
      </Placemark>
      <Placemark>
        <name>Escuela de Educacion Secundaria Nº 20</name>
        <description><![CDATA[descripción: descripción: descripción: descripción: <br>institucion: Escuela de Educacion Secundaria Nº 20<br>tipo_de_ge: Publica<br>direccion: 102 Rivadavia Bernardino Av<br>telefono: 445-0145<br>e_mail:<br>institucion: Escuela de Educacion Secundaria Nº 20<br>tipo_de_ge: Publica<br>direccion: 102 Rivadavia Bernardino Av<br>telefono: 445-0145<br>e_mail:<br>institucion: Escuela de Educacion Secundaria Nº 20<br>tipo_de_ge: Publica<br>direccion: 102 Rivadavia Bernardino Av<br>telefono: 445-0145<br>e_mail:<br>institucion: Escuela de Educacion Secundaria Nº 20<br>tipo_de_ge: Publica<br>direccion: 102 Rivadavia Bernardino Av<br>Latitud: -37.33549<br>Longitud: -59.14144<br>telefono: 445-0145<br>e_mail: ]]></description>
        <styleUrl>#icon-1682-097138</styleUrl>
        <ExtendedData>
          <Data name="descripción">
            <value>descripción: descripción: descripción: 
institucion: Escuela de Educacion Secundaria Nº 20
tipo_de_ge: Publica
direccion: 102 Rivadavia Bernardino Av
telefono: 445-0145
e_mail:
institucion: Escuela de Educacion Secundaria Nº 20
tipo_de_ge: Publica
direccion: 102 Rivadavia Bernardino Av
telefono: 445-0145
e_mail:
institucion: Escuela de Educacion Secundaria Nº 20
tipo_de_ge: Publica
direccion: 102 Rivadavia Bernardino Av
telefono: 445-0145
e_mail:</value>
          </Data>
          <Data name="institucion">
            <value>Escuela de Educacion Secundaria Nº 20</value>
          </Data>
          <Data name="tipo_de_ge">
            <value>Publica</value>
          </Data>
          <Data name="direccion">
            <value>102 Rivadavia Bernardino Av</value>
          </Data>
          <Data name="Latitud">
            <value>-37.33549</value>
          </Data>
          <Data name="Longitud">
            <value>-59.14144</value>
          </Data>
          <Data name="telefono">
            <value>445-0145</value>
          </Data>
          <Data name="e_mail">
            <value/>
          </Data>
        </ExtendedData>
        <Point>
          <coordinates>
            -59.141443,-37.335491,0
          </coordinates>
        </Point>
      </Placemark>
      <Placemark>
        <name>Escuela de Educacion Secundaria Tecnica N°1</name>
        <description><![CDATA[descripción: descripción: descripción: descripción: <br>institucion: Escuela de Educacion Secundaria Tecnica N°1<br>tipo_de_ge: Publica<br>direccion: 2094 Colectora norte Macaya Luis Maria este<br>telefono: 443-3793<br>e_mail:<br>institucion: Escuela de Educacion Secundaria Tecnica N°1<br>tipo_de_ge: Publica<br>direccion: 2094 Colectora norte Macaya Luis Maria este<br>telefono: 443-3793<br>e_mail:<br>institucion: Escuela de Educacion Secundaria Tecnica N°1<br>tipo_de_ge: Publica<br>direccion: 2094 Colectora norte Macaya Luis Maria este<br>telefono: 443-3793<br>e_mail:<br>institucion: Escuela de Educacion Secundaria Tecnica N°1<br>tipo_de_ge: Publica<br>direccion: 2094 Colectora norte Macaya Luis Maria este<br>Latitud: -37.3014<br>Longitud: -59.12629<br>telefono: 443-3793<br>e_mail: ]]></description>
        <styleUrl>#icon-1682-097138</styleUrl>
        <ExtendedData>
          <Data name="descripción">
            <value>descripción: descripción: descripción: 
institucion: Escuela de Educacion Secundaria Tecnica N°1
tipo_de_ge: Publica
direccion: 2094 Colectora norte Macaya Luis Maria este
telefono: 443-3793
e_mail:
institucion: Escuela de Educacion Secundaria Tecnica N°1
tipo_de_ge: Publica
direccion: 2094 Colectora norte Macaya Luis Maria este
telefono: 443-3793
e_mail:
institucion: Escuela de Educacion Secundaria Tecnica N°1
tipo_de_ge: Publica
direccion: 2094 Colectora norte Macaya Luis Maria este
telefono: 443-3793
e_mail:</value>
          </Data>
          <Data name="institucion">
            <value>Escuela de Educacion Secundaria Tecnica N°1</value>
          </Data>
          <Data name="tipo_de_ge">
            <value>Publica</value>
          </Data>
          <Data name="direccion">
            <value>2094 Colectora norte Macaya Luis Maria este</value>
          </Data>
          <Data name="Latitud">
            <value>-37.3014</value>
          </Data>
          <Data name="Longitud">
            <value>-59.12629</value>
          </Data>
          <Data name="telefono">
            <value>443-3793</value>
          </Data>
          <Data name="e_mail">
            <value/>
          </Data>
        </ExtendedData>
        <Point>
          <coordinates>
            -59.126291,-37.301409,0
          </coordinates>
        </Point>
      </Placemark>
      <Placemark>
        <name>Escuela de Educacion Secundaria Tecnica N°2</name>
        <description><![CDATA[descripción: descripción: descripción: descripción: <br>institucion: Escuela de Educacion Secundaria Tecnica N°2<br>tipo_de_ge: Publica<br>direccion: 285 Alem Leandro N<br>telefono: 444-2633 /37<br>e_mail:<br>institucion: Escuela de Educacion Secundaria Tecnica N°2<br>tipo_de_ge: Publica<br>direccion: 285 Alem Leandro N<br>telefono: 444-2633 /37<br>e_mail:<br>institucion: Escuela de Educacion Secundaria Tecnica N°2<br>tipo_de_ge: Publica<br>direccion: 285 Alem Leandro N<br>telefono: 444-2633 /37<br>e_mail:<br>institucion: Escuela de Educacion Secundaria Tecnica N°2<br>tipo_de_ge: Publica<br>direccion: 285 Alem Leandro N<br>Latitud: -37.32916<br>Longitud: -59.13145<br>telefono: 444-2633 /37<br>e_mail: ]]></description>
        <styleUrl>#icon-1682-097138</styleUrl>
        <ExtendedData>
          <Data name="descripción">
            <value>descripción: descripción: descripción: 
institucion: Escuela de Educacion Secundaria Tecnica N°2
tipo_de_ge: Publica
direccion: 285 Alem Leandro N
telefono: 444-2633 /37
e_mail:
institucion: Escuela de Educacion Secundaria Tecnica N°2
tipo_de_ge: Publica
direccion: 285 Alem Leandro N
telefono: 444-2633 /37
e_mail:
institucion: Escuela de Educacion Secundaria Tecnica N°2
tipo_de_ge: Publica
direccion: 285 Alem Leandro N
telefono: 444-2633 /37
e_mail:</value>
          </Data>
          <Data name="institucion">
            <value>Escuela de Educacion Secundaria Tecnica N°2</value>
          </Data>
          <Data name="tipo_de_ge">
            <value>Publica</value>
          </Data>
          <Data name="direccion">
            <value>285 Alem Leandro N</value>
          </Data>
          <Data name="Latitud">
            <value>-37.32916</value>
          </Data>
          <Data name="Longitud">
            <value>-59.13145</value>
          </Data>
          <Data name="telefono">
            <value>444-2633 /37</value>
          </Data>
          <Data name="e_mail">
            <value/>
          </Data>
        </ExtendedData>
        <Point>
          <coordinates>
            -59.131452,-37.329164,0
          </coordinates>
        </Point>
      </Placemark>
      <Placemark>
        <name>Escuela de Educacion Secundaria Tecnica N° 3</name>
        <description><![CDATA[descripción: descripción: descripción: descripción: <br>institucion: Escuela de Educacion Secundaria Tecnica N° 3<br>tipo_de_ge: Publica<br>direccion: 636 Irigoyen Hipolito<br>telefono: 442-2981<br>e_mail: secretariatecnica3tandil@hotmail.com<br>institucion: Escuela de Educacion Secundaria Tecnica N° 3<br>tipo_de_ge: Publica<br>direccion: 636 Irigoyen Hipolito<br>telefono: 442-2981<br>e_mail: secretariatecnica3tandil@hotmail.com<br>institucion: Escuela de Educacion Secundaria Tecnica N° 3<br>tipo_de_ge: Publica<br>direccion: 636 Irigoyen Hipolito<br>telefono: 442-2981<br>e_mail: secretariatecnica3tandil@hotmail.com<br>institucion: Escuela de Educacion Secundaria Tecnica N° 3<br>tipo_de_ge: Publica<br>direccion: 636 Irigoyen Hipolito<br>Latitud: -37.32639<br><br>Longitud: -59.13828<br>telefono: 442-2981<br>e_mail: secretariatecnica3tandil@hotmail.com]]></description>
        <styleUrl>#icon-1682-097138</styleUrl>
        <ExtendedData>
          <Data name="descripción">
            <value>descripción: descripción: descripción: 
institucion: Escuela de Educacion Secundaria Tecnica N° 3
tipo_de_ge: Publica
direccion: 636 Irigoyen Hipolito
telefono: 442-2981
e_mail: secretariatecnica3tandil@hotmail.com
institucion: Escuela de Educacion Secundaria Tecnica N° 3
tipo_de_ge: Publica
direccion: 636 Irigoyen Hipolito
telefono: 442-2981
e_mail: secretariatecnica3tandil@hotmail.com
institucion: Escuela de Educacion Secundaria Tecnica N° 3
tipo_de_ge: Publica
direccion: 636 Irigoyen Hipolito
telefono: 442-2981
e_mail: secretariatecnica3tandil@hotmail.com</value>
          </Data>
          <Data name="institucion">
            <value>Escuela de Educacion Secundaria Tecnica N° 3</value>
          </Data>
          <Data name="tipo_de_ge">
            <value>Publica</value>
          </Data>
          <Data name="direccion">
            <value>636 Irigoyen Hipolito</value>
          </Data>
          <Data name="Latitud">
            <value>-37.32639
</value>
          </Data>
          <Data name="Longitud">
            <value>-59.13828</value>
          </Data>
          <Data name="telefono">
            <value>442-2981</value>
          </Data>
          <Data name="e_mail">
            <value>secretariatecnica3tandil@hotmail.com</value>
          </Data>
        </ExtendedData>
        <Point>
          <coordinates>
            -59.13829,-37.326396,0
          </coordinates>
        </Point>
      </Placemark>
      <Placemark>
        <name>Escuela de Educacion Secundaria Tecnica N° 4</name>
        <description><![CDATA[descripción: descripción: descripción: descripción: <br>institucion: Escuela de Educacion Secundaria Tecnica N° 4<br>tipo_de_ge: Publica<br>direccion: Independencia & 9 de julio (Gardey)<br>telefono: 449-3296<br>e_mail:<br>institucion: Escuela de Educacion Secundaria Tecnica N° 4<br>tipo_de_ge: Publica<br>direccion: Independencia & 9 de julio (Gardey)<br>telefono: 449-3296<br>e_mail:<br>institucion: Escuela de Educacion Secundaria Tecnica N° 4<br>tipo_de_ge: Publica<br>direccion: Independencia & 9 de julio (Gardey)<br>telefono: 449-3296<br>e_mail:<br>institucion: Escuela de Educacion Secundaria Tecnica N° 4<br>tipo_de_ge: Publica<br>direccion: Independencia &amp; 9 de julio (Gardey)<br>Latitud: -37.28276<br>Longitud: -59.36022<br>telefono: 449-3296<br>e_mail: ]]></description>
        <styleUrl>#icon-1682-097138</styleUrl>
        <ExtendedData>
          <Data name="descripción">
            <value><![CDATA[descripción: descripción: descripción: 
institucion: Escuela de Educacion Secundaria Tecnica N° 4
tipo_de_ge: Publica
direccion: Independencia & 9 de julio (Gardey)
telefono: 449-3296
e_mail:
institucion: Escuela de Educacion Secundaria Tecnica N° 4
tipo_de_ge: Publica
direccion: Independencia & 9 de julio (Gardey)
telefono: 449-3296
e_mail:
institucion: Escuela de Educacion Secundaria Tecnica N° 4
tipo_de_ge: Publica
direccion: Independencia & 9 de julio (Gardey)
telefono: 449-3296
e_mail:]]></value>
          </Data>
          <Data name="institucion">
            <value>Escuela de Educacion Secundaria Tecnica N° 4</value>
          </Data>
          <Data name="tipo_de_ge">
            <value>Publica</value>
          </Data>
          <Data name="direccion">
            <value><![CDATA[Independencia &amp; 9 de julio (Gardey)]]></value>
          </Data>
          <Data name="Latitud">
            <value>-37.28276</value>
          </Data>
          <Data name="Longitud">
            <value>-59.36022</value>
          </Data>
          <Data name="telefono">
            <value>449-3296</value>
          </Data>
          <Data name="e_mail">
            <value/>
          </Data>
        </ExtendedData>
        <Point>
          <coordinates>
            -59.360229,-37.282761,0
          </coordinates>
        </Point>
      </Placemark>
      <Placemark>
        <name>Escuela de Educacion Secundaria Tecnica N° 5</name>
        <description><![CDATA[descripción: descripción: descripción: descripción: <br>institucion: Escuela de Educacion Secundaria Tecnica N° 5<br>tipo_de_ge: Publica<br>direccion: 925 Peron Presidente Juan Domingo Av<br>telefono: 443-3791 /92<br>e_mail:<br>institucion: Escuela de Educacion Secundaria Tecnica N° 5<br>tipo_de_ge: Publica<br>direccion: 925 Peron Presidente Juan Domingo Av<br>telefono: 443-3791 /92<br>e_mail:<br>institucion: Escuela de Educacion Secundaria Tecnica N° 5<br>tipo_de_ge: Publica<br>direccion: 925 Peron Presidente Juan Domingo Av<br>telefono: 443-3791 /92<br>e_mail:<br>institucion: Escuela de Educacion Secundaria Tecnica N° 5<br>tipo_de_ge: Publica<br>direccion: 925 Peron Presidente Juan Domingo Av<br>Latitud: -37.32554<br>Longitud: -59.14733<br>telefono: 443-3791 /92<br>e_mail: ]]></description>
        <styleUrl>#icon-1682-097138</styleUrl>
        <ExtendedData>
          <Data name="descripción">
            <value>descripción: descripción: descripción: 
institucion: Escuela de Educacion Secundaria Tecnica N° 5
tipo_de_ge: Publica
direccion: 925 Peron Presidente Juan Domingo Av
telefono: 443-3791 /92
e_mail:
institucion: Escuela de Educacion Secundaria Tecnica N° 5
tipo_de_ge: Publica
direccion: 925 Peron Presidente Juan Domingo Av
telefono: 443-3791 /92
e_mail:
institucion: Escuela de Educacion Secundaria Tecnica N° 5
tipo_de_ge: Publica
direccion: 925 Peron Presidente Juan Domingo Av
telefono: 443-3791 /92
e_mail:</value>
          </Data>
          <Data name="institucion">
            <value>Escuela de Educacion Secundaria Tecnica N° 5</value>
          </Data>
          <Data name="tipo_de_ge">
            <value>Publica</value>
          </Data>
          <Data name="direccion">
            <value>925 Peron Presidente Juan Domingo Av</value>
          </Data>
          <Data name="Latitud">
            <value>-37.32554</value>
          </Data>
          <Data name="Longitud">
            <value>-59.14733</value>
          </Data>
          <Data name="telefono">
            <value>443-3791 /92</value>
          </Data>
          <Data name="e_mail">
            <value/>
          </Data>
        </ExtendedData>
        <Point>
          <coordinates>
            -59.14734,-37.325549,0
          </coordinates>
        </Point>
      </Placemark>
      <Placemark>
        <name>Escuela Nacional Ernesto Sabato</name>
        <description><![CDATA[descripción: descripción: descripción: descripción: <br>institucion: Escuela Nacional Ernesto Sabato<br>tipo_de_ge: Publica<br>direccion: 670 Loberia<br>telefono: 4430387<br>e_mail: enes.unicen@gmail.com<br>institucion: Escuela Nacional Ernesto Sabato<br>tipo_de_ge: Publica<br>direccion: 670 Loberia<br>telefono: 4430387<br>e_mail: enes.unicen@gmail.com<br>institucion: Escuela Nacional Ernesto Sabato<br>tipo_de_ge: Publica<br>direccion: 670 Loberia<br>telefono: 4430387<br>e_mail: enes.unicen@gmail.com<br>institucion: Escuela Nacional Ernesto Sabato<br>tipo_de_ge: Publica<br>direccion: 670 Loberia<br>Latitud: -37.33917<br>Longitud: -59.12789<br>telefono: 4430387<br>e_mail: enes.unicen@gmail.com]]></description>
        <styleUrl>#icon-1682-097138</styleUrl>
        <ExtendedData>
          <Data name="descripción">
            <value>descripción: descripción: descripción: 
institucion: Escuela Nacional Ernesto Sabato
tipo_de_ge: Publica
direccion: 670 Loberia
telefono: 4430387
e_mail: enes.unicen@gmail.com
institucion: Escuela Nacional Ernesto Sabato
tipo_de_ge: Publica
direccion: 670 Loberia
telefono: 4430387
e_mail: enes.unicen@gmail.com
institucion: Escuela Nacional Ernesto Sabato
tipo_de_ge: Publica
direccion: 670 Loberia
telefono: 4430387
e_mail: enes.unicen@gmail.com</value>
          </Data>
          <Data name="institucion">
            <value>Escuela Nacional Ernesto Sabato</value>
          </Data>
          <Data name="tipo_de_ge">
            <value>Publica</value>
          </Data>
          <Data name="direccion">
            <value>670 Loberia</value>
          </Data>
          <Data name="Latitud">
            <value>-37.33917</value>
          </Data>
          <Data name="Longitud">
            <value>-59.12789</value>
          </Data>
          <Data name="telefono">
            <value>4430387</value>
          </Data>
          <Data name="e_mail">
            <value>enes.unicen@gmail.com</value>
          </Data>
        </ExtendedData>
        <Point>
          <coordinates>
            -59.127891,-37.339173,0
          </coordinates>
        </Point>
      </Placemark>
    </Folder>
  </Document>
</kml>
