<?xml version="1.0" encoding="UTF-8"?>
<kml xmlns="http://www.opengis.net/kml/2.2">
  <Document>
    <name>Gobierno Abierto Tandil | Espacios Verdes</name>
    <description/>
    <Style id="line-097138-1000-normal">
      <LineStyle>
        <color>ff387109</color>
        <width>1</width>
      </LineStyle>
    </Style>
    <Style id="line-097138-1000-highlight">
      <LineStyle>
        <color>ff387109</color>
        <width>1.5</width>
      </LineStyle>
    </Style>
    <StyleMap id="line-097138-1000">
      <Pair>
        <key>normal</key>
        <styleUrl>#line-097138-1000-normal</styleUrl>
      </Pair>
      <Pair>
        <key>highlight</key>
        <styleUrl>#line-097138-1000-highlight</styleUrl>
      </Pair>
    </StyleMap>
    <Style id="poly-097138-1000-0-normal">
      <LineStyle>
        <color>ff387109</color>
        <width>1</width>
      </LineStyle>
      <PolyStyle>
        <color>00387109</color>
        <fill>1</fill>
        <outline>1</outline>
      </PolyStyle>
    </Style>
    <Style id="poly-097138-1000-0-highlight">
      <LineStyle>
        <color>ff387109</color>
        <width>1.5</width>
      </LineStyle>
      <PolyStyle>
        <color>00387109</color>
        <fill>1</fill>
        <outline>1</outline>
      </PolyStyle>
    </Style>
    <StyleMap id="poly-097138-1000-0">
      <Pair>
        <key>normal</key>
        <styleUrl>#poly-097138-1000-0-normal</styleUrl>
      </Pair>
      <Pair>
        <key>highlight</key>
        <styleUrl>#poly-097138-1000-0-highlight</styleUrl>
      </Pair>
    </StyleMap>
    <Style id="poly-097138-997-3-normal">
      <LineStyle>
        <color>ff387109</color>
        <width>0.997</width>
      </LineStyle>
      <PolyStyle>
        <color>03387109</color>
        <fill>1</fill>
        <outline>1</outline>
      </PolyStyle>
    </Style>
    <Style id="poly-097138-997-3-highlight">
      <LineStyle>
        <color>ff387109</color>
        <width>1.4955</width>
      </LineStyle>
      <PolyStyle>
        <color>03387109</color>
        <fill>1</fill>
        <outline>1</outline>
      </PolyStyle>
    </Style>
    <StyleMap id="poly-097138-997-3">
      <Pair>
        <key>normal</key>
        <styleUrl>#poly-097138-997-3-normal</styleUrl>
      </Pair>
      <Pair>
        <key>highlight</key>
        <styleUrl>#poly-097138-997-3-highlight</styleUrl>
      </Pair>
    </StyleMap>
    <Folder>
      <name>Espacios Verdes Públicos</name>
      <Placemark>
        <name>LINIERS Y CANADÁ (COMODATO A TERMINAR)</name>
        <description><![CDATA[Descripción: <br>altitudeMode: clampToGround<br>E_Verde: LINIERS Y CANADÁ (COMODATO A TERMINAR)<br>TIPO: PLAZA<br>FID: 0<br>Field_1: LINIERS Y CANADÁ (COMODATO A TERMINAR)<br>Hectáreas: 1.13]]></description>
        <styleUrl>#poly-097138-1000-0</styleUrl>
        <ExtendedData>
          <Data name="Descripción">
            <value/>
          </Data>
          <Data name="altitudeMode">
            <value>clampToGround</value>
          </Data>
          <Data name="E_Verde">
            <value>LINIERS Y CANADÁ (COMODATO A TERMINAR)</value>
          </Data>
          <Data name="TIPO">
            <value>PLAZA</value>
          </Data>
          <Data name="FID">
            <value>0</value>
          </Data>
          <Data name="Field_1">
            <value>LINIERS Y CANADÁ (COMODATO A TERMINAR)</value>
          </Data>
          <Data name="Hectáreas">
            <value>1.13</value>
          </Data>
        </ExtendedData>
        <Polygon>
          <outerBoundaryIs>
            <LinearRing>
              <tessellate>1</tessellate>
              <coordinates>
                -59.110798,-37.321094,0
                -59.11072,-37.321155,0
                -59.110639,-37.321218,0
                -59.110559,-37.321281,0
                -59.110478,-37.321344,0
                -59.110398,-37.321406,0
                -59.110321,-37.321466,0
                -59.110234,-37.321534,0
                -59.109569,-37.320996,0
                -59.10958,-37.320931,0
                -59.110562,-37.32019,0
                -59.110624,-37.320188,0
                -59.111282,-37.320718,0
                -59.111117,-37.320846,0
                -59.111032,-37.320912,0
                -59.11096,-37.320968,0
                -59.110876,-37.321034,0
                -59.110798,-37.321094,0
              </coordinates>
            </LinearRing>
          </outerBoundaryIs>
        </Polygon>
      </Placemark>
      <Placemark>
        <name>ANFTEATRO A LA GORRA</name>
        <description><![CDATA[Descripción: <br>altitudeMode: clampToGround<br>E_Verde: ANFTEATRO A LA GORRA<br>TIPO: ANFITEATRO<br>FID: 1<br>Field_1: ANFTEATRO A LA GORRA<br>Hectáreas: 0.921]]></description>
        <styleUrl>#poly-097138-1000-0</styleUrl>
        <ExtendedData>
          <Data name="Descripción">
            <value/>
          </Data>
          <Data name="altitudeMode">
            <value>clampToGround</value>
          </Data>
          <Data name="E_Verde">
            <value>ANFTEATRO A LA GORRA</value>
          </Data>
          <Data name="TIPO">
            <value>ANFITEATRO</value>
          </Data>
          <Data name="FID">
            <value>1</value>
          </Data>
          <Data name="Field_1">
            <value>ANFTEATRO A LA GORRA</value>
          </Data>
          <Data name="Hectáreas">
            <value>0.921</value>
          </Data>
        </ExtendedData>
        <MultiGeometry>
          <Polygon>
            <outerBoundaryIs>
              <LinearRing>
                <tessellate>1</tessellate>
                <coordinates>
                  -59.168531,-37.308333,0
                  -59.16818,-37.308031,0
                  -59.169933,-37.307649,0
                  -59.168788,-37.308568,0
                  -59.168531,-37.308333,0
                </coordinates>
              </LinearRing>
            </outerBoundaryIs>
          </Polygon>
          <Polygon>
            <outerBoundaryIs>
              <LinearRing>
                <tessellate>1</tessellate>
                <coordinates>
                  -59.168798,-37.307387,0
                  -59.168956,-37.307528,0
                  -59.168534,-37.307577,0
                  -59.168798,-37.307387,0
                </coordinates>
              </LinearRing>
            </outerBoundaryIs>
          </Polygon>
          <Polygon>
            <outerBoundaryIs>
              <LinearRing>
                <tessellate>1</tessellate>
                <coordinates>
                  -59.168906,-37.307234,0
                  -59.169395,-37.306845,0
                  -59.169977,-37.307305,0
                  -59.169138,-37.307418,0
                  -59.168906,-37.307234,0
                </coordinates>
              </LinearRing>
            </outerBoundaryIs>
          </Polygon>
        </MultiGeometry>
      </Placemark>
      <Placemark>
        <name>BOULEVARD VELA</name>
        <description><![CDATA[Descripción: <br>altitudeMode: clampToGround<br>E_Verde: BOULEVARD VELA<br>TIPO: BOULEVARD<br>FID: 3<br>Field_1: BOULEVARD VELA<br>Hectáreas: 0.636]]></description>
        <styleUrl>#poly-097138-1000-0</styleUrl>
        <ExtendedData>
          <Data name="Descripción">
            <value/>
          </Data>
          <Data name="altitudeMode">
            <value>clampToGround</value>
          </Data>
          <Data name="E_Verde">
            <value>BOULEVARD VELA</value>
          </Data>
          <Data name="TIPO">
            <value>BOULEVARD</value>
          </Data>
          <Data name="FID">
            <value>3</value>
          </Data>
          <Data name="Field_1">
            <value>BOULEVARD VELA</value>
          </Data>
          <Data name="Hectáreas">
            <value>0.636</value>
          </Data>
        </ExtendedData>
        <MultiGeometry>
          <Polygon>
            <outerBoundaryIs>
              <LinearRing>
                <tessellate>1</tessellate>
                <coordinates>
                  -59.505084,-37.402957,0
                  -59.505989,-37.402297,0
                  -59.506068,-37.402364,0
                  -59.505159,-37.403027,0
                  -59.505084,-37.402957,0
                </coordinates>
              </LinearRing>
            </outerBoundaryIs>
          </Polygon>
          <Polygon>
            <outerBoundaryIs>
              <LinearRing>
                <tessellate>1</tessellate>
                <coordinates>
                  -59.506101,-37.402224,0
                  -59.506966,-37.401509,0
                  -59.507057,-37.401592,0
                  -59.506176,-37.402294,0
                  -59.506101,-37.402224,0
                </coordinates>
              </LinearRing>
            </outerBoundaryIs>
          </Polygon>
          <Polygon>
            <outerBoundaryIs>
              <LinearRing>
                <tessellate>1</tessellate>
                <coordinates>
                  -59.507078,-37.401414,0
                  -59.507975,-37.400747,0
                  -59.508058,-37.400811,0
                  -59.507173,-37.401501,0
                  -59.507078,-37.401414,0
                </coordinates>
              </LinearRing>
            </outerBoundaryIs>
          </Polygon>
          <Polygon>
            <outerBoundaryIs>
              <LinearRing>
                <tessellate>1</tessellate>
                <coordinates>
                  -59.508067,-37.400646,0
                  -59.50894,-37.399963,0
                  -59.509043,-37.400037,0
                  -59.50817,-37.400723,0
                  -59.508067,-37.400646,0
                </coordinates>
              </LinearRing>
            </outerBoundaryIs>
          </Polygon>
          <Polygon>
            <outerBoundaryIs>
              <LinearRing>
                <tessellate>1</tessellate>
                <coordinates>
                  -59.509028,-37.399884,0
                  -59.509809,-37.399287,0
                  -59.509908,-37.399427,0
                  -59.509139,-37.399961,0
                  -59.509028,-37.399884,0
                </coordinates>
              </LinearRing>
            </outerBoundaryIs>
          </Polygon>
        </MultiGeometry>
      </Placemark>
      <Placemark>
        <name>CANCHA DE HOCKEY LAS PUMAS</name>
        <description><![CDATA[Descripción: <br>altitudeMode: clampToGround<br>E_Verde: CANCHA DE HOCKEY LAS PUMAS<br>TIPO: ESPACIO RECREATIVO<br>FID: 4<br>Field_1: CANCHA DE HOCKEY LAS PUMAS<br>Hectáreas: 1.61]]></description>
        <styleUrl>#poly-097138-1000-0</styleUrl>
        <ExtendedData>
          <Data name="Descripción">
            <value/>
          </Data>
          <Data name="altitudeMode">
            <value>clampToGround</value>
          </Data>
          <Data name="E_Verde">
            <value>CANCHA DE HOCKEY LAS PUMAS</value>
          </Data>
          <Data name="TIPO">
            <value>ESPACIO RECREATIVO</value>
          </Data>
          <Data name="FID">
            <value>4</value>
          </Data>
          <Data name="Field_1">
            <value>CANCHA DE HOCKEY LAS PUMAS</value>
          </Data>
          <Data name="Hectáreas">
            <value>1.61</value>
          </Data>
        </ExtendedData>
        <Polygon>
          <outerBoundaryIs>
            <LinearRing>
              <tessellate>1</tessellate>
              <coordinates>
                -59.149349,-37.337156,0
                -59.14869,-37.338203,0
                -59.14747,-37.337754,0
                -59.147454,-37.337718,0
                -59.148053,-37.33671,0
                -59.148099,-37.336697,0
                -59.149349,-37.337156,0
              </coordinates>
            </LinearRing>
          </outerBoundaryIs>
        </Polygon>
      </Placemark>
      <Placemark>
        <name>CENTINELA</name>
        <description><![CDATA[Descripción: <br>altitudeMode: clampToGround<br>E_Verde: CENTINELA<br>TIPO: PARQUE<br>FID: 5<br>Field_1: CENTINELA<br>Hectáreas: 91.1]]></description>
        <styleUrl>#poly-097138-1000-0</styleUrl>
        <ExtendedData>
          <Data name="Descripción">
            <value/>
          </Data>
          <Data name="altitudeMode">
            <value>clampToGround</value>
          </Data>
          <Data name="E_Verde">
            <value>CENTINELA</value>
          </Data>
          <Data name="TIPO">
            <value>PARQUE</value>
          </Data>
          <Data name="FID">
            <value>5</value>
          </Data>
          <Data name="Field_1">
            <value>CENTINELA</value>
          </Data>
          <Data name="Hectáreas">
            <value>91.1</value>
          </Data>
        </ExtendedData>
        <Polygon>
          <outerBoundaryIs>
            <LinearRing>
              <tessellate>1</tessellate>
              <coordinates>
                -59.172581,-37.349194,0
                -59.174935,-37.351178,0
                -59.175111,-37.352825,0
                -59.175133,-37.35443,0
                -59.175232,-37.356338,0
                -59.175435,-37.358755,0
                -59.170496,-37.362613,0
                -59.163235,-37.356611,0
                -59.172581,-37.349194,0
              </coordinates>
            </LinearRing>
          </outerBoundaryIs>
        </Polygon>
      </Placemark>
      <Placemark>
        <name>ESPACIO RECREATIVO VILLA CORDOVITA</name>
        <description><![CDATA[Descripción: <br>altitudeMode: clampToGround<br>E_Verde: ESPACIO RECREATIVO VILLA CORDOVITA<br>TIPO: ESPACIO RECREATIVO<br>FID: 6<br>Field_1: ESPACIO RECREATIVO VILLA CORDOVITA<br>Hectáreas: 1.56]]></description>
        <styleUrl>#poly-097138-1000-0</styleUrl>
        <ExtendedData>
          <Data name="Descripción">
            <value/>
          </Data>
          <Data name="altitudeMode">
            <value>clampToGround</value>
          </Data>
          <Data name="E_Verde">
            <value>ESPACIO RECREATIVO VILLA CORDOVITA</value>
          </Data>
          <Data name="TIPO">
            <value>ESPACIO RECREATIVO</value>
          </Data>
          <Data name="FID">
            <value>6</value>
          </Data>
          <Data name="Field_1">
            <value>ESPACIO RECREATIVO VILLA CORDOVITA</value>
          </Data>
          <Data name="Hectáreas">
            <value>1.56</value>
          </Data>
        </ExtendedData>
        <Polygon>
          <outerBoundaryIs>
            <LinearRing>
              <tessellate>1</tessellate>
              <coordinates>
                -59.159301,-37.331694,0
                -59.15872,-37.331688,0
                -59.158083,-37.331682,0
                -59.157735,-37.331647,0
                -59.157288,-37.331643,0
                -59.156587,-37.331636,0
                -59.155935,-37.331631,0
                -59.155624,-37.331628,0
                -59.155611,-37.331381,0
                -59.155374,-37.331248,0
                -59.155424,-37.330986,0
                -59.155711,-37.331021,0
                -59.155977,-37.331181,0
                -59.156309,-37.33131,0
                -59.156696,-37.331352,0
                -59.157219,-37.331366,0
                -59.157617,-37.331354,0
                -59.157953,-37.331286,0
                -59.158397,-37.331111,0
                -59.159007,-37.331118,0
                -59.159328,-37.331401,0
                -59.159301,-37.331694,0
              </coordinates>
            </LinearRing>
          </outerBoundaryIs>
        </Polygon>
      </Placemark>
      <Placemark>
        <name>ESPACIO SOCIO RECREATIVO</name>
        <description><![CDATA[Descripción: <br>altitudeMode: clampToGround<br>E_Verde: ESPACIO SOCIO RECREATIVO<br>TIPO: ESPACIO RECREATIVO<br>FID: 7<br>Field_1: ESPACIO SOCIO RECREATIVO<br>Hectáreas: 1.39]]></description>
        <styleUrl>#poly-097138-1000-0</styleUrl>
        <ExtendedData>
          <Data name="Descripción">
            <value/>
          </Data>
          <Data name="altitudeMode">
            <value>clampToGround</value>
          </Data>
          <Data name="E_Verde">
            <value>ESPACIO SOCIO RECREATIVO</value>
          </Data>
          <Data name="TIPO">
            <value>ESPACIO RECREATIVO</value>
          </Data>
          <Data name="FID">
            <value>7</value>
          </Data>
          <Data name="Field_1">
            <value>ESPACIO SOCIO RECREATIVO</value>
          </Data>
          <Data name="Hectáreas">
            <value>1.39</value>
          </Data>
        </ExtendedData>
        <Polygon>
          <outerBoundaryIs>
            <LinearRing>
              <tessellate>1</tessellate>
              <coordinates>
                -59.127938,-37.302586,0
                -59.127146,-37.301962,0
                -59.127147,-37.301922,0
                -59.128134,-37.301138,0
                -59.128197,-37.301137,0
                -59.128905,-37.30169,0
                -59.128991,-37.301761,0
                -59.128992,-37.301807,0
                -59.128766,-37.301987,0
                -59.128001,-37.302589,0
                -59.127938,-37.302586,0
              </coordinates>
            </LinearRing>
          </outerBoundaryIs>
        </Polygon>
      </Placemark>
      <Placemark>
        <name>FUENTE DE LOS VASCOS</name>
        <description><![CDATA[Descripción: <br>altitudeMode: clampToGround<br>E_Verde: FUENTE DE LOS VASCOS<br>TIPO: ESPACIO RECREATIVO<br>FID: 9<br>Field_1: FUENTE DE LOS VASCOS<br>Hectáreas: 0.103]]></description>
        <styleUrl>#poly-097138-1000-0</styleUrl>
        <ExtendedData>
          <Data name="Descripción">
            <value/>
          </Data>
          <Data name="altitudeMode">
            <value>clampToGround</value>
          </Data>
          <Data name="E_Verde">
            <value>FUENTE DE LOS VASCOS</value>
          </Data>
          <Data name="TIPO">
            <value>ESPACIO RECREATIVO</value>
          </Data>
          <Data name="FID">
            <value>9</value>
          </Data>
          <Data name="Field_1">
            <value>FUENTE DE LOS VASCOS</value>
          </Data>
          <Data name="Hectáreas">
            <value>0.103</value>
          </Data>
        </ExtendedData>
        <Polygon>
          <outerBoundaryIs>
            <LinearRing>
              <tessellate>1</tessellate>
              <coordinates>
                -59.138152,-37.342892,0
                -59.138202,-37.342811,0
                -59.138308,-37.342756,0
                -59.138414,-37.342751,0
                -59.138486,-37.342766,0
                -59.138554,-37.342811,0
                -59.138577,-37.342876,0
                -59.138573,-37.34294,0
                -59.13856,-37.34299,0
                -59.138484,-37.343049,0
                -59.138375,-37.343062,0
                -59.138296,-37.343046,0
                -59.1382,-37.34301,0
                -59.138155,-37.342959,0
                -59.138152,-37.342892,0
              </coordinates>
            </LinearRing>
          </outerBoundaryIs>
        </Polygon>
      </Placemark>
      <Placemark>
        <name>NUESTRA SEÑORA DE LOURDES</name>
        <description><![CDATA[Descripción: <br>altitudeMode: clampToGround<br>E_Verde: NUESTRA SEÑORA DE LOURDES<br>TIPO: ESPACIO RECREATIVO<br>FID: 11<br>Field_1: NUESTRA SEÑORA DE LOURDES<br>Hectáreas: 0.541]]></description>
        <styleUrl>#poly-097138-1000-0</styleUrl>
        <ExtendedData>
          <Data name="Descripción">
            <value/>
          </Data>
          <Data name="altitudeMode">
            <value>clampToGround</value>
          </Data>
          <Data name="E_Verde">
            <value>NUESTRA SEÑORA DE LOURDES</value>
          </Data>
          <Data name="TIPO">
            <value>ESPACIO RECREATIVO</value>
          </Data>
          <Data name="FID">
            <value>11</value>
          </Data>
          <Data name="Field_1">
            <value>NUESTRA SEÑORA DE LOURDES</value>
          </Data>
          <Data name="Hectáreas">
            <value>0.541</value>
          </Data>
        </ExtendedData>
        <Polygon>
          <outerBoundaryIs>
            <LinearRing>
              <tessellate>1</tessellate>
              <coordinates>
                -59.14715,-37.331279,0
                -59.146944,-37.3312,0
                -59.146696,-37.331104,0
                -59.146607,-37.331075,0
                -59.146614,-37.331029,0
                -59.146611,-37.330969,0
                -59.146608,-37.330923,0
                -59.146606,-37.330829,0
                -59.146599,-37.330723,0
                -59.146591,-37.330557,0
                -59.146353,-37.330533,0
                -59.146534,-37.330229,0
                -59.146567,-37.330175,0
                -59.146571,-37.330177,0
                -59.146652,-37.330207,0
                -59.147137,-37.330396,0
                -59.147159,-37.330725,0
                -59.147164,-37.330792,0
                -59.14717,-37.330892,0
                -59.147176,-37.330996,0
                -59.147182,-37.331094,0
                -59.147187,-37.331197,0
                -59.147193,-37.331295,0
                -59.14715,-37.331279,0
              </coordinates>
            </LinearRing>
          </outerBoundaryIs>
        </Polygon>
      </Placemark>
      <Placemark>
        <name>NUEVA PLAZA DE VELA</name>
        <description><![CDATA[Descripción: <br>altitudeMode: clampToGround<br>E_Verde: NUEVA PLAZA DE VELA<br>TIPO: PLAZA<br>FID: 12<br>Field_1: NUEVA PLAZA DE VELA<br>Hectáreas: 1.27]]></description>
        <styleUrl>#poly-097138-1000-0</styleUrl>
        <ExtendedData>
          <Data name="Descripción">
            <value/>
          </Data>
          <Data name="altitudeMode">
            <value>clampToGround</value>
          </Data>
          <Data name="E_Verde">
            <value>NUEVA PLAZA DE VELA</value>
          </Data>
          <Data name="TIPO">
            <value>PLAZA</value>
          </Data>
          <Data name="FID">
            <value>12</value>
          </Data>
          <Data name="Field_1">
            <value>NUEVA PLAZA DE VELA</value>
          </Data>
          <Data name="Hectáreas">
            <value>1.27</value>
          </Data>
        </ExtendedData>
        <Polygon>
          <outerBoundaryIs>
            <LinearRing>
              <tessellate>1</tessellate>
              <coordinates>
                -59.502948,-37.399805,0
                -59.502095,-37.400488,0
                -59.501152,-37.39975,0
                -59.502065,-37.399054,0
                -59.502948,-37.399805,0
              </coordinates>
            </LinearRing>
          </outerBoundaryIs>
        </Polygon>
      </Placemark>
      <Placemark>
        <name>PARQUE DE LA INDUSTRIA Y EL COMERCIO</name>
        <description><![CDATA[Descripción: <br>altitudeMode: clampToGround<br>E_Verde: PARQUE DE LA INDUSTRIA Y EL COMERCIO<br>TIPO: PARQUE<br>FID: 14<br>Field_1: PARQUE DE LA INDUSTRIA Y EL COMERCIO<br>Hectáreas: 0.072]]></description>
        <styleUrl>#poly-097138-1000-0</styleUrl>
        <ExtendedData>
          <Data name="Descripción">
            <value/>
          </Data>
          <Data name="altitudeMode">
            <value>clampToGround</value>
          </Data>
          <Data name="E_Verde">
            <value>PARQUE DE LA INDUSTRIA Y EL COMERCIO</value>
          </Data>
          <Data name="TIPO">
            <value>PARQUE</value>
          </Data>
          <Data name="FID">
            <value>14</value>
          </Data>
          <Data name="Field_1">
            <value>PARQUE DE LA INDUSTRIA Y EL COMERCIO</value>
          </Data>
          <Data name="Hectáreas">
            <value>0.072</value>
          </Data>
        </ExtendedData>
        <Polygon>
          <outerBoundaryIs>
            <LinearRing>
              <tessellate>1</tessellate>
              <coordinates>
                -59.128334,-37.343156,0
                -59.128236,-37.343307,0
                -59.127855,-37.343157,0
                -59.127953,-37.343003,0
                -59.128334,-37.343156,0
              </coordinates>
            </LinearRing>
          </outerBoundaryIs>
        </Polygon>
      </Placemark>
      <Placemark>
        <name>PARQUE DEL BICENTENARIO</name>
        <description><![CDATA[Descripción: <br>altitudeMode: clampToGround<br>E_Verde: PARQUE DEL BICENTENARIO<br>TIPO: PARQUE<br>FID: 15<br>Field_1: PARQUE DEL BICENTENARIO<br>Hectáreas: 1.96]]></description>
        <styleUrl>#poly-097138-1000-0</styleUrl>
        <ExtendedData>
          <Data name="Descripción">
            <value/>
          </Data>
          <Data name="altitudeMode">
            <value>clampToGround</value>
          </Data>
          <Data name="E_Verde">
            <value>PARQUE DEL BICENTENARIO</value>
          </Data>
          <Data name="TIPO">
            <value>PARQUE</value>
          </Data>
          <Data name="FID">
            <value>15</value>
          </Data>
          <Data name="Field_1">
            <value>PARQUE DEL BICENTENARIO</value>
          </Data>
          <Data name="Hectáreas">
            <value>1.96</value>
          </Data>
        </ExtendedData>
        <MultiGeometry>
          <Polygon>
            <outerBoundaryIs>
              <LinearRing>
                <tessellate>1</tessellate>
                <coordinates>
                  -59.12026,-37.342742,0
                  -59.120384,-37.342397,0
                  -59.120452,-37.342196,0
                  -59.120518,-37.341994,0
                  -59.120588,-37.341792,0
                  -59.120706,-37.34144,0
                  -59.121644,-37.342176,0
                  -59.121641,-37.342218,0
                  -59.120638,-37.343,0
                  -59.120582,-37.343002,0
                  -59.12026,-37.342742,0
                </coordinates>
              </LinearRing>
            </outerBoundaryIs>
          </Polygon>
          <Polygon>
            <outerBoundaryIs>
              <LinearRing>
                <tessellate>1</tessellate>
                <coordinates>
                  -59.12172,-37.342132,0
                  -59.121282,-37.34179,0
                  -59.121204,-37.341728,0
                  -59.121126,-37.341667,0
                  -59.121046,-37.341605,0
                  -59.120959,-37.341538,0
                  -59.120885,-37.34148,0
                  -59.1208,-37.341412,0
                  -59.120717,-37.341347,0
                  -59.120796,-37.341146,0
                  -59.120915,-37.341051,0
                  -59.120977,-37.341046,0
                  -59.121088,-37.341083,0
                  -59.121198,-37.341123,0
                  -59.121299,-37.341158,0
                  -59.121407,-37.341196,0
                  -59.121509,-37.341234,0
                  -59.12161,-37.341269,0
                  -59.121712,-37.341304,0
                  -59.122434,-37.341557,0
                  -59.122438,-37.341596,0
                  -59.121772,-37.342134,0
                  -59.12172,-37.342132,0
                </coordinates>
              </LinearRing>
            </outerBoundaryIs>
          </Polygon>
        </MultiGeometry>
      </Placemark>
      <Placemark>
        <name>PARQUE DEL BICENTENARIO</name>
        <description><![CDATA[Descripción: <br>altitudeMode: clampToGround<br>E_Verde: PARQUE DEL BICENTENARIO<br>TIPO: PARQUE<br>FID: 16<br>Field_1: PARQUE DEL BICENTENARIO<br>Hectáreas: 1.68]]></description>
        <styleUrl>#poly-097138-1000-0</styleUrl>
        <ExtendedData>
          <Data name="Descripción">
            <value/>
          </Data>
          <Data name="altitudeMode">
            <value>clampToGround</value>
          </Data>
          <Data name="E_Verde">
            <value>PARQUE DEL BICENTENARIO</value>
          </Data>
          <Data name="TIPO">
            <value>PARQUE</value>
          </Data>
          <Data name="FID">
            <value>16</value>
          </Data>
          <Data name="Field_1">
            <value>PARQUE DEL BICENTENARIO</value>
          </Data>
          <Data name="Hectáreas">
            <value>1.68</value>
          </Data>
        </ExtendedData>
        <Polygon>
          <outerBoundaryIs>
            <LinearRing>
              <tessellate>1</tessellate>
              <coordinates>
                -59.122544,-37.343182,0
                -59.121577,-37.343965,0
                -59.120645,-37.3432,0
                -59.121772,-37.342299,0
                -59.122707,-37.343038,0
                -59.122544,-37.343182,0
              </coordinates>
            </LinearRing>
          </outerBoundaryIs>
        </Polygon>
      </Placemark>
      <Placemark>
        <name>PARQUE ERNESTO SABATO</name>
        <description><![CDATA[Descripción: <br>altitudeMode: clampToGround<br>E_Verde: PARQUE ERNESTO SABATO<br>TIPO: PARQUE<br>FID: 17<br>Field_1: PARQUE ERNESTO SABATO<br>Hectáreas: 1.65]]></description>
        <styleUrl>#poly-097138-1000-0</styleUrl>
        <ExtendedData>
          <Data name="Descripción">
            <value/>
          </Data>
          <Data name="altitudeMode">
            <value>clampToGround</value>
          </Data>
          <Data name="E_Verde">
            <value>PARQUE ERNESTO SABATO</value>
          </Data>
          <Data name="TIPO">
            <value>PARQUE</value>
          </Data>
          <Data name="FID">
            <value>17</value>
          </Data>
          <Data name="Field_1">
            <value>PARQUE ERNESTO SABATO</value>
          </Data>
          <Data name="Hectáreas">
            <value>1.65</value>
          </Data>
        </ExtendedData>
        <Polygon>
          <outerBoundaryIs>
            <LinearRing>
              <tessellate>1</tessellate>
              <coordinates>
                -59.13017,-37.348283,0
                -59.130291,-37.34834,0
                -59.13041,-37.348371,0
                -59.130558,-37.348454,0
                -59.130731,-37.34856,0
                -59.130882,-37.348637,0
                -59.13102,-37.348733,0
                -59.131315,-37.348853,0
                -59.131455,-37.348876,0
                -59.131593,-37.348948,0
                -59.131593,-37.349084,0
                -59.131593,-37.349181,0
                -59.131593,-37.349274,0
                -59.131593,-37.349368,0
                -59.131594,-37.349477,0
                -59.131594,-37.349591,0
                -59.131593,-37.349687,0
                -59.131592,-37.349796,0
                -59.13159,-37.349885,0
                -59.131588,-37.350009,0
                -59.13158,-37.350604,0
                -59.131339,-37.350608,0
                -59.131053,-37.350592,0
                -59.130749,-37.350566,0
                -59.130773,-37.349972,0
                -59.130823,-37.349781,0
                -59.13085,-37.349553,0
                -59.13081,-37.349381,0
                -59.130783,-37.349185,0
                -59.130707,-37.348984,0
                -59.130524,-37.348821,0
                -59.130382,-37.348691,0
                -59.130169,-37.348503,0
                -59.130143,-37.348336,0
                -59.13017,-37.348283,0
              </coordinates>
            </LinearRing>
          </outerBoundaryIs>
        </Polygon>
      </Placemark>
      <Placemark>
        <name>PARQUE LIBERTADOR GRAL. DON JOSÉ DE SAN MARTÍN</name>
        <description><![CDATA[Descripción: <br>altitudeMode: clampToGround<br>E_Verde: PARQUE LIBERTADOR GRAL. DON JOSÉ DE SAN MARTÍN<br>TIPO: PARQUE<br>FID: 18<br>Field_1: PARQUE LIBERTADOR GRAL. DON JOSÉ DE SAN MARTÍN<br>Hectáreas: 5.24]]></description>
        <styleUrl>#poly-097138-1000-0</styleUrl>
        <ExtendedData>
          <Data name="Descripción">
            <value/>
          </Data>
          <Data name="altitudeMode">
            <value>clampToGround</value>
          </Data>
          <Data name="E_Verde">
            <value>PARQUE LIBERTADOR GRAL. DON JOSÉ DE SAN MARTÍN</value>
          </Data>
          <Data name="TIPO">
            <value>PARQUE</value>
          </Data>
          <Data name="FID">
            <value>18</value>
          </Data>
          <Data name="Field_1">
            <value>PARQUE LIBERTADOR GRAL. DON JOSÉ DE SAN MARTÍN</value>
          </Data>
          <Data name="Hectáreas">
            <value>5.24</value>
          </Data>
        </ExtendedData>
        <MultiGeometry>
          <Polygon>
            <outerBoundaryIs>
              <LinearRing>
                <tessellate>1</tessellate>
                <coordinates>
                  -59.117795,-37.333844,0
                  -59.118325,-37.332934,0
                  -59.120754,-37.332231,0
                  -59.122288,-37.332796,0
                  -59.122235,-37.332819,0
                  -59.122173,-37.332842,0
                  -59.122061,-37.332884,0
                  -59.121966,-37.332923,0
                  -59.121851,-37.332967,0
                  -59.121741,-37.333012,0
                  -59.121631,-37.333056,0
                  -59.121516,-37.3331,0
                  -59.121407,-37.333144,0
                  -59.121294,-37.333189,0
                  -59.121182,-37.333234,0
                  -59.121069,-37.333281,0
                  -59.121054,-37.333288,0
                  -59.120939,-37.333308,0
                  -59.120833,-37.333327,0
                  -59.120712,-37.33335,0
                  -59.120312,-37.333423,0
                  -59.120192,-37.333444,0
                  -59.120072,-37.333468,0
                  -59.11995,-37.33349,0
                  -59.119834,-37.333511,0
                  -59.119715,-37.333532,0
                  -59.119592,-37.333553,0
                  -59.119482,-37.333572,0
                  -59.119365,-37.333594,0
                  -59.119244,-37.333615,0
                  -59.119127,-37.333636,0
                  -59.119004,-37.333657,0
                  -59.118883,-37.33368,0
                  -59.118608,-37.333729,0
                  -59.118488,-37.333749,0
                  -59.118364,-37.333772,0
                  -59.118244,-37.333794,0
                  -59.117848,-37.333865,0
                  -59.117795,-37.333844,0
                </coordinates>
              </LinearRing>
            </outerBoundaryIs>
          </Polygon>
          <Polygon>
            <outerBoundaryIs>
              <LinearRing>
                <tessellate>1</tessellate>
                <coordinates>
                  -59.122138,-37.332648,0
                  -59.122112,-37.332597,0
                  -59.122629,-37.331729,0
                  -59.12293,-37.331656,0
                  -59.123952,-37.332026,0
                  -59.124015,-37.33213,0
                  -59.123797,-37.332232,0
                  -59.123677,-37.332291,0
                  -59.123554,-37.33235,0
                  -59.123416,-37.332418,0
                  -59.123281,-37.332485,0
                  -59.122932,-37.332657,0
                  -59.122855,-37.332694,0
                  -59.122605,-37.332817,0
                  -59.122138,-37.332648,0
                </coordinates>
              </LinearRing>
            </outerBoundaryIs>
          </Polygon>
          <Polygon>
            <outerBoundaryIs>
              <LinearRing>
                <tessellate>1</tessellate>
                <coordinates>
                  -59.124265,-37.332009,0
                  -59.124766,-37.331141,0
                  -59.124855,-37.331116,0
                  -59.125154,-37.331033,0
                  -59.125854,-37.331287,0
                  -59.124834,-37.331781,0
                  -59.124701,-37.331845,0
                  -59.124315,-37.332028,0
                  -59.124265,-37.332009,0
                </coordinates>
              </LinearRing>
            </outerBoundaryIs>
          </Polygon>
        </MultiGeometry>
      </Placemark>
      <Placemark>
        <name>PARQUE LÍTICO MOVEDIZA</name>
        <description><![CDATA[Descripción: <br>altitudeMode: clampToGround<br>E_Verde: PARQUE LÍTICO MOVEDIZA<br>TIPO: PARQUE<br>FID: 20<br>Field_1: PARQUE LÍTICO MOVEDIZA<br>Hectáreas: 13]]></description>
        <styleUrl>#poly-097138-1000-0</styleUrl>
        <ExtendedData>
          <Data name="Descripción">
            <value/>
          </Data>
          <Data name="altitudeMode">
            <value>clampToGround</value>
          </Data>
          <Data name="E_Verde">
            <value>PARQUE LÍTICO MOVEDIZA</value>
          </Data>
          <Data name="TIPO">
            <value>PARQUE</value>
          </Data>
          <Data name="FID">
            <value>20</value>
          </Data>
          <Data name="Field_1">
            <value>PARQUE LÍTICO MOVEDIZA</value>
          </Data>
          <Data name="Hectáreas">
            <value>13</value>
          </Data>
        </ExtendedData>
        <Polygon>
          <outerBoundaryIs>
            <LinearRing>
              <tessellate>1</tessellate>
              <coordinates>
                -59.169933,-37.307645,0
                -59.170866,-37.307441,0
                -59.17139,-37.307578,0
                -59.171673,-37.307852,0
                -59.171855,-37.308252,0
                -59.172223,-37.30873,0
                -59.172503,-37.309308,0
                -59.17256,-37.309562,0
                -59.171937,-37.310045,0
                -59.171423,-37.310486,0
                -59.168832,-37.311154,0
                -59.166944,-37.310382,0
                -59.167493,-37.309876,0
                -59.167001,-37.309189,0
                -59.168531,-37.30833,0
                -59.168788,-37.308565,0
                -59.169933,-37.307645,0
              </coordinates>
            </LinearRing>
          </outerBoundaryIs>
        </Polygon>
      </Placemark>
      <Placemark>
        <name>PARQUE NORTE PISTA MUNICIPAL DE CICLISMO LUDOVICO</name>
        <description><![CDATA[Descripción: <br>altitudeMode: clampToGround<br>E_Verde: PARQUE NORTE PISTA MUNICIPAL DE CICLISMO LUDOVICO<br>TIPO: PARQUE<br>FID: 21<br>Field_1: PARQUE NORTE PISTA MUNICIPAL DE CICLISMO LUDOVICO<br>Hectáreas: 13]]></description>
        <styleUrl>#poly-097138-1000-0</styleUrl>
        <ExtendedData>
          <Data name="Descripción">
            <value/>
          </Data>
          <Data name="altitudeMode">
            <value>clampToGround</value>
          </Data>
          <Data name="E_Verde">
            <value>PARQUE NORTE PISTA MUNICIPAL DE CICLISMO LUDOVICO</value>
          </Data>
          <Data name="TIPO">
            <value>PARQUE</value>
          </Data>
          <Data name="FID">
            <value>21</value>
          </Data>
          <Data name="Field_1">
            <value>PARQUE NORTE PISTA MUNICIPAL DE CICLISMO LUDOVICO</value>
          </Data>
          <Data name="Hectáreas">
            <value>13</value>
          </Data>
        </ExtendedData>
        <Polygon>
          <outerBoundaryIs>
            <LinearRing>
              <tessellate>1</tessellate>
              <coordinates>
                -59.129469,-37.307396,0
                -59.128122,-37.306877,0
                -59.127675,-37.306665,0
                -59.127296,-37.306485,0
                -59.126708,-37.306085,0
                -59.128212,-37.304572,0
                -59.129425,-37.305038,0
                -59.129575,-37.305096,0
                -59.129679,-37.305136,0
                -59.131509,-37.305842,0
                -59.134088,-37.306836,0
                -59.132047,-37.30839,0
                -59.129469,-37.307396,0
              </coordinates>
            </LinearRing>
          </outerBoundaryIs>
        </Polygon>
      </Placemark>
      <Placemark>
        <name>PARQUE SOÑADO DE LOS NIÑOS</name>
        <description><![CDATA[Descripción: <br>altitudeMode: clampToGround<br>E_Verde: PARQUE SOÑADO DE LOS NIÑOS<br>TIPO: PARQUE<br>FID: 22<br>Field_1: PARQUE SOÑADO DE LOS NIÑOS<br>Hectáreas: 1.68]]></description>
        <styleUrl>#poly-097138-1000-0</styleUrl>
        <ExtendedData>
          <Data name="Descripción">
            <value/>
          </Data>
          <Data name="altitudeMode">
            <value>clampToGround</value>
          </Data>
          <Data name="E_Verde">
            <value>PARQUE SOÑADO DE LOS NIÑOS</value>
          </Data>
          <Data name="TIPO">
            <value>PARQUE</value>
          </Data>
          <Data name="FID">
            <value>22</value>
          </Data>
          <Data name="Field_1">
            <value>PARQUE SOÑADO DE LOS NIÑOS</value>
          </Data>
          <Data name="Hectáreas">
            <value>1.68</value>
          </Data>
        </ExtendedData>
        <Polygon>
          <outerBoundaryIs>
            <LinearRing>
              <tessellate>1</tessellate>
              <coordinates>
                -59.131594,-37.350973,0
                -59.131615,-37.351862,0
                -59.131598,-37.351943,0
                -59.131499,-37.351998,0
                -59.13137,-37.351999,0
                -59.131304,-37.351999,0
                -59.131249,-37.352024,0
                -59.130254,-37.351309,0
                -59.129331,-37.350616,0
                -59.129174,-37.350496,0
                -59.129366,-37.350354,0
                -59.12961,-37.350304,0
                -59.129789,-37.350337,0
                -59.129877,-37.350516,0
                -59.130034,-37.350649,0
                -59.130381,-37.350762,0
                -59.130759,-37.350829,0
                -59.130982,-37.350866,0
                -59.131261,-37.3509,0
                -59.13159,-37.350862,0
                -59.131594,-37.350973,0
              </coordinates>
            </LinearRing>
          </outerBoundaryIs>
        </Polygon>
      </Placemark>
      <Placemark>
        <name>PASEO DE LAS FLORES Y LOS PAJAROS</name>
        <description><![CDATA[Descripción: <br>altitudeMode: clampToGround<br>E_Verde: PASEO DE LAS FLORES Y LOS PAJAROS<br>TIPO: PASEO<br>FID: 23<br>Field_1: PASEO DE LAS FLORES Y LOS PAJAROS<br>Hectáreas: 0.922]]></description>
        <styleUrl>#poly-097138-1000-0</styleUrl>
        <ExtendedData>
          <Data name="Descripción">
            <value/>
          </Data>
          <Data name="altitudeMode">
            <value>clampToGround</value>
          </Data>
          <Data name="E_Verde">
            <value>PASEO DE LAS FLORES Y LOS PAJAROS</value>
          </Data>
          <Data name="TIPO">
            <value>PASEO</value>
          </Data>
          <Data name="FID">
            <value>23</value>
          </Data>
          <Data name="Field_1">
            <value>PASEO DE LAS FLORES Y LOS PAJAROS</value>
          </Data>
          <Data name="Hectáreas">
            <value>0.922</value>
          </Data>
        </ExtendedData>
        <Polygon>
          <outerBoundaryIs>
            <LinearRing>
              <tessellate>1</tessellate>
              <coordinates>
                -59.12883,-37.34085,0
                -59.128504,-37.338549,0
                -59.129333,-37.338796,0
                -59.128903,-37.3395,0
                -59.129252,-37.340911,0
                -59.12883,-37.34085,0
              </coordinates>
            </LinearRing>
          </outerBoundaryIs>
        </Polygon>
      </Placemark>
      <Placemark>
        <name>PASEO DE LOS PESCADORES</name>
        <description><![CDATA[Descripción: <br>altitudeMode: clampToGround<br>E_Verde: PASEO DE LOS PESCADORES<br>TIPO: PASEO<br>FID: 25<br>Field_1: PASEO DE LOS PESCADORES<br>Hectáreas: 1.75]]></description>
        <styleUrl>#poly-097138-1000-0</styleUrl>
        <ExtendedData>
          <Data name="Descripción">
            <value/>
          </Data>
          <Data name="altitudeMode">
            <value>clampToGround</value>
          </Data>
          <Data name="E_Verde">
            <value>PASEO DE LOS PESCADORES</value>
          </Data>
          <Data name="TIPO">
            <value>PASEO</value>
          </Data>
          <Data name="FID">
            <value>25</value>
          </Data>
          <Data name="Field_1">
            <value>PASEO DE LOS PESCADORES</value>
          </Data>
          <Data name="Hectáreas">
            <value>1.75</value>
          </Data>
        </ExtendedData>
        <Polygon>
          <outerBoundaryIs>
            <LinearRing>
              <tessellate>1</tessellate>
              <coordinates>
                -59.131558,-37.347144,0
                -59.131557,-37.34715,0
                -59.131516,-37.347407,0
                -59.131516,-37.347569,0
                -59.131525,-37.347747,0
                -59.131543,-37.347941,0
                -59.131556,-37.348083,0
                -59.131579,-37.34833,0
                -59.131592,-37.34853,0
                -59.131597,-37.348924,0
                -59.131472,-37.348855,0
                -59.131332,-37.348838,0
                -59.131007,-37.348695,0
                -59.130745,-37.348544,0
                -59.13043,-37.348357,0
                -59.1303,-37.348315,0
                -59.130194,-37.348275,0
                -59.130181,-37.348168,0
                -59.130225,-37.348128,0
                -59.130252,-37.348055,0
                -59.130271,-37.347988,0
                -59.130273,-37.347893,0
                -59.130331,-37.347852,0
                -59.130226,-37.347639,0
                -59.130336,-37.347553,0
                -59.130458,-37.347468,0
                -59.130597,-37.347445,0
                -59.130711,-37.347331,0
                -59.130734,-37.347126,0
                -59.131558,-37.347144,0
              </coordinates>
            </LinearRing>
          </outerBoundaryIs>
        </Polygon>
      </Placemark>
      <Placemark>
        <name>PASEO DE LOS PIONEROS</name>
        <description><![CDATA[Descripción: <br>altitudeMode: clampToGround<br>E_Verde: PASEO DE LOS PIONEROS<br>TIPO: PASEO<br>FID: 26<br>Field_1: PASEO DE LOS PIONEROS<br>Hectáreas: 58.3]]></description>
        <styleUrl>#poly-097138-1000-0</styleUrl>
        <ExtendedData>
          <Data name="Descripción">
            <value/>
          </Data>
          <Data name="altitudeMode">
            <value>clampToGround</value>
          </Data>
          <Data name="E_Verde">
            <value>PASEO DE LOS PIONEROS</value>
          </Data>
          <Data name="TIPO">
            <value>PASEO</value>
          </Data>
          <Data name="FID">
            <value>26</value>
          </Data>
          <Data name="Field_1">
            <value>PASEO DE LOS PIONEROS</value>
          </Data>
          <Data name="Hectáreas">
            <value>58.3</value>
          </Data>
        </ExtendedData>
        <Polygon>
          <outerBoundaryIs>
            <LinearRing>
              <tessellate>1</tessellate>
              <coordinates>
                -59.145122,-37.356485,0
                -59.147998,-37.361346,0
                -59.140648,-37.367293,0
                -59.136187,-37.363675,0
                -59.145054,-37.356408,0
                -59.145122,-37.356485,0
              </coordinates>
            </LinearRing>
          </outerBoundaryIs>
        </Polygon>
      </Placemark>
      <Placemark>
        <name>PASEO LAGO DEL FUERTE</name>
        <description><![CDATA[Descripción: <br>altitudeMode: clampToGround<br>E_Verde: PASEO LAGO DEL FUERTE<br>TIPO: PASEO<br>FID: 28<br>Field_1: PASEO LAGO DEL FUERTE<br>Hectáreas: 5.19]]></description>
        <styleUrl>#poly-097138-1000-0</styleUrl>
        <ExtendedData>
          <Data name="Descripción">
            <value/>
          </Data>
          <Data name="altitudeMode">
            <value>clampToGround</value>
          </Data>
          <Data name="E_Verde">
            <value>PASEO LAGO DEL FUERTE</value>
          </Data>
          <Data name="TIPO">
            <value>PASEO</value>
          </Data>
          <Data name="FID">
            <value>28</value>
          </Data>
          <Data name="Field_1">
            <value>PASEO LAGO DEL FUERTE</value>
          </Data>
          <Data name="Hectáreas">
            <value>5.19</value>
          </Data>
        </ExtendedData>
        <MultiGeometry>
          <Polygon>
            <outerBoundaryIs>
              <LinearRing>
                <tessellate>1</tessellate>
                <coordinates>
                  -59.129642,-37.348516,0
                  -59.129637,-37.349038,0
                  -59.129557,-37.349888,0
                  -59.129493,-37.350328,0
                  -59.129499,-37.350327,0
                  -59.129174,-37.350496,0
                  -59.128087,-37.349655,0
                  -59.127617,-37.349292,0
                  -59.127103,-37.348905,0
                  -59.127033,-37.348851,0
                  -59.127026,-37.348717,0
                  -59.127022,-37.348615,0
                  -59.127013,-37.348483,0
                  -59.127388,-37.348525,0
                  -59.127559,-37.348152,0
                  -59.127618,-37.34816,0
                  -59.127498,-37.348526,0
                  -59.128056,-37.348463,0
                  -59.128554,-37.348411,0
                  -59.129517,-37.348325,0
                  -59.129891,-37.348291,0
                  -59.129968,-37.348238,0
                  -59.129969,-37.348073,0
                  -59.1299,-37.347796,0
                  -59.129976,-37.347804,0
                  -59.130143,-37.348336,0
                  -59.130161,-37.348452,0
                  -59.129843,-37.348502,0
                  -59.129642,-37.348516,0
                </coordinates>
              </LinearRing>
            </outerBoundaryIs>
            <innerBoundaryIs>
              <LinearRing>
                <tessellate>1</tessellate>
                <coordinates>
                  -59.129303,-37.348555,0
                  -59.129461,-37.348528,0
                  -59.129642,-37.348516,0
                  -59.129303,-37.348555,0
                </coordinates>
              </LinearRing>
            </innerBoundaryIs>
            <innerBoundaryIs>
              <LinearRing>
                <tessellate>1</tessellate>
                <coordinates>
                  -59.128603,-37.348631,0
                  -59.128706,-37.348623,0
                  -59.128533,-37.348644,0
                  -59.128603,-37.348631,0
                </coordinates>
              </LinearRing>
            </innerBoundaryIs>
            <innerBoundaryIs>
              <LinearRing>
                <tessellate>1</tessellate>
                <coordinates>
                  -59.127819,-37.348697,0
                  -59.128076,-37.348699,0
                  -59.127661,-37.348717,0
                  -59.127819,-37.348697,0
                </coordinates>
              </LinearRing>
            </innerBoundaryIs>
          </Polygon>
          <Polygon>
            <outerBoundaryIs>
              <LinearRing>
                <tessellate>1</tessellate>
                <coordinates>
                  -59.131638,-37.346483,0
                  -59.13144,-37.34641,0
                  -59.131192,-37.346337,0
                  -59.131153,-37.346309,0
                  -59.131175,-37.346246,0
                  -59.131191,-37.346201,0
                  -59.131161,-37.34612,0
                  -59.131132,-37.34604,0
                  -59.131194,-37.345961,0
                  -59.131363,-37.34588,0
                  -59.131507,-37.345866,0
                  -59.13153,-37.345757,0
                  -59.131555,-37.345634,0
                  -59.13158,-37.345508,0
                  -59.131608,-37.345363,0
                  -59.131627,-37.345264,0
                  -59.131676,-37.345168,0
                  -59.131726,-37.345082,0
                  -59.131807,-37.344965,0
                  -59.13212,-37.345088,0
                  -59.132516,-37.345243,0
                  -59.132843,-37.345371,0
                  -59.133163,-37.345496,0
                  -59.133506,-37.34563,0
                  -59.133207,-37.345691,0
                  -59.132987,-37.345747,0
                  -59.132844,-37.345788,0
                  -59.132705,-37.345837,0
                  -59.132575,-37.345902,0
                  -59.132473,-37.345961,0
                  -59.132347,-37.346042,0
                  -59.132188,-37.346141,0
                  -59.132082,-37.346233,0
                  -59.131995,-37.346336,0
                  -59.131917,-37.34646,0
                  -59.131855,-37.346558,0
                  -59.131638,-37.346483,0
                </coordinates>
              </LinearRing>
            </outerBoundaryIs>
          </Polygon>
        </MultiGeometry>
      </Placemark>
      <Placemark>
        <name>PASEO LAGO DEL FUERTE - PARQUE SOÑADO DE LOS NIÑ</name>
        <description><![CDATA[Descripción: <br>altitudeMode: clampToGround<br>E_Verde: PASEO LAGO DEL FUERTE - PARQUE SOÑADO DE LOS NIÑ<br>TIPO: PASEO<br>FID: 29<br>Field_1: PASEO LAGO DEL FUERTE - PARQUE SOÑADO DE LOS NIÑ<br>Hectáreas: 3.65]]></description>
        <styleUrl>#poly-097138-1000-0</styleUrl>
        <ExtendedData>
          <Data name="Descripción">
            <value/>
          </Data>
          <Data name="altitudeMode">
            <value>clampToGround</value>
          </Data>
          <Data name="E_Verde">
            <value>PASEO LAGO DEL FUERTE - PARQUE SOÑADO DE LOS NIÑ</value>
          </Data>
          <Data name="TIPO">
            <value>PASEO</value>
          </Data>
          <Data name="FID">
            <value>29</value>
          </Data>
          <Data name="Field_1">
            <value>PASEO LAGO DEL FUERTE - PARQUE SOÑADO DE LOS NIÑ</value>
          </Data>
          <Data name="Hectáreas">
            <value>3.65</value>
          </Data>
        </ExtendedData>
        <Polygon>
          <outerBoundaryIs>
            <LinearRing>
              <tessellate>1</tessellate>
              <coordinates>
                -59.131807,-37.344965,0
                -59.132272,-37.344758,0
                -59.132411,-37.344685,0
                -59.132616,-37.34471,0
                -59.13294,-37.344446,0
                -59.132893,-37.344044,0
                -59.132618,-37.343723,0
                -59.132235,-37.343426,0
                -59.132065,-37.343242,0
                -59.131954,-37.343071,0
                -59.131765,-37.342836,0
                -59.131794,-37.342731,0
                -59.131917,-37.34267,0
                -59.132176,-37.342909,0
                -59.132557,-37.343258,0
                -59.133172,-37.343564,0
                -59.133729,-37.343794,0
                -59.134089,-37.343964,0
                -59.134338,-37.344129,0
                -59.134527,-37.344339,0
                -59.134647,-37.344577,0
                -59.134624,-37.344859,0
                -59.134566,-37.345043,0
                -59.134428,-37.345247,0
                -59.134143,-37.345432,0
                -59.133506,-37.34563,0
                -59.131807,-37.344965,0
              </coordinates>
            </LinearRing>
          </outerBoundaryIs>
        </Polygon>
      </Placemark>
      <Placemark>
        <name>PASEO MONTE CALVARIO</name>
        <description><![CDATA[Descripción: <br>altitudeMode: clampToGround<br>E_Verde: PASEO MONTE CALVARIO<br>TIPO: PASEO<br>FID: 30<br>Field_1: PASEO MONTE CALVARIO<br>Hectáreas: 3.27]]></description>
        <styleUrl>#poly-097138-1000-0</styleUrl>
        <ExtendedData>
          <Data name="Descripción">
            <value/>
          </Data>
          <Data name="altitudeMode">
            <value>clampToGround</value>
          </Data>
          <Data name="E_Verde">
            <value>PASEO MONTE CALVARIO</value>
          </Data>
          <Data name="TIPO">
            <value>PASEO</value>
          </Data>
          <Data name="FID">
            <value>30</value>
          </Data>
          <Data name="Field_1">
            <value>PASEO MONTE CALVARIO</value>
          </Data>
          <Data name="Hectáreas">
            <value>3.27</value>
          </Data>
        </ExtendedData>
        <MultiGeometry>
          <Polygon>
            <outerBoundaryIs>
              <LinearRing>
                <tessellate>1</tessellate>
                <coordinates>
                  -59.152039,-37.330004,0
                  -59.152139,-37.329834,0
                  -59.152259,-37.32963,0
                  -59.152354,-37.329468,0
                  -59.152977,-37.329701,0
                  -59.152882,-37.329864,0
                  -59.152762,-37.330068,0
                  -59.152662,-37.330238,0
                  -59.152039,-37.330004,0
                </coordinates>
              </LinearRing>
            </outerBoundaryIs>
          </Polygon>
          <Polygon>
            <outerBoundaryIs>
              <LinearRing>
                <tessellate>1</tessellate>
                <coordinates>
                  -59.15257,-37.329101,0
                  -59.152641,-37.328979,0
                  -59.152714,-37.328856,0
                  -59.152762,-37.328775,0
                  -59.15281,-37.328693,0
                  -59.152857,-37.328612,0
                  -59.152905,-37.32853,0
                  -59.152953,-37.328448,0
                  -59.153029,-37.328319,0
                  -59.153074,-37.328306,0
                  -59.153202,-37.328354,0
                  -59.15336,-37.328414,0
                  -59.153462,-37.328452,0
                  -59.153564,-37.32849,0
                  -59.153667,-37.328529,0
                  -59.153433,-37.328927,0
                  -59.153385,-37.329008,0
                  -59.153337,-37.32909,0
                  -59.153264,-37.329213,0
                  -59.15306,-37.329136,0
                  -59.152988,-37.329258,0
                  -59.152916,-37.329381,0
                  -59.152498,-37.329224,0
                  -59.15257,-37.329101,0
                </coordinates>
              </LinearRing>
            </outerBoundaryIs>
          </Polygon>
          <Polygon>
            <outerBoundaryIs>
              <LinearRing>
                <tessellate>1</tessellate>
                <coordinates>
                  -59.152207,-37.328518,0
                  -59.152507,-37.328021,0
                  -59.15303,-37.328221,0
                  -59.151987,-37.330003,0
                  -59.151953,-37.329989,0
                  -59.151438,-37.329796,0
                  -59.151333,-37.329756,0
                  -59.151226,-37.329717,0
                  -59.151123,-37.329678,0
                  -59.151023,-37.32964,0
                  -59.150589,-37.329478,0
                  -59.151226,-37.32842,0
                  -59.15207,-37.328744,0
                  -59.152207,-37.328518,0
                </coordinates>
              </LinearRing>
            </outerBoundaryIs>
          </Polygon>
        </MultiGeometry>
      </Placemark>
      <Placemark>
        <name>PASEO MONTE CALVARIO</name>
        <description><![CDATA[Descripción: <br>altitudeMode: clampToGround<br>E_Verde: PASEO MONTE CALVARIO<br>TIPO: PASEO<br>FID: 31<br>Field_1: PASEO MONTE CALVARIO<br>Hectáreas: 0.242]]></description>
        <styleUrl>#poly-097138-1000-0</styleUrl>
        <ExtendedData>
          <Data name="Descripción">
            <value/>
          </Data>
          <Data name="altitudeMode">
            <value>clampToGround</value>
          </Data>
          <Data name="E_Verde">
            <value>PASEO MONTE CALVARIO</value>
          </Data>
          <Data name="TIPO">
            <value>PASEO</value>
          </Data>
          <Data name="FID">
            <value>31</value>
          </Data>
          <Data name="Field_1">
            <value>PASEO MONTE CALVARIO</value>
          </Data>
          <Data name="Hectáreas">
            <value>0.242</value>
          </Data>
        </ExtendedData>
        <Polygon>
          <outerBoundaryIs>
            <LinearRing>
              <tessellate>1</tessellate>
              <coordinates>
                -59.152988,-37.329258,0
                -59.15306,-37.329136,0
                -59.153264,-37.329213,0
                -59.152977,-37.329701,0
                -59.152781,-37.329628,0
                -59.152363,-37.32947,0
                -59.152435,-37.32933,0
                -59.152498,-37.329224,0
                -59.152916,-37.329381,0
                -59.152988,-37.329258,0
              </coordinates>
            </LinearRing>
          </outerBoundaryIs>
        </Polygon>
      </Placemark>
      <Placemark>
        <name>PASEO MONTE CALVARIO</name>
        <description><![CDATA[Descripción: <br>altitudeMode: clampToGround<br>E_Verde: PASEO MONTE CALVARIO<br>TIPO: PASEO<br>FID: 32<br>Field_1: PASEO MONTE CALVARIO<br>Hectáreas: 4.52]]></description>
        <styleUrl>#poly-097138-1000-0</styleUrl>
        <ExtendedData>
          <Data name="Descripción">
            <value/>
          </Data>
          <Data name="altitudeMode">
            <value>clampToGround</value>
          </Data>
          <Data name="E_Verde">
            <value>PASEO MONTE CALVARIO</value>
          </Data>
          <Data name="TIPO">
            <value>PASEO</value>
          </Data>
          <Data name="FID">
            <value>32</value>
          </Data>
          <Data name="Field_1">
            <value>PASEO MONTE CALVARIO</value>
          </Data>
          <Data name="Hectáreas">
            <value>4.52</value>
          </Data>
        </ExtendedData>
        <Polygon>
          <outerBoundaryIs>
            <LinearRing>
              <tessellate>1</tessellate>
              <coordinates>
                -59.155652,-37.329641,0
                -59.155301,-37.330225,0
                -59.155105,-37.330552,0
                -59.155032,-37.330674,0
                -59.154878,-37.33093,0
                -59.154839,-37.331091,0
                -59.152633,-37.330259,0
                -59.152662,-37.330238,0
                -59.152762,-37.330068,0
                -59.152882,-37.329864,0
                -59.152977,-37.329701,0
                -59.153043,-37.329588,0
                -59.153264,-37.329213,0
                -59.153337,-37.32909,0
                -59.153385,-37.329008,0
                -59.153433,-37.328927,0
                -59.153667,-37.328529,0
                -59.155835,-37.329335,0
                -59.155652,-37.329641,0
              </coordinates>
            </LinearRing>
          </outerBoundaryIs>
        </Polygon>
      </Placemark>
      <Placemark>
        <name>PASEO MONTE CALVARIO</name>
        <description><![CDATA[Descripción: <br>altitudeMode: clampToGround<br>E_Verde: PASEO MONTE CALVARIO<br>TIPO: PASEO<br>FID: 33<br>Field_1: PASEO MONTE CALVARIO<br>Hectáreas: 1.05]]></description>
        <styleUrl>#poly-097138-1000-0</styleUrl>
        <ExtendedData>
          <Data name="Descripción">
            <value/>
          </Data>
          <Data name="altitudeMode">
            <value>clampToGround</value>
          </Data>
          <Data name="E_Verde">
            <value>PASEO MONTE CALVARIO</value>
          </Data>
          <Data name="TIPO">
            <value>PASEO</value>
          </Data>
          <Data name="FID">
            <value>33</value>
          </Data>
          <Data name="Field_1">
            <value>PASEO MONTE CALVARIO</value>
          </Data>
          <Data name="Hectáreas">
            <value>1.05</value>
          </Data>
        </ExtendedData>
        <Polygon>
          <outerBoundaryIs>
            <LinearRing>
              <tessellate>1</tessellate>
              <coordinates>
                -59.15476,-37.328101,0
                -59.1549,-37.328156,0
                -59.154923,-37.328165,0
                -59.155587,-37.328422,0
                -59.155354,-37.328817,0
                -59.153192,-37.328,0
                -59.153441,-37.32759,0
                -59.154468,-37.327988,0
                -59.154565,-37.328026,0
                -59.154662,-37.328063,0
                -59.15476,-37.328101,0
              </coordinates>
            </LinearRing>
          </outerBoundaryIs>
        </Polygon>
      </Placemark>
      <Placemark>
        <name>PASEO PARQUE INDEPENDENCIA</name>
        <description><![CDATA[Descripción: <br>altitudeMode: clampToGround<br>E_Verde: PASEO PARQUE INDEPENDENCIA<br>TIPO: PASEO<br>FID: 35<br>Field_1: PASEO PARQUE INDEPENDENCIA<br>Hectáreas: 13.8]]></description>
        <styleUrl>#poly-097138-1000-0</styleUrl>
        <ExtendedData>
          <Data name="Descripción">
            <value/>
          </Data>
          <Data name="altitudeMode">
            <value>clampToGround</value>
          </Data>
          <Data name="E_Verde">
            <value>PASEO PARQUE INDEPENDENCIA</value>
          </Data>
          <Data name="TIPO">
            <value>PASEO</value>
          </Data>
          <Data name="FID">
            <value>35</value>
          </Data>
          <Data name="Field_1">
            <value>PASEO PARQUE INDEPENDENCIA</value>
          </Data>
          <Data name="Hectáreas">
            <value>13.8</value>
          </Data>
        </ExtendedData>
        <Polygon>
          <outerBoundaryIs>
            <LinearRing>
              <tessellate>1</tessellate>
              <coordinates>
                -59.136752,-37.338674,0
                -59.137429,-37.33859,0
                -59.137707,-37.338665,0
                -59.139061,-37.339214,0
                -59.136338,-37.343781,0
                -59.133631,-37.342717,0
                -59.135054,-37.341303,0
                -59.134674,-37.340667,0
                -59.134809,-37.340725,0
                -59.13538,-37.339759,0
                -59.135965,-37.339203,0
                -59.136752,-37.338674,0
              </coordinates>
            </LinearRing>
          </outerBoundaryIs>
        </Polygon>
      </Placemark>
      <Placemark>
        <name>PASEO PARQUE INDEPENDENCIA - SENDERO DE LA PAZ</name>
        <description><![CDATA[Descripción: <br>altitudeMode: clampToGround<br>E_Verde: PASEO PARQUE INDEPENDENCIA - SENDERO DE LA PAZ<br>TIPO: PASEO<br>FID: 36<br>Field_1: PASEO PARQUE INDEPENDENCIA - SENDERO DE LA PAZ<br>Hectáreas: 5.21]]></description>
        <styleUrl>#poly-097138-1000-0</styleUrl>
        <ExtendedData>
          <Data name="Descripción">
            <value/>
          </Data>
          <Data name="altitudeMode">
            <value>clampToGround</value>
          </Data>
          <Data name="E_Verde">
            <value>PASEO PARQUE INDEPENDENCIA - SENDERO DE LA PAZ</value>
          </Data>
          <Data name="TIPO">
            <value>PASEO</value>
          </Data>
          <Data name="FID">
            <value>36</value>
          </Data>
          <Data name="Field_1">
            <value>PASEO PARQUE INDEPENDENCIA - SENDERO DE LA PAZ</value>
          </Data>
          <Data name="Hectáreas">
            <value>5.21</value>
          </Data>
        </ExtendedData>
        <MultiGeometry>
          <Polygon>
            <outerBoundaryIs>
              <LinearRing>
                <tessellate>1</tessellate>
                <coordinates>
                  -59.132627,-37.342127,0
                  -59.132698,-37.342013,0
                  -59.132765,-37.341899,0
                  -59.132836,-37.341785,0
                  -59.132906,-37.341668,0
                  -59.132973,-37.341558,0
                  -59.133048,-37.341442,0
                  -59.133154,-37.341261,0
                  -59.133197,-37.341248,0
                  -59.133316,-37.341293,0
                  -59.133469,-37.341352,0
                  -59.133615,-37.341409,0
                  -59.133493,-37.341609,0
                  -59.133422,-37.341725,0
                  -59.133354,-37.341837,0
                  -59.133284,-37.341951,0
                  -59.133212,-37.342068,0
                  -59.133145,-37.342182,0
                  -59.133075,-37.342296,0
                  -59.132858,-37.342215,0
                  -59.132758,-37.342376,0
                  -59.13256,-37.342302,0
                  -59.132545,-37.342263,0
                  -59.132627,-37.342127,0
                </coordinates>
              </LinearRing>
            </outerBoundaryIs>
          </Polygon>
          <Polygon>
            <outerBoundaryIs>
              <LinearRing>
                <tessellate>1</tessellate>
                <coordinates>
                  -59.132637,-37.341273,0
                  -59.132755,-37.341081,0
                  -59.132895,-37.341134,0
                  -59.133007,-37.341176,0
                  -59.133022,-37.341213,0
                  -59.13292,-37.341382,0
                  -59.132851,-37.341493,0
                  -59.132785,-37.341602,0
                  -59.132714,-37.341719,0
                  -59.132645,-37.341834,0
                  -59.132575,-37.34195,0
                  -59.132509,-37.342058,0
                  -59.132447,-37.342164,0
                  -59.132415,-37.342218,0
                  -59.132368,-37.342232,0
                  -59.13213,-37.342141,0
                  -59.132179,-37.342061,0
                  -59.132242,-37.341957,0
                  -59.132308,-37.341847,0
                  -59.132152,-37.341789,0
                  -59.132223,-37.341673,0
                  -59.132293,-37.341561,0
                  -59.132325,-37.341503,0
                  -59.132362,-37.341445,0
                  -59.13243,-37.341334,0
                  -59.132572,-37.341385,0
                  -59.132637,-37.341273,0
                </coordinates>
              </LinearRing>
            </outerBoundaryIs>
          </Polygon>
          <Polygon>
            <outerBoundaryIs>
              <LinearRing>
                <tessellate>1</tessellate>
                <coordinates>
                  -59.132856,-37.340964,0
                  -59.132963,-37.340786,0
                  -59.133068,-37.340611,0
                  -59.133175,-37.340434,0
                  -59.133284,-37.340253,0
                  -59.133388,-37.340078,0
                  -59.133445,-37.339987,0
                  -59.133497,-37.339899,0
                  -59.134835,-37.340402,0
                  -59.13478,-37.34049,0
                  -59.134726,-37.34058,0
                  -59.134674,-37.340667,0
                  -59.134619,-37.340755,0
                  -59.134508,-37.340936,0
                  -59.134402,-37.341114,0
                  -59.134296,-37.34129,0
                  -59.134187,-37.34147,0
                  -59.132856,-37.340964,0
                </coordinates>
              </LinearRing>
            </outerBoundaryIs>
          </Polygon>
          <Polygon>
            <outerBoundaryIs>
              <LinearRing>
                <tessellate>1</tessellate>
                <coordinates>
                  -59.133566,-37.339804,0
                  -59.133674,-37.339623,0
                  -59.13378,-37.339448,0
                  -59.133864,-37.339307,0
                  -59.133917,-37.339295,0
                  -59.133985,-37.339321,0
                  -59.134186,-37.339397,0
                  -59.134393,-37.339476,0
                  -59.134599,-37.339554,0
                  -59.134803,-37.339631,0
                  -59.135011,-37.33971,0
                  -59.135168,-37.339769,0
                  -59.135191,-37.339807,0
                  -59.135105,-37.33995,0
                  -59.134997,-37.34013,0
                  -59.134891,-37.340306,0
                  -59.133566,-37.339804,0
                </coordinates>
              </LinearRing>
            </outerBoundaryIs>
          </Polygon>
          <Polygon>
            <outerBoundaryIs>
              <LinearRing>
                <tessellate>1</tessellate>
                <coordinates>
                  -59.135438,-37.339074,0
                  -59.135332,-37.339035,0
                  -59.135247,-37.339001,0
                  -59.135159,-37.338966,0
                  -59.134268,-37.338634,0
                  -59.134905,-37.33758,0
                  -59.136235,-37.338076,0
                  -59.135807,-37.338784,0
                  -59.135757,-37.338866,0
                  -59.135707,-37.338947,0
                  -59.135657,-37.33903,0
                  -59.13561,-37.339107,0
                  -59.13557,-37.339123,0
                  -59.135438,-37.339074,0
                </coordinates>
              </LinearRing>
            </outerBoundaryIs>
          </Polygon>
        </MultiGeometry>
      </Placemark>
      <Placemark>
        <name>PASEO PUNON MAPUCHE</name>
        <description><![CDATA[Descripción: <br>altitudeMode: clampToGround<br>E_Verde: PASEO PUNON MAPUCHE<br>TIPO: PASEO<br>FID: 37<br>Field_1: PASEO PUNON MAPUCHE<br>Hectáreas: 2.12]]></description>
        <styleUrl>#poly-097138-1000-0</styleUrl>
        <ExtendedData>
          <Data name="Descripción">
            <value/>
          </Data>
          <Data name="altitudeMode">
            <value>clampToGround</value>
          </Data>
          <Data name="E_Verde">
            <value>PASEO PUNON MAPUCHE</value>
          </Data>
          <Data name="TIPO">
            <value>PASEO</value>
          </Data>
          <Data name="FID">
            <value>37</value>
          </Data>
          <Data name="Field_1">
            <value>PASEO PUNON MAPUCHE</value>
          </Data>
          <Data name="Hectáreas">
            <value>2.12</value>
          </Data>
        </ExtendedData>
        <Polygon>
          <outerBoundaryIs>
            <LinearRing>
              <tessellate>1</tessellate>
              <coordinates>
                -59.126251,-37.351037,0
                -59.12581,-37.350703,0
                -59.125866,-37.350217,0
                -59.126569,-37.349207,0
                -59.126682,-37.349,0
                -59.126729,-37.348914,0
                -59.126957,-37.348936,0
                -59.12787,-37.349632,0
                -59.126251,-37.351037,0
              </coordinates>
            </LinearRing>
          </outerBoundaryIs>
        </Polygon>
      </Placemark>
      <Placemark>
        <name>PASEO VI BRGADA AEREA</name>
        <description><![CDATA[Descripción: <br>altitudeMode: clampToGround<br>E_Verde: PASEO VI BRGADA AEREA<br>TIPO: PASEO<br>FID: 38<br>Field_1: PASEO VI BRGADA AEREA<br>Hectáreas: 2.09]]></description>
        <styleUrl>#poly-097138-1000-0</styleUrl>
        <ExtendedData>
          <Data name="Descripción">
            <value/>
          </Data>
          <Data name="altitudeMode">
            <value>clampToGround</value>
          </Data>
          <Data name="E_Verde">
            <value>PASEO VI BRGADA AEREA</value>
          </Data>
          <Data name="TIPO">
            <value>PASEO</value>
          </Data>
          <Data name="FID">
            <value>38</value>
          </Data>
          <Data name="Field_1">
            <value>PASEO VI BRGADA AEREA</value>
          </Data>
          <Data name="Hectáreas">
            <value>2.09</value>
          </Data>
        </ExtendedData>
        <Polygon>
          <outerBoundaryIs>
            <LinearRing>
              <tessellate>1</tessellate>
              <coordinates>
                -59.157872,-37.311262,0
                -59.159771,-37.311258,0
                -59.159719,-37.311502,0
                -59.159551,-37.311814,0
                -59.159341,-37.312076,0
                -59.15911,-37.31233,0
                -59.158842,-37.312537,0
                -59.158542,-37.31266,0
                -59.157356,-37.311676,0
                -59.157872,-37.311262,0
              </coordinates>
            </LinearRing>
          </outerBoundaryIs>
        </Polygon>
      </Placemark>
      <Placemark>
        <name>PATIO DEL TANGO</name>
        <description><![CDATA[Descripción: <br>altitudeMode: clampToGround<br>E_Verde: PATIO DEL TANGO<br>TIPO: PATIO<br>FID: 40<br>Field_1: PATIO DEL TANGO<br>Hectáreas: 0.017]]></description>
        <styleUrl>#poly-097138-1000-0</styleUrl>
        <ExtendedData>
          <Data name="Descripción">
            <value/>
          </Data>
          <Data name="altitudeMode">
            <value>clampToGround</value>
          </Data>
          <Data name="E_Verde">
            <value>PATIO DEL TANGO</value>
          </Data>
          <Data name="TIPO">
            <value>PATIO</value>
          </Data>
          <Data name="FID">
            <value>40</value>
          </Data>
          <Data name="Field_1">
            <value>PATIO DEL TANGO</value>
          </Data>
          <Data name="Hectáreas">
            <value>0.017</value>
          </Data>
        </ExtendedData>
        <Polygon>
          <outerBoundaryIs>
            <LinearRing>
              <tessellate>1</tessellate>
              <coordinates>
                -59.13152,-37.32877,0
                -59.131475,-37.328845,0
                -59.131453,-37.328854,0
                -59.131309,-37.328801,0
                -59.131366,-37.32871,0
                -59.13152,-37.32877,0
              </coordinates>
            </LinearRing>
          </outerBoundaryIs>
        </Polygon>
      </Placemark>
      <Placemark>
        <name>PL. PADRE BAIZA</name>
        <description><![CDATA[Descripción: <br>altitudeMode: clampToGround<br>E_Verde: PL. PADRE BAIZA<br>TIPO: PLAZA<br>FID: 41<br>Field_1: PL. PADRE BAIZA<br>Hectáreas: 0.475]]></description>
        <styleUrl>#poly-097138-1000-0</styleUrl>
        <ExtendedData>
          <Data name="Descripción">
            <value/>
          </Data>
          <Data name="altitudeMode">
            <value>clampToGround</value>
          </Data>
          <Data name="E_Verde">
            <value>PL. PADRE BAIZA</value>
          </Data>
          <Data name="TIPO">
            <value>PLAZA</value>
          </Data>
          <Data name="FID">
            <value>41</value>
          </Data>
          <Data name="Field_1">
            <value>PL. PADRE BAIZA</value>
          </Data>
          <Data name="Hectáreas">
            <value>0.475</value>
          </Data>
        </ExtendedData>
        <Polygon>
          <outerBoundaryIs>
            <LinearRing>
              <tessellate>1</tessellate>
              <coordinates>
                -59.144749,-37.298714,0
                -59.144831,-37.298651,0
                -59.145175,-37.298935,0
                -59.145186,-37.298927,0
                -59.14527,-37.298996,0
                -59.145352,-37.299063,0
                -59.14576,-37.298752,0
                -59.145838,-37.298816,0
                -59.145435,-37.299127,0
                -59.145506,-37.299191,0
                -59.145487,-37.299206,0
                -59.145838,-37.299503,0
                -59.145398,-37.299834,0
                -59.145172,-37.299444,0
                -59.144968,-37.299091,0
                -59.144749,-37.298714,0
              </coordinates>
            </LinearRing>
          </outerBoundaryIs>
        </Polygon>
      </Placemark>
      <Placemark>
        <name>PLAZA MANUELITA</name>
        <description><![CDATA[Descripción: <br>altitudeMode: clampToGround<br>E_Verde: PLAZA MANUELITA<br>TIPO: PLAZA<br>FID: 42<br>Field_1: PLAZA MANUELITA<br>Hectáreas: 0.027]]></description>
        <styleUrl>#poly-097138-1000-0</styleUrl>
        <ExtendedData>
          <Data name="Descripción">
            <value/>
          </Data>
          <Data name="altitudeMode">
            <value>clampToGround</value>
          </Data>
          <Data name="E_Verde">
            <value>PLAZA MANUELITA</value>
          </Data>
          <Data name="TIPO">
            <value>PLAZA</value>
          </Data>
          <Data name="FID">
            <value>42</value>
          </Data>
          <Data name="Field_1">
            <value>PLAZA MANUELITA</value>
          </Data>
          <Data name="Hectáreas">
            <value>0.027</value>
          </Data>
        </ExtendedData>
        <Polygon>
          <outerBoundaryIs>
            <LinearRing>
              <tessellate>1</tessellate>
              <coordinates>
                -59.131926,-37.335026,0
                -59.132047,-37.335072,0
                -59.132067,-37.335106,0
                -59.132044,-37.335214,0
                -59.131836,-37.33518,0
                -59.131866,-37.335129,0
                -59.131926,-37.335026,0
              </coordinates>
            </LinearRing>
          </outerBoundaryIs>
        </Polygon>
      </Placemark>
      <Placemark>
        <name>PLAZA 25 DE MAYO</name>
        <description><![CDATA[Descripción: <br>altitudeMode: clampToGround<br>E_Verde: PLAZA 25 DE MAYO<br>TIPO: PLAZA<br>FID: 43<br>Field_1: PLAZA 25 DE MAYO<br>Hectáreas: 1.25]]></description>
        <styleUrl>#poly-097138-1000-0</styleUrl>
        <ExtendedData>
          <Data name="Descripción">
            <value/>
          </Data>
          <Data name="altitudeMode">
            <value>clampToGround</value>
          </Data>
          <Data name="E_Verde">
            <value>PLAZA 25 DE MAYO</value>
          </Data>
          <Data name="TIPO">
            <value>PLAZA</value>
          </Data>
          <Data name="FID">
            <value>43</value>
          </Data>
          <Data name="Field_1">
            <value>PLAZA 25 DE MAYO</value>
          </Data>
          <Data name="Hectáreas">
            <value>1.25</value>
          </Data>
        </ExtendedData>
        <MultiGeometry>
          <Polygon>
            <outerBoundaryIs>
              <LinearRing>
                <tessellate>1</tessellate>
                <coordinates>
                  -59.128223,-37.326903,0
                  -59.127982,-37.326347,0
                  -59.127981,-37.326345,0
                  -59.127981,-37.326344,0
                  -59.12798,-37.326342,0
                  -59.12798,-37.32634,0
                  -59.12798,-37.326339,0
                  -59.12798,-37.326337,0
                  -59.12798,-37.326335,0
                  -59.12798,-37.326334,0
                  -59.12798,-37.326332,0
                  -59.12798,-37.32633,0
                  -59.127981,-37.326329,0
                  -59.127981,-37.326327,0
                  -59.127982,-37.326325,0
                  -59.127982,-37.326324,0
                  -59.127983,-37.326322,0
                  -59.127983,-37.32632,0
                  -59.127984,-37.326319,0
                  -59.127985,-37.326317,0
                  -59.127986,-37.326316,0
                  -59.127987,-37.326314,0
                  -59.127988,-37.326313,0
                  -59.127989,-37.326311,0
                  -59.12799,-37.32631,0
                  -59.127991,-37.326308,0
                  -59.127992,-37.326307,0
                  -59.127993,-37.326306,0
                  -59.127995,-37.326304,0
                  -59.127996,-37.326303,0
                  -59.127998,-37.326302,0
                  -59.127999,-37.326301,0
                  -59.128001,-37.3263,0
                  -59.128002,-37.326298,0
                  -59.128004,-37.326297,0
                  -59.128006,-37.326296,0
                  -59.128007,-37.326295,0
                  -59.128009,-37.326295,0
                  -59.128011,-37.326294,0
                  -59.128013,-37.326293,0
                  -59.128015,-37.326292,0
                  -59.128017,-37.326291,0
                  -59.128019,-37.326291,0
                  -59.128021,-37.32629,0
                  -59.128023,-37.32629,0
                  -59.128025,-37.326289,0
                  -59.128027,-37.326289,0
                  -59.128029,-37.326288,0
                  -59.128031,-37.326288,0
                  -59.128033,-37.326288,0
                  -59.128035,-37.326288,0
                  -59.128037,-37.326287,0
                  -59.128039,-37.326287,0
                  -59.128042,-37.326287,0
                  -59.128044,-37.326287,0
                  -59.128046,-37.326287,0
                  -59.128048,-37.326288,0
                  -59.12805,-37.326288,0
                  -59.128052,-37.326288,0
                  -59.128054,-37.326288,0
                  -59.128056,-37.326289,0
                  -59.128325,-37.326388,0
                  -59.129019,-37.326644,0
                  -59.128499,-37.327536,0
                  -59.128223,-37.326903,0
                </coordinates>
              </LinearRing>
            </outerBoundaryIs>
          </Polygon>
          <Polygon>
            <outerBoundaryIs>
              <LinearRing>
                <tessellate>1</tessellate>
                <coordinates>
                  -59.127578,-37.327281,0
                  -59.127204,-37.327142,0
                  -59.127731,-37.326254,0
                  -59.127732,-37.326253,0
                  -59.127734,-37.326252,0
                  -59.127736,-37.326251,0
                  -59.127738,-37.32625,0
                  -59.127739,-37.326249,0
                  -59.127741,-37.326249,0
                  -59.127743,-37.326248,0
                  -59.127745,-37.326247,0
                  -59.127747,-37.326246,0
                  -59.127749,-37.326246,0
                  -59.127751,-37.326245,0
                  -59.127753,-37.326245,0
                  -59.127756,-37.326244,0
                  -59.127758,-37.326244,0
                  -59.12776,-37.326244,0
                  -59.127762,-37.326243,0
                  -59.127764,-37.326243,0
                  -59.127766,-37.326243,0
                  -59.127768,-37.326243,0
                  -59.12777,-37.326243,0
                  -59.127773,-37.326243,0
                  -59.127775,-37.326243,0
                  -59.127777,-37.326243,0
                  -59.127779,-37.326244,0
                  -59.127781,-37.326244,0
                  -59.127783,-37.326244,0
                  -59.127785,-37.326245,0
                  -59.127787,-37.326245,0
                  -59.127789,-37.326246,0
                  -59.127791,-37.326246,0
                  -59.127793,-37.326247,0
                  -59.127795,-37.326248,0
                  -59.127797,-37.326248,0
                  -59.127799,-37.326249,0
                  -59.127801,-37.32625,0
                  -59.127803,-37.326251,0
                  -59.127805,-37.326252,0
                  -59.127807,-37.326253,0
                  -59.127808,-37.326254,0
                  -59.12781,-37.326255,0
                  -59.127812,-37.326256,0
                  -59.127813,-37.326257,0
                  -59.127815,-37.326259,0
                  -59.127816,-37.32626,0
                  -59.127817,-37.326261,0
                  -59.127819,-37.326263,0
                  -59.12782,-37.326264,0
                  -59.127821,-37.326265,0
                  -59.128052,-37.326818,0
                  -59.128367,-37.327573,0
                  -59.127578,-37.327281,0
                </coordinates>
              </LinearRing>
            </outerBoundaryIs>
          </Polygon>
        </MultiGeometry>
      </Placemark>
      <Placemark>
        <name>PLAZA 30 AÑOS DE DEMOCRACIA</name>
        <description><![CDATA[Descripción: <br>altitudeMode: clampToGround<br>E_Verde: PLAZA 30 AÑOS DE DEMOCRACIA<br>TIPO: PLAZA<br>FID: 44<br>Field_1: PLAZA 30 AÑOS DE DEMOCRACIA<br>Hectáreas: 0.248]]></description>
        <styleUrl>#poly-097138-1000-0</styleUrl>
        <ExtendedData>
          <Data name="Descripción">
            <value/>
          </Data>
          <Data name="altitudeMode">
            <value>clampToGround</value>
          </Data>
          <Data name="E_Verde">
            <value>PLAZA 30 AÑOS DE DEMOCRACIA</value>
          </Data>
          <Data name="TIPO">
            <value>PLAZA</value>
          </Data>
          <Data name="FID">
            <value>44</value>
          </Data>
          <Data name="Field_1">
            <value>PLAZA 30 AÑOS DE DEMOCRACIA</value>
          </Data>
          <Data name="Hectáreas">
            <value>0.248</value>
          </Data>
        </ExtendedData>
        <Polygon>
          <outerBoundaryIs>
            <LinearRing>
              <tessellate>1</tessellate>
              <coordinates>
                -59.100866,-37.301104,0
                -59.100866,-37.301143,0
                -59.100549,-37.301392,0
                -59.100089,-37.301014,0
                -59.100407,-37.300764,0
                -59.100454,-37.300764,0
                -59.100866,-37.301104,0
              </coordinates>
            </LinearRing>
          </outerBoundaryIs>
        </Polygon>
      </Placemark>
      <Placemark>
        <name>PLAZA BARRIO PROCREAR</name>
        <description><![CDATA[Descripción: <br>altitudeMode: clampToGround<br>E_Verde: PLAZA BARRIO PROCREAR<br>TIPO: PLAZOLETA<br>FID: 46<br>Field_1: PLAZA BARRIO PROCREAR<br>Hectáreas: ]]></description>
        <styleUrl>#line-097138-1000</styleUrl>
        <ExtendedData>
          <Data name="Descripción">
            <value/>
          </Data>
          <Data name="altitudeMode">
            <value>clampToGround</value>
          </Data>
          <Data name="E_Verde">
            <value>PLAZA BARRIO PROCREAR</value>
          </Data>
          <Data name="TIPO">
            <value>PLAZOLETA</value>
          </Data>
          <Data name="FID">
            <value>46</value>
          </Data>
          <Data name="Field_1">
            <value>PLAZA BARRIO PROCREAR</value>
          </Data>
          <Data name="Hectáreas">
            <value/>
          </Data>
        </ExtendedData>
        <MultiGeometry>
          <LineString>
            <tessellate>1</tessellate>
            <coordinates>
              -59.15038,-37.294989,0
              -59.150385,-37.294987,0
              -59.15038,-37.29499,0
              -59.15038,-37.294989,0
            </coordinates>
          </LineString>
          <Polygon>
            <outerBoundaryIs>
              <LinearRing>
                <tessellate>1</tessellate>
                <coordinates>
                  -59.153592,-37.297301,0
                  -59.154288,-37.297799,0
                  -59.154163,-37.297827,0
                  -59.153897,-37.298035,0
                  -59.152935,-37.29879,0
                  -59.1529,-37.298887,0
                  -59.152694,-37.298712,0
                  -59.153773,-37.297934,0
                  -59.153288,-37.297539,0
                  -59.153592,-37.297301,0
                </coordinates>
              </LinearRing>
            </outerBoundaryIs>
          </Polygon>
          <Polygon>
            <outerBoundaryIs>
              <LinearRing>
                <tessellate>1</tessellate>
                <coordinates>
                  -59.150255,-37.295066,0
                  -59.15038,-37.29499,0
                  -59.151045,-37.295477,0
                  -59.152254,-37.296349,0
                  -59.153592,-37.297301,0
                  -59.153269,-37.297524,0
                  -59.152045,-37.296525,0
                  -59.150908,-37.295598,0
                  -59.150894,-37.295587,0
                  -59.149848,-37.296399,0
                  -59.149857,-37.296406,0
                  -59.149778,-37.296468,0
                  -59.149666,-37.296556,0
                  -59.149449,-37.296726,0
                  -59.148675,-37.29733,0
                  -59.147504,-37.298249,0
                  -59.147221,-37.298011,0
                  -59.147461,-37.297844,0
                  -59.148454,-37.29715,0
                  -59.149696,-37.296274,0
                  -59.149706,-37.296282,0
                  -59.150795,-37.295506,0
                  -59.150255,-37.295066,0
                </coordinates>
              </LinearRing>
            </outerBoundaryIs>
          </Polygon>
          <Polygon>
            <outerBoundaryIs>
              <LinearRing>
                <tessellate>1</tessellate>
                <coordinates>
                  -59.150255,-37.295066,0
                  -59.15017,-37.294996,0
                  -59.149096,-37.295785,0
                  -59.147876,-37.29668,0
                  -59.146669,-37.297546,0
                  -59.146413,-37.29733,0
                  -59.147539,-37.296406,0
                  -59.148723,-37.295481,0
                  -59.149765,-37.294666,0
                  -59.151023,-37.293683,0
                  -59.152149,-37.294612,0
                  -59.15154,-37.295098,0
                  -59.1509,-37.29467,0
                  -59.15038,-37.294989,0
                  -59.150255,-37.295066,0
                </coordinates>
              </LinearRing>
            </outerBoundaryIs>
          </Polygon>
        </MultiGeometry>
      </Placemark>
      <Placemark>
        <name>PLAZA CHELO TANGORRA</name>
        <description><![CDATA[Descripción: <br>altitudeMode: clampToGround<br>E_Verde: PLAZA CHELO TANGORRA<br>TIPO: PLAZA<br>FID: 47<br>Field_1: PLAZA CHELO TANGORRA<br>Hectáreas: 0.108]]></description>
        <styleUrl>#poly-097138-1000-0</styleUrl>
        <ExtendedData>
          <Data name="Descripción">
            <value/>
          </Data>
          <Data name="altitudeMode">
            <value>clampToGround</value>
          </Data>
          <Data name="E_Verde">
            <value>PLAZA CHELO TANGORRA</value>
          </Data>
          <Data name="TIPO">
            <value>PLAZA</value>
          </Data>
          <Data name="FID">
            <value>47</value>
          </Data>
          <Data name="Field_1">
            <value>PLAZA CHELO TANGORRA</value>
          </Data>
          <Data name="Hectáreas">
            <value>0.108</value>
          </Data>
        </ExtendedData>
        <Polygon>
          <outerBoundaryIs>
            <LinearRing>
              <tessellate>1</tessellate>
              <coordinates>
                -59.157039,-37.318487,0
                -59.157222,-37.318203,0
                -59.157537,-37.318319,0
                -59.157341,-37.318603,0
                -59.157039,-37.318487,0
              </coordinates>
            </LinearRing>
          </outerBoundaryIs>
        </Polygon>
      </Placemark>
      <Placemark>
        <name>PLAZA DE LAS ARTES</name>
        <description><![CDATA[Descripción: <br>altitudeMode: clampToGround<br>E_Verde: PLAZA DE LAS ARTES<br>TIPO: PLAZA<br>FID: 48<br>Field_1: PLAZA DE LAS ARTES<br>Hectáreas: 0.171]]></description>
        <styleUrl>#poly-097138-1000-0</styleUrl>
        <ExtendedData>
          <Data name="Descripción">
            <value/>
          </Data>
          <Data name="altitudeMode">
            <value>clampToGround</value>
          </Data>
          <Data name="E_Verde">
            <value>PLAZA DE LAS ARTES</value>
          </Data>
          <Data name="TIPO">
            <value>PLAZA</value>
          </Data>
          <Data name="FID">
            <value>48</value>
          </Data>
          <Data name="Field_1">
            <value>PLAZA DE LAS ARTES</value>
          </Data>
          <Data name="Hectáreas">
            <value>0.171</value>
          </Data>
        </ExtendedData>
        <Polygon>
          <outerBoundaryIs>
            <LinearRing>
              <tessellate>1</tessellate>
              <coordinates>
                -59.134036,-37.325844,0
                -59.134146,-37.325886,0
                -59.13434,-37.325962,0
                -59.134334,-37.325972,0
                -59.134353,-37.325979,0
                -59.134422,-37.326006,0
                -59.134291,-37.326212,0
                -59.134263,-37.326256,0
                -59.134312,-37.326275,0
                -59.134259,-37.326361,0
                -59.134157,-37.326321,0
                -59.134041,-37.326277,0
                -59.133945,-37.326239,0
                -59.133817,-37.326189,0
                -59.133819,-37.326185,0
                -59.133877,-37.326094,0
                -59.133927,-37.326016,0
                -59.133997,-37.325906,0
                -59.134036,-37.325844,0
              </coordinates>
            </LinearRing>
          </outerBoundaryIs>
        </Polygon>
      </Placemark>
      <Placemark>
        <name>PLAZA DE LAS BANDERAS</name>
        <description><![CDATA[Descripción: <br>altitudeMode: clampToGround<br>E_Verde: PLAZA DE LAS BANDERAS<br>TIPO: PLAZA<br>FID: 49<br>Field_1: PLAZA DE LAS BANDERAS<br>Hectáreas: 13.4]]></description>
        <styleUrl>#poly-097138-1000-0</styleUrl>
        <ExtendedData>
          <Data name="Descripción">
            <value/>
          </Data>
          <Data name="altitudeMode">
            <value>clampToGround</value>
          </Data>
          <Data name="E_Verde">
            <value>PLAZA DE LAS BANDERAS</value>
          </Data>
          <Data name="TIPO">
            <value>PLAZA</value>
          </Data>
          <Data name="FID">
            <value>49</value>
          </Data>
          <Data name="Field_1">
            <value>PLAZA DE LAS BANDERAS</value>
          </Data>
          <Data name="Hectáreas">
            <value>13.4</value>
          </Data>
        </ExtendedData>
        <Polygon>
          <outerBoundaryIs>
            <LinearRing>
              <tessellate>1</tessellate>
              <coordinates>
                -59.136332,-37.335451,0
                -59.136989,-37.336908,0
                -59.137194,-37.337268,0
                -59.137813,-37.338478,0
                -59.137429,-37.33859,0
                -59.137003,-37.338643,0
                -59.136752,-37.338674,0
                -59.13642,-37.338897,0
                -59.136136,-37.339088,0
                -59.135852,-37.33931,0
                -59.13549,-37.339654,0
                -59.135174,-37.340108,0
                -59.134855,-37.340648,0
                -59.135054,-37.341303,0
                -59.134702,-37.341653,0
                -59.134355,-37.341997,0
                -59.134158,-37.342193,0
                -59.134026,-37.342325,0
                -59.133691,-37.342615,0
                -59.133631,-37.342717,0
                -59.133371,-37.342609,0
                -59.132758,-37.342376,0
                -59.132545,-37.342263,0
                -59.132267,-37.342193,0
                -59.132242,-37.341957,0
                -59.132308,-37.341847,0
                -59.132152,-37.341789,0
                -59.132325,-37.341503,0
                -59.13243,-37.341334,0
                -59.132572,-37.341385,0
                -59.132755,-37.341081,0
                -59.132856,-37.340964,0
                -59.133445,-37.339987,0
                -59.133566,-37.339804,0
                -59.133917,-37.339295,0
                -59.134905,-37.33758,0
                -59.135714,-37.336328,0
                -59.136241,-37.33544,0
                -59.136258,-37.335432,0
                -59.136332,-37.335451,0
              </coordinates>
            </LinearRing>
          </outerBoundaryIs>
        </Polygon>
      </Placemark>
      <Placemark>
        <name>PLAZA DE LOS ITALIANOS</name>
        <description><![CDATA[Descripción: <br>altitudeMode: clampToGround<br>E_Verde: PLAZA DE LOS ITALIANOS<br>TIPO: PLAZA<br>FID: 50<br>Field_1: PLAZA DE LOS ITALIANOS<br>Hectáreas: 0.274]]></description>
        <styleUrl>#poly-097138-1000-0</styleUrl>
        <ExtendedData>
          <Data name="Descripción">
            <value/>
          </Data>
          <Data name="altitudeMode">
            <value>clampToGround</value>
          </Data>
          <Data name="E_Verde">
            <value>PLAZA DE LOS ITALIANOS</value>
          </Data>
          <Data name="TIPO">
            <value>PLAZA</value>
          </Data>
          <Data name="FID">
            <value>50</value>
          </Data>
          <Data name="Field_1">
            <value>PLAZA DE LOS ITALIANOS</value>
          </Data>
          <Data name="Hectáreas">
            <value>0.274</value>
          </Data>
        </ExtendedData>
        <Polygon>
          <outerBoundaryIs>
            <LinearRing>
              <tessellate>1</tessellate>
              <coordinates>
                -59.151625,-37.301687,0
                -59.151617,-37.3017,0
                -59.151251,-37.301665,0
                -59.150458,-37.301428,0
                -59.150907,-37.301116,0
                -59.151625,-37.301687,0
              </coordinates>
            </LinearRing>
          </outerBoundaryIs>
        </Polygon>
      </Placemark>
      <Placemark>
        <name>PLAZA DE LOS JÓVENES</name>
        <description><![CDATA[Descripción: <br>altitudeMode: clampToGround<br>E_Verde: PLAZA DE LOS JÓVENES<br>TIPO: PLAZA<br>FID: 51<br>Field_1: PLAZA DE LOS JÓVENES<br>Hectáreas: 0.139]]></description>
        <styleUrl>#poly-097138-1000-0</styleUrl>
        <ExtendedData>
          <Data name="Descripción">
            <value/>
          </Data>
          <Data name="altitudeMode">
            <value>clampToGround</value>
          </Data>
          <Data name="E_Verde">
            <value>PLAZA DE LOS JÓVENES</value>
          </Data>
          <Data name="TIPO">
            <value>PLAZA</value>
          </Data>
          <Data name="FID">
            <value>51</value>
          </Data>
          <Data name="Field_1">
            <value>PLAZA DE LOS JÓVENES</value>
          </Data>
          <Data name="Hectáreas">
            <value>0.139</value>
          </Data>
        </ExtendedData>
        <Polygon>
          <outerBoundaryIs>
            <LinearRing>
              <tessellate>1</tessellate>
              <coordinates>
                -59.113243,-37.319664,0
                -59.112956,-37.319433,0
                -59.113099,-37.31932,0
                -59.113243,-37.319206,0
                -59.113431,-37.319357,0
                -59.11353,-37.319436,0
                -59.113529,-37.319475,0
                -59.113289,-37.319665,0
                -59.113243,-37.319664,0
              </coordinates>
            </LinearRing>
          </outerBoundaryIs>
        </Polygon>
      </Placemark>
      <Placemark>
        <name>PLAZA DR. PABLO MASTROIERRO</name>
        <description><![CDATA[Descripción: <br>altitudeMode: clampToGround<br>E_Verde: PLAZA DR. PABLO MASTROIERRO<br>TIPO: PLAZA<br>FID: 52<br>Field_1: PLAZA DR. PABLO MASTROIERRO<br>Hectáreas: 0.097]]></description>
        <styleUrl>#poly-097138-1000-0</styleUrl>
        <ExtendedData>
          <Data name="Descripción">
            <value/>
          </Data>
          <Data name="altitudeMode">
            <value>clampToGround</value>
          </Data>
          <Data name="E_Verde">
            <value>PLAZA DR. PABLO MASTROIERRO</value>
          </Data>
          <Data name="TIPO">
            <value>PLAZA</value>
          </Data>
          <Data name="FID">
            <value>52</value>
          </Data>
          <Data name="Field_1">
            <value>PLAZA DR. PABLO MASTROIERRO</value>
          </Data>
          <Data name="Hectáreas">
            <value>0.097</value>
          </Data>
        </ExtendedData>
        <Polygon>
          <outerBoundaryIs>
            <LinearRing>
              <tessellate>1</tessellate>
              <coordinates>
                -59.127806,-37.320022,0
                -59.12779,-37.319987,0
                -59.128004,-37.319624,0
                -59.128037,-37.319568,0
                -59.128191,-37.319629,0
                -59.128037,-37.319894,0
                -59.128064,-37.32012,0
                -59.127806,-37.320022,0
              </coordinates>
            </LinearRing>
          </outerBoundaryIs>
        </Polygon>
      </Placemark>
      <Placemark>
        <name>PLAZA ECOBARRIO</name>
        <description><![CDATA[Descripción: <br>altitudeMode: clampToGround<br>E_Verde: PLAZA ECOBARRIO<br>TIPO: PLAZA<br>FID: 53<br>Field_1: PLAZA ECOBARRIO<br>Hectáreas: 1.72]]></description>
        <styleUrl>#poly-097138-1000-0</styleUrl>
        <ExtendedData>
          <Data name="Descripción">
            <value/>
          </Data>
          <Data name="altitudeMode">
            <value>clampToGround</value>
          </Data>
          <Data name="E_Verde">
            <value>PLAZA ECOBARRIO</value>
          </Data>
          <Data name="TIPO">
            <value>PLAZA</value>
          </Data>
          <Data name="FID">
            <value>53</value>
          </Data>
          <Data name="Field_1">
            <value>PLAZA ECOBARRIO</value>
          </Data>
          <Data name="Hectáreas">
            <value>1.72</value>
          </Data>
        </ExtendedData>
        <Polygon>
          <outerBoundaryIs>
            <LinearRing>
              <tessellate>1</tessellate>
              <coordinates>
                -59.072829,-37.317126,0
                -59.073939,-37.316225,0
                -59.074919,-37.317022,0
                -59.073786,-37.317904,0
                -59.072829,-37.317126,0
              </coordinates>
            </LinearRing>
          </outerBoundaryIs>
        </Polygon>
      </Placemark>
      <Placemark>
        <name>PLAZA EJERCITO ARGENTINO</name>
        <description><![CDATA[Descripción: <br>altitudeMode: clampToGround<br>E_Verde: PLAZA EJERCITO ARGENTINO<br>TIPO: PLAZA<br>FID: 54<br>Field_1: PLAZA EJERCITO ARGENTINO<br>Hectáreas: 1.16]]></description>
        <styleUrl>#poly-097138-1000-0</styleUrl>
        <ExtendedData>
          <Data name="Descripción">
            <value/>
          </Data>
          <Data name="altitudeMode">
            <value>clampToGround</value>
          </Data>
          <Data name="E_Verde">
            <value>PLAZA EJERCITO ARGENTINO</value>
          </Data>
          <Data name="TIPO">
            <value>PLAZA</value>
          </Data>
          <Data name="FID">
            <value>54</value>
          </Data>
          <Data name="Field_1">
            <value>PLAZA EJERCITO ARGENTINO</value>
          </Data>
          <Data name="Hectáreas">
            <value>1.16</value>
          </Data>
        </ExtendedData>
        <Polygon>
          <outerBoundaryIs>
            <LinearRing>
              <tessellate>1</tessellate>
              <coordinates>
                -59.117029,-37.293227,0
                -59.117744,-37.292677,0
                -59.117802,-37.292682,0
                -59.118741,-37.29345,0
                -59.118741,-37.293491,0
                -59.118052,-37.29405,0
                -59.117029,-37.293227,0
              </coordinates>
            </LinearRing>
          </outerBoundaryIs>
        </Polygon>
      </Placemark>
      <Placemark>
        <name>PLAZA ESPAÑA</name>
        <description><![CDATA[Descripción: <br>altitudeMode: clampToGround<br>E_Verde: PLAZA ESPAÑA<br>TIPO: PLAZA<br>FID: 55<br>Field_1: PLAZA ESPAÑA<br>Hectáreas: 0.688]]></description>
        <styleUrl>#poly-097138-1000-0</styleUrl>
        <ExtendedData>
          <Data name="Descripción">
            <value/>
          </Data>
          <Data name="altitudeMode">
            <value>clampToGround</value>
          </Data>
          <Data name="E_Verde">
            <value>PLAZA ESPAÑA</value>
          </Data>
          <Data name="TIPO">
            <value>PLAZA</value>
          </Data>
          <Data name="FID">
            <value>55</value>
          </Data>
          <Data name="Field_1">
            <value>PLAZA ESPAÑA</value>
          </Data>
          <Data name="Hectáreas">
            <value>0.688</value>
          </Data>
        </ExtendedData>
        <Polygon>
          <outerBoundaryIs>
            <LinearRing>
              <tessellate>1</tessellate>
              <coordinates>
                -59.119323,-37.310007,0
                -59.119325,-37.3101,0
                -59.11877,-37.310546,0
                -59.118658,-37.310547,0
                -59.118099,-37.310097,0
                -59.118116,-37.31001,0
                -59.118655,-37.309577,0
                -59.118768,-37.309566,0
                -59.119323,-37.310007,0
              </coordinates>
            </LinearRing>
          </outerBoundaryIs>
        </Polygon>
      </Placemark>
      <Placemark>
        <name>PLAZA GRAL BELGRANO (EX PLAZA EVA PERON)</name>
        <description><![CDATA[Descripción: <br>altitudeMode: clampToGround<br>E_Verde: PLAZA GRAL BELGRANO (EX PLAZA EVA PERON)<br>TIPO: PLAZA<br>FID: 57<br>Field_1: PLAZA GRAL BELGRANO (EX PLAZA EVA PERON)<br>Hectáreas: 0.533]]></description>
        <styleUrl>#poly-097138-1000-0</styleUrl>
        <ExtendedData>
          <Data name="Descripción">
            <value/>
          </Data>
          <Data name="altitudeMode">
            <value>clampToGround</value>
          </Data>
          <Data name="E_Verde">
            <value>PLAZA GRAL BELGRANO (EX PLAZA EVA PERON)</value>
          </Data>
          <Data name="TIPO">
            <value>PLAZA</value>
          </Data>
          <Data name="FID">
            <value>57</value>
          </Data>
          <Data name="Field_1">
            <value>PLAZA GRAL BELGRANO (EX PLAZA EVA PERON)</value>
          </Data>
          <Data name="Hectáreas">
            <value>0.533</value>
          </Data>
        </ExtendedData>
        <Polygon>
          <outerBoundaryIs>
            <LinearRing>
              <tessellate>1</tessellate>
              <coordinates>
                -59.155393,-37.318576,0
                -59.155792,-37.318799,0
                -59.155788,-37.318817,0
                -59.154669,-37.319539,0
                -59.154644,-37.319537,0
                -59.154492,-37.319309,0
                -59.154549,-37.319116,0
                -59.15461,-37.319019,0
                -59.155003,-37.318809,0
                -59.155357,-37.318583,0
                -59.155393,-37.318576,0
              </coordinates>
            </LinearRing>
          </outerBoundaryIs>
        </Polygon>
      </Placemark>
      <Placemark>
        <name>PLAZA GRITO DE ALCORTA</name>
        <description><![CDATA[Descripción: <br>altitudeMode: clampToGround<br>E_Verde: PLAZA GRITO DE ALCORTA<br>TIPO: PLAZA<br>FID: 58<br>Field_1: PLAZA GRITO DE ALCORTA<br>Hectáreas: 0.037]]></description>
        <styleUrl>#poly-097138-1000-0</styleUrl>
        <ExtendedData>
          <Data name="Descripción">
            <value/>
          </Data>
          <Data name="altitudeMode">
            <value>clampToGround</value>
          </Data>
          <Data name="E_Verde">
            <value>PLAZA GRITO DE ALCORTA</value>
          </Data>
          <Data name="TIPO">
            <value>PLAZA</value>
          </Data>
          <Data name="FID">
            <value>58</value>
          </Data>
          <Data name="Field_1">
            <value>PLAZA GRITO DE ALCORTA</value>
          </Data>
          <Data name="Hectáreas">
            <value>0.037</value>
          </Data>
        </ExtendedData>
        <Polygon>
          <outerBoundaryIs>
            <LinearRing>
              <tessellate>1</tessellate>
              <coordinates>
                -59.124575,-37.30913,0
                -59.124962,-37.308846,0
                -59.124708,-37.309227,0
                -59.124575,-37.30913,0
              </coordinates>
            </LinearRing>
          </outerBoundaryIs>
        </Polygon>
      </Placemark>
      <Placemark>
        <name>PLAZA HEROES DEL ATLANTICO</name>
        <description><![CDATA[Descripción: <br>altitudeMode: clampToGround<br>E_Verde: PLAZA HEROES DEL ATLANTICO<br>TIPO: PLAZA<br>FID: 59<br>Field_1: PLAZA HEROES DEL ATLANTICO<br>Hectáreas: 1.58]]></description>
        <styleUrl>#poly-097138-1000-0</styleUrl>
        <ExtendedData>
          <Data name="Descripción">
            <value/>
          </Data>
          <Data name="altitudeMode">
            <value>clampToGround</value>
          </Data>
          <Data name="E_Verde">
            <value>PLAZA HEROES DEL ATLANTICO</value>
          </Data>
          <Data name="TIPO">
            <value>PLAZA</value>
          </Data>
          <Data name="FID">
            <value>59</value>
          </Data>
          <Data name="Field_1">
            <value>PLAZA HEROES DEL ATLANTICO</value>
          </Data>
          <Data name="Hectáreas">
            <value>1.58</value>
          </Data>
        </ExtendedData>
        <Polygon>
          <outerBoundaryIs>
            <LinearRing>
              <tessellate>1</tessellate>
              <coordinates>
                -59.116196,-37.320743,0
                -59.116116,-37.320681,0
                -59.11604,-37.320623,0
                -59.115958,-37.32056,0
                -59.115877,-37.320497,0
                -59.115796,-37.320434,0
                -59.115714,-37.320371,0
                -59.115628,-37.320304,0
                -59.115551,-37.320245,0
                -59.115455,-37.32017,0
                -59.115374,-37.320108,0
                -59.115379,-37.320061,0
                -59.115542,-37.319928,0
                -59.11562,-37.319865,0
                -59.115694,-37.319805,0
                -59.115763,-37.319748,0
                -59.115841,-37.319684,0
                -59.115917,-37.319622,0
                -59.115993,-37.31956,0
                -59.116072,-37.319496,0
                -59.116145,-37.319436,0
                -59.116304,-37.319307,0
                -59.116368,-37.319308,0
                -59.116446,-37.319368,0
                -59.116535,-37.319436,0
                -59.116613,-37.319496,0
                -59.116691,-37.319556,0
                -59.116771,-37.319618,0
                -59.116848,-37.319678,0
                -59.116938,-37.319747,0
                -59.117021,-37.319811,0
                -59.117099,-37.319871,0
                -59.117182,-37.319935,0
                -59.117328,-37.320048,0
                -59.117328,-37.320095,0
                -59.117268,-37.320144,0
                -59.117181,-37.320215,0
                -59.117102,-37.320279,0
                -59.117026,-37.320342,0
                -59.116946,-37.320407,0
                -59.116864,-37.320474,0
                -59.116787,-37.320537,0
                -59.116712,-37.320598,0
                -59.116643,-37.320655,0
                -59.116571,-37.320714,0
                -59.116479,-37.320789,0
                -59.116401,-37.320853,0
                -59.116341,-37.320856,0
                -59.116196,-37.320743,0
              </coordinates>
            </LinearRing>
          </outerBoundaryIs>
        </Polygon>
      </Placemark>
      <Placemark>
        <name>PLAZA INDEPENDENCIA</name>
        <description><![CDATA[Descripción: <br>altitudeMode: clampToGround<br>E_Verde: PLAZA INDEPENDENCIA<br>TIPO: PLAZA<br>FID: 60<br>Field_1: PLAZA INDEPENDENCIA<br>Hectáreas: 3.36]]></description>
        <styleUrl>#poly-097138-1000-0</styleUrl>
        <ExtendedData>
          <Data name="Descripción">
            <value/>
          </Data>
          <Data name="altitudeMode">
            <value>clampToGround</value>
          </Data>
          <Data name="E_Verde">
            <value>PLAZA INDEPENDENCIA</value>
          </Data>
          <Data name="TIPO">
            <value>PLAZA</value>
          </Data>
          <Data name="FID">
            <value>60</value>
          </Data>
          <Data name="Field_1">
            <value>PLAZA INDEPENDENCIA</value>
          </Data>
          <Data name="Hectáreas">
            <value>3.36</value>
          </Data>
        </ExtendedData>
        <MultiGeometry>
          <Polygon>
            <outerBoundaryIs>
              <LinearRing>
                <tessellate>1</tessellate>
                <coordinates>
                  -59.136631,-37.32935,0
                  -59.137378,-37.328114,0
                  -59.13841,-37.328536,0
                  -59.138161,-37.328959,0
                  -59.138063,-37.329121,0
                  -59.138015,-37.329202,0
                  -59.137651,-37.329768,0
                  -59.136631,-37.32935,0
                </coordinates>
              </LinearRing>
            </outerBoundaryIs>
          </Polygon>
          <Polygon>
            <outerBoundaryIs>
              <LinearRing>
                <tessellate>1</tessellate>
                <coordinates>
                  -59.135315,-37.328852,0
                  -59.136072,-37.327577,0
                  -59.137232,-37.328027,0
                  -59.13648,-37.329293,0
                  -59.135315,-37.328852,0
                </coordinates>
              </LinearRing>
            </outerBoundaryIs>
          </Polygon>
        </MultiGeometry>
      </Placemark>
      <Placemark>
        <name>PLAZA INOCENCIO NOGUERA</name>
        <description><![CDATA[Descripción: <br>altitudeMode: clampToGround<br>E_Verde: PLAZA INOCENCIO NOGUERA<br>TIPO: PLAZA<br>FID: 61<br>Field_1: PLAZA INOCENCIO NOGUERA<br>Hectáreas: 0.302]]></description>
        <styleUrl>#poly-097138-1000-0</styleUrl>
        <ExtendedData>
          <Data name="Descripción">
            <value/>
          </Data>
          <Data name="altitudeMode">
            <value>clampToGround</value>
          </Data>
          <Data name="E_Verde">
            <value>PLAZA INOCENCIO NOGUERA</value>
          </Data>
          <Data name="TIPO">
            <value>PLAZA</value>
          </Data>
          <Data name="FID">
            <value>61</value>
          </Data>
          <Data name="Field_1">
            <value>PLAZA INOCENCIO NOGUERA</value>
          </Data>
          <Data name="Hectáreas">
            <value>0.302</value>
          </Data>
        </ExtendedData>
        <Polygon>
          <outerBoundaryIs>
            <LinearRing>
              <tessellate>1</tessellate>
              <coordinates>
                -59.156703,-37.29358,0
                -59.156348,-37.293291,0
                -59.156429,-37.293227,0
                -59.156766,-37.292963,0
                -59.156814,-37.292963,0
                -59.157145,-37.293233,0
                -59.157224,-37.293297,0
                -59.156782,-37.293644,0
                -59.156703,-37.29358,0
              </coordinates>
            </LinearRing>
          </outerBoundaryIs>
        </Polygon>
      </Placemark>
      <Placemark>
        <name>PLAZA IRIGOYEN</name>
        <description><![CDATA[Descripción: <br>altitudeMode: clampToGround<br>E_Verde: PLAZA IRIGOYEN<br>TIPO: PLAZA<br>FID: 62<br>Field_1: PLAZA IRIGOYEN<br>Hectáreas: 0.708]]></description>
        <styleUrl>#poly-097138-1000-0</styleUrl>
        <ExtendedData>
          <Data name="Descripción">
            <value/>
          </Data>
          <Data name="altitudeMode">
            <value>clampToGround</value>
          </Data>
          <Data name="E_Verde">
            <value>PLAZA IRIGOYEN</value>
          </Data>
          <Data name="TIPO">
            <value>PLAZA</value>
          </Data>
          <Data name="FID">
            <value>62</value>
          </Data>
          <Data name="Field_1">
            <value>PLAZA IRIGOYEN</value>
          </Data>
          <Data name="Hectáreas">
            <value>0.708</value>
          </Data>
        </ExtendedData>
        <Polygon>
          <outerBoundaryIs>
            <LinearRing>
              <tessellate>1</tessellate>
              <coordinates>
                -59.141118,-37.316071,0
                -59.142365,-37.316543,0
                -59.142374,-37.316569,0
                -59.142246,-37.316787,0
                -59.14212,-37.316998,0
                -59.142095,-37.317004,0
                -59.14085,-37.316523,0
                -59.140838,-37.3165,0
                -59.140959,-37.316297,0
                -59.141087,-37.31608,0
                -59.141118,-37.316071,0
              </coordinates>
            </LinearRing>
          </outerBoundaryIs>
        </Polygon>
      </Placemark>
      <Placemark>
        <name>PLAZA MARTIN RODRIGUEZ</name>
        <description><![CDATA[Descripción: <br>altitudeMode: clampToGround<br>E_Verde: PLAZA MARTIN RODRIGUEZ<br>TIPO: PLAZA<br>FID: 63<br>Field_1: PLAZA MARTIN RODRIGUEZ<br>Hectáreas: 1.74]]></description>
        <styleUrl>#poly-097138-1000-0</styleUrl>
        <ExtendedData>
          <Data name="Descripción">
            <value/>
          </Data>
          <Data name="altitudeMode">
            <value>clampToGround</value>
          </Data>
          <Data name="E_Verde">
            <value>PLAZA MARTIN RODRIGUEZ</value>
          </Data>
          <Data name="TIPO">
            <value>PLAZA</value>
          </Data>
          <Data name="FID">
            <value>63</value>
          </Data>
          <Data name="Field_1">
            <value>PLAZA MARTIN RODRIGUEZ</value>
          </Data>
          <Data name="Hectáreas">
            <value>1.74</value>
          </Data>
        </ExtendedData>
        <Polygon>
          <outerBoundaryIs>
            <LinearRing>
              <tessellate>1</tessellate>
              <coordinates>
                -59.131104,-37.322706,0
                -59.130976,-37.322658,0
                -59.130868,-37.322616,0
                -59.130754,-37.322573,0
                -59.130644,-37.322531,0
                -59.130538,-37.32249,0
                -59.130435,-37.322451,0
                -59.130333,-37.322412,0
                -59.130232,-37.322373,0
                -59.130129,-37.322334,0
                -59.130064,-37.322309,0
                -59.130012,-37.322289,0
                -59.129992,-37.322247,0
                -59.130042,-37.322165,0
                -59.130093,-37.322079,0
                -59.130143,-37.321996,0
                -59.130192,-37.321915,0
                -59.130253,-37.321814,0
                -59.130299,-37.321736,0
                -59.130356,-37.321642,0
                -59.130411,-37.321551,0
                -59.130463,-37.321464,0
                -59.130483,-37.321431,0
                -59.130539,-37.321338,0
                -59.130549,-37.32132,0
                -59.130603,-37.321232,0
                -59.130661,-37.321215,0
                -59.130736,-37.321244,0
                -59.130851,-37.321288,0
                -59.130969,-37.321333,0
                -59.131086,-37.321378,0
                -59.131186,-37.321416,0
                -59.131218,-37.321428,0
                -59.131286,-37.321454,0
                -59.131324,-37.321469,0
                -59.131415,-37.321504,0
                -59.131512,-37.321541,0
                -59.131726,-37.321623,0
                -59.131929,-37.3217,0
                -59.131944,-37.321736,0
                -59.131918,-37.321779,0
                -59.131879,-37.321844,0
                -59.131822,-37.32194,0
                -59.131783,-37.322003,0
                -59.131744,-37.32207,0
                -59.131693,-37.322155,0
                -59.131642,-37.32224,0
                -59.131598,-37.322313,0
                -59.131579,-37.322345,0
                -59.13153,-37.322427,0
                -59.131481,-37.322508,0
                -59.131433,-37.322588,0
                -59.131384,-37.322669,0
                -59.131327,-37.322764,0
                -59.131282,-37.322774,0
                -59.131104,-37.322706,0
              </coordinates>
            </LinearRing>
          </outerBoundaryIs>
        </Polygon>
      </Placemark>
      <Placemark>
        <name>PLAZA MORENO</name>
        <description><![CDATA[Descripción: <br>altitudeMode: clampToGround<br>E_Verde: PLAZA MORENO<br>TIPO: PLAZA<br>FID: 64<br>Field_1: PLAZA MORENO<br>Hectáreas: 1.25]]></description>
        <styleUrl>#poly-097138-1000-0</styleUrl>
        <ExtendedData>
          <Data name="Descripción">
            <value/>
          </Data>
          <Data name="altitudeMode">
            <value>clampToGround</value>
          </Data>
          <Data name="E_Verde">
            <value>PLAZA MORENO</value>
          </Data>
          <Data name="TIPO">
            <value>PLAZA</value>
          </Data>
          <Data name="FID">
            <value>64</value>
          </Data>
          <Data name="Field_1">
            <value>PLAZA MORENO</value>
          </Data>
          <Data name="Hectáreas">
            <value>1.25</value>
          </Data>
        </ExtendedData>
        <MultiGeometry>
          <Polygon>
            <outerBoundaryIs>
              <LinearRing>
                <tessellate>1</tessellate>
                <coordinates>
                  -59.13543,-37.334633,0
                  -59.135056,-37.334495,0
                  -59.135582,-37.333607,0
                  -59.135584,-37.333606,0
                  -59.135586,-37.333605,0
                  -59.135588,-37.333604,0
                  -59.135589,-37.333603,0
                  -59.135591,-37.333602,0
                  -59.135593,-37.333601,0
                  -59.135595,-37.3336,0
                  -59.135597,-37.3336,0
                  -59.135599,-37.333599,0
                  -59.135601,-37.333598,0
                  -59.135603,-37.333598,0
                  -59.135605,-37.333597,0
                  -59.135607,-37.333597,0
                  -59.135609,-37.333597,0
                  -59.135611,-37.333596,0
                  -59.135614,-37.333596,0
                  -59.135616,-37.333596,0
                  -59.135618,-37.333596,0
                  -59.13562,-37.333596,0
                  -59.135622,-37.333596,0
                  -59.135624,-37.333596,0
                  -59.135627,-37.333596,0
                  -59.135629,-37.333596,0
                  -59.135631,-37.333596,0
                  -59.135633,-37.333597,0
                  -59.135635,-37.333597,0
                  -59.135637,-37.333597,0
                  -59.135639,-37.333598,0
                  -59.135641,-37.333598,0
                  -59.135643,-37.333599,0
                  -59.135645,-37.333599,0
                  -59.135647,-37.3336,0
                  -59.135649,-37.333601,0
                  -59.135651,-37.333602,0
                  -59.135653,-37.333603,0
                  -59.135655,-37.333603,0
                  -59.135657,-37.333604,0
                  -59.135658,-37.333605,0
                  -59.13566,-37.333606,0
                  -59.135662,-37.333608,0
                  -59.135663,-37.333609,0
                  -59.135665,-37.33361,0
                  -59.135666,-37.333611,0
                  -59.135668,-37.333612,0
                  -59.135669,-37.333614,0
                  -59.135671,-37.333615,0
                  -59.135672,-37.333616,0
                  -59.135673,-37.333618,0
                  -59.135904,-37.334171,0
                  -59.136219,-37.334925,0
                  -59.13543,-37.334633,0
                </coordinates>
              </LinearRing>
            </outerBoundaryIs>
          </Polygon>
          <Polygon>
            <outerBoundaryIs>
              <LinearRing>
                <tessellate>1</tessellate>
                <coordinates>
                  -59.136103,-37.334189,0
                  -59.135861,-37.333634,0
                  -59.135861,-37.333632,0
                  -59.13586,-37.33363,0
                  -59.13586,-37.333629,0
                  -59.13586,-37.333627,0
                  -59.135859,-37.333625,0
                  -59.135859,-37.333624,0
                  -59.135859,-37.333622,0
                  -59.135859,-37.33362,0
                  -59.13586,-37.333619,0
                  -59.13586,-37.333617,0
                  -59.13586,-37.333615,0
                  -59.135861,-37.333614,0
                  -59.135861,-37.333612,0
                  -59.135861,-37.33361,0
                  -59.135862,-37.333609,0
                  -59.135863,-37.333607,0
                  -59.135863,-37.333605,0
                  -59.135864,-37.333604,0
                  -59.135865,-37.333602,0
                  -59.135866,-37.333601,0
                  -59.135867,-37.333599,0
                  -59.135868,-37.333598,0
                  -59.135869,-37.333596,0
                  -59.13587,-37.333595,0
                  -59.135872,-37.333594,0
                  -59.135873,-37.333592,0
                  -59.135874,-37.333591,0
                  -59.135876,-37.33359,0
                  -59.135877,-37.333588,0
                  -59.135879,-37.333587,0
                  -59.13588,-37.333586,0
                  -59.135882,-37.333585,0
                  -59.135883,-37.333584,0
                  -59.135885,-37.333583,0
                  -59.135887,-37.333582,0
                  -59.135889,-37.333581,0
                  -59.135891,-37.33358,0
                  -59.135892,-37.333579,0
                  -59.135894,-37.333579,0
                  -59.135896,-37.333578,0
                  -59.135898,-37.333577,0
                  -59.1359,-37.333577,0
                  -59.135902,-37.333576,0
                  -59.135904,-37.333576,0
                  -59.135906,-37.333575,0
                  -59.135908,-37.333575,0
                  -59.13591,-37.333575,0
                  -59.135913,-37.333574,0
                  -59.135915,-37.333574,0
                  -59.135917,-37.333574,0
                  -59.135919,-37.333574,0
                  -59.135921,-37.333574,0
                  -59.135923,-37.333574,0
                  -59.135925,-37.333574,0
                  -59.135927,-37.333574,0
                  -59.135929,-37.333574,0
                  -59.135932,-37.333575,0
                  -59.135934,-37.333575,0
                  -59.135936,-37.333575,0
                  -59.136204,-37.333674,0
                  -59.136898,-37.33393,0
                  -59.136379,-37.334822,0
                  -59.136103,-37.334189,0
                </coordinates>
              </LinearRing>
            </outerBoundaryIs>
          </Polygon>
        </MultiGeometry>
      </Placemark>
      <Placemark>
        <name>PLAZA OSCAR ALENDE</name>
        <description><![CDATA[Descripción: <br>altitudeMode: clampToGround<br>E_Verde: PLAZA OSCAR ALENDE<br>TIPO: PLAZA<br>FID: 65<br>Field_1: PLAZA OSCAR ALENDE<br>Hectáreas: 1.59]]></description>
        <styleUrl>#poly-097138-1000-0</styleUrl>
        <ExtendedData>
          <Data name="Descripción">
            <value/>
          </Data>
          <Data name="altitudeMode">
            <value>clampToGround</value>
          </Data>
          <Data name="E_Verde">
            <value>PLAZA OSCAR ALENDE</value>
          </Data>
          <Data name="TIPO">
            <value>PLAZA</value>
          </Data>
          <Data name="FID">
            <value>65</value>
          </Data>
          <Data name="Field_1">
            <value>PLAZA OSCAR ALENDE</value>
          </Data>
          <Data name="Hectáreas">
            <value>1.59</value>
          </Data>
        </ExtendedData>
        <Polygon>
          <outerBoundaryIs>
            <LinearRing>
              <tessellate>1</tessellate>
              <coordinates>
                -59.106829,-37.307671,0
                -59.106229,-37.307184,0
                -59.106233,-37.307146,0
                -59.107232,-37.306396,0
                -59.107289,-37.306395,0
                -59.10787,-37.306875,0
                -59.108211,-37.307157,0
                -59.10821,-37.307199,0
                -59.107689,-37.307594,0
                -59.107225,-37.307946,0
                -59.107169,-37.307947,0
                -59.106829,-37.307671,0
              </coordinates>
            </LinearRing>
          </outerBoundaryIs>
        </Polygon>
      </Placemark>
      <Placemark>
        <name>PLAZA PADRE BATTELLI/ DE LOS TRABAJADORES</name>
        <description><![CDATA[Descripción: <br>altitudeMode: clampToGround<br>E_Verde: PLAZA PADRE BATTELLI/ DE LOS TRABAJADORES<br>TIPO: PLAZA<br>FID: 66<br>Field_1: PLAZA PADRE BATTELLI/ DE LOS TRABAJADORES<br>Hectáreas: 0.138]]></description>
        <styleUrl>#poly-097138-1000-0</styleUrl>
        <ExtendedData>
          <Data name="Descripción">
            <value/>
          </Data>
          <Data name="altitudeMode">
            <value>clampToGround</value>
          </Data>
          <Data name="E_Verde">
            <value>PLAZA PADRE BATTELLI/ DE LOS TRABAJADORES</value>
          </Data>
          <Data name="TIPO">
            <value>PLAZA</value>
          </Data>
          <Data name="FID">
            <value>66</value>
          </Data>
          <Data name="Field_1">
            <value>PLAZA PADRE BATTELLI/ DE LOS TRABAJADORES</value>
          </Data>
          <Data name="Hectáreas">
            <value>0.138</value>
          </Data>
        </ExtendedData>
        <Polygon>
          <outerBoundaryIs>
            <LinearRing>
              <tessellate>1</tessellate>
              <coordinates>
                -59.145995,-37.338392,0
                -59.145889,-37.33857,0
                -59.145848,-37.338581,0
                -59.145332,-37.338383,0
                -59.145306,-37.338338,0
                -59.145404,-37.338174,0
                -59.145995,-37.338392,0
              </coordinates>
            </LinearRing>
          </outerBoundaryIs>
        </Polygon>
      </Placemark>
      <Placemark>
        <name>PLAZA PASTOR TEÓFILO SZPIGA</name>
        <description><![CDATA[Descripción: <br>altitudeMode: clampToGround<br>E_Verde: PLAZA PASTOR TEÓFILO SZPIGA<br>TIPO: PLAZA<br>FID: 68<br>Field_1: PLAZA PASTOR TEÓFILO SZPIGA<br>Hectáreas: 0.249]]></description>
        <styleUrl>#poly-097138-1000-0</styleUrl>
        <ExtendedData>
          <Data name="Descripción">
            <value/>
          </Data>
          <Data name="altitudeMode">
            <value>clampToGround</value>
          </Data>
          <Data name="E_Verde">
            <value>PLAZA PASTOR TEÓFILO SZPIGA</value>
          </Data>
          <Data name="TIPO">
            <value>PLAZA</value>
          </Data>
          <Data name="FID">
            <value>68</value>
          </Data>
          <Data name="Field_1">
            <value>PLAZA PASTOR TEÓFILO SZPIGA</value>
          </Data>
          <Data name="Hectáreas">
            <value>0.249</value>
          </Data>
        </ExtendedData>
        <Polygon>
          <outerBoundaryIs>
            <LinearRing>
              <tessellate>1</tessellate>
              <coordinates>
                -59.120329,-37.310688,0
                -59.120337,-37.310643,0
                -59.120988,-37.310131,0
                -59.121037,-37.31013,0
                -59.12122,-37.310277,0
                -59.121224,-37.310313,0
                -59.120554,-37.310824,0
                -59.120483,-37.310813,0
                -59.120329,-37.310688,0
              </coordinates>
            </LinearRing>
          </outerBoundaryIs>
        </Polygon>
      </Placemark>
      <Placemark>
        <name>PLAZA RAWSON</name>
        <description><![CDATA[Descripción: <br>altitudeMode: clampToGround<br>E_Verde: PLAZA RAWSON<br>TIPO: PLAZA<br>FID: 69<br>Field_1: PLAZA RAWSON<br>Hectáreas: 0.678]]></description>
        <styleUrl>#poly-097138-1000-0</styleUrl>
        <ExtendedData>
          <Data name="Descripción">
            <value/>
          </Data>
          <Data name="altitudeMode">
            <value>clampToGround</value>
          </Data>
          <Data name="E_Verde">
            <value>PLAZA RAWSON</value>
          </Data>
          <Data name="TIPO">
            <value>PLAZA</value>
          </Data>
          <Data name="FID">
            <value>69</value>
          </Data>
          <Data name="Field_1">
            <value>PLAZA RAWSON</value>
          </Data>
          <Data name="Hectáreas">
            <value>0.678</value>
          </Data>
        </ExtendedData>
        <Polygon>
          <outerBoundaryIs>
            <LinearRing>
              <tessellate>1</tessellate>
              <coordinates>
                -59.136088,-37.336467,0
                -59.135714,-37.336328,0
                -59.136241,-37.33544,0
                -59.136243,-37.335439,0
                -59.136244,-37.335438,0
                -59.136246,-37.335437,0
                -59.136248,-37.335436,0
                -59.13625,-37.335435,0
                -59.136252,-37.335434,0
                -59.136254,-37.335434,0
                -59.136256,-37.335433,0
                -59.136258,-37.335432,0
                -59.13626,-37.335432,0
                -59.136262,-37.335431,0
                -59.136264,-37.335431,0
                -59.136266,-37.33543,0
                -59.136268,-37.33543,0
                -59.13627,-37.33543,0
                -59.136272,-37.335429,0
                -59.136274,-37.335429,0
                -59.136277,-37.335429,0
                -59.136279,-37.335429,0
                -59.136281,-37.335429,0
                -59.136283,-37.335429,0
                -59.136285,-37.335429,0
                -59.136287,-37.335429,0
                -59.136289,-37.33543,0
                -59.136292,-37.33543,0
                -59.136294,-37.33543,0
                -59.136296,-37.335431,0
                -59.136298,-37.335431,0
                -59.1363,-37.335432,0
                -59.136302,-37.335432,0
                -59.136304,-37.335433,0
                -59.136306,-37.335434,0
                -59.136308,-37.335434,0
                -59.13631,-37.335435,0
                -59.136312,-37.335436,0
                -59.136313,-37.335437,0
                -59.136315,-37.335438,0
                -59.136317,-37.335439,0
                -59.136319,-37.33544,0
                -59.13632,-37.335441,0
                -59.136322,-37.335442,0
                -59.136323,-37.335443,0
                -59.136325,-37.335445,0
                -59.136326,-37.335446,0
                -59.136328,-37.335447,0
                -59.136329,-37.335449,0
                -59.13633,-37.33545,0
                -59.136332,-37.335451,0
                -59.136563,-37.336004,0
                -59.136878,-37.336759,0
                -59.136088,-37.336467,0
              </coordinates>
            </LinearRing>
          </outerBoundaryIs>
        </Polygon>
      </Placemark>
      <Placemark>
        <name>PLAZA SAN MARTIN</name>
        <description><![CDATA[Descripción: <br>altitudeMode: clampToGround<br>E_Verde: PLAZA SAN MARTIN<br>TIPO: PLAZA<br>FID: 70<br>Field_1: PLAZA SAN MARTIN<br>Hectáreas: 1.70]]></description>
        <styleUrl>#poly-097138-1000-0</styleUrl>
        <ExtendedData>
          <Data name="Descripción">
            <value/>
          </Data>
          <Data name="altitudeMode">
            <value>clampToGround</value>
          </Data>
          <Data name="E_Verde">
            <value>PLAZA SAN MARTIN</value>
          </Data>
          <Data name="TIPO">
            <value>PLAZA</value>
          </Data>
          <Data name="FID">
            <value>70</value>
          </Data>
          <Data name="Field_1">
            <value>PLAZA SAN MARTIN</value>
          </Data>
          <Data name="Hectáreas">
            <value>1.70</value>
          </Data>
        </ExtendedData>
        <Polygon>
          <outerBoundaryIs>
            <LinearRing>
              <tessellate>1</tessellate>
              <coordinates>
                -59.14757,-37.327475,0
                -59.147237,-37.327349,0
                -59.146574,-37.3271,0
                -59.146736,-37.326835,0
                -59.146895,-37.326571,0
                -59.147214,-37.32604,0
                -59.147556,-37.326168,0
                -59.147884,-37.326292,0
                -59.148211,-37.326417,0
                -59.148539,-37.326542,0
                -59.148216,-37.327072,0
                -59.147894,-37.327598,0
                -59.14757,-37.327475,0
              </coordinates>
            </LinearRing>
          </outerBoundaryIs>
        </Polygon>
      </Placemark>
      <Placemark>
        <name>PLAZOLETA B° ISLAS MALVINAS 1</name>
        <description><![CDATA[Descripción: <br>altitudeMode: clampToGround<br>E_Verde: PLAZOLETA B° ISLAS MALVINAS 1<br>TIPO: PLAZOLETA<br>FID: 76<br>Field_1: PLAZOLETA B° ISLAS MALVINAS 1<br>Hectáreas: 0.086]]></description>
        <styleUrl>#poly-097138-1000-0</styleUrl>
        <ExtendedData>
          <Data name="Descripción">
            <value/>
          </Data>
          <Data name="altitudeMode">
            <value>clampToGround</value>
          </Data>
          <Data name="E_Verde">
            <value>PLAZOLETA B° ISLAS MALVINAS 1</value>
          </Data>
          <Data name="TIPO">
            <value>PLAZOLETA</value>
          </Data>
          <Data name="FID">
            <value>76</value>
          </Data>
          <Data name="Field_1">
            <value>PLAZOLETA B° ISLAS MALVINAS 1</value>
          </Data>
          <Data name="Hectáreas">
            <value>0.086</value>
          </Data>
        </ExtendedData>
        <Polygon>
          <outerBoundaryIs>
            <LinearRing>
              <tessellate>1</tessellate>
              <coordinates>
                -59.118479,-37.324491,0
                -59.118742,-37.324592,0
                -59.118583,-37.324862,0
                -59.118317,-37.324759,0
                -59.118479,-37.324491,0
              </coordinates>
            </LinearRing>
          </outerBoundaryIs>
        </Polygon>
      </Placemark>
      <Placemark>
        <name>PLAZOLETA MONUMENTO AL GAUCHO</name>
        <description><![CDATA[Descripción: <br>altitudeMode: clampToGround<br>E_Verde: PLAZOLETA MONUMENTO AL GAUCHO<br>TIPO: PLAZOLETA<br>FID: 113<br>Field_1: PLAZOLETA MONUMENTO AL GAUCHO<br>Hectáreas: 0.049]]></description>
        <styleUrl>#poly-097138-1000-0</styleUrl>
        <ExtendedData>
          <Data name="Descripción">
            <value/>
          </Data>
          <Data name="altitudeMode">
            <value>clampToGround</value>
          </Data>
          <Data name="E_Verde">
            <value>PLAZOLETA MONUMENTO AL GAUCHO</value>
          </Data>
          <Data name="TIPO">
            <value>PLAZOLETA</value>
          </Data>
          <Data name="FID">
            <value>113</value>
          </Data>
          <Data name="Field_1">
            <value>PLAZOLETA MONUMENTO AL GAUCHO</value>
          </Data>
          <Data name="Hectáreas">
            <value>0.049</value>
          </Data>
        </ExtendedData>
        <Polygon>
          <outerBoundaryIs>
            <LinearRing>
              <tessellate>1</tessellate>
              <coordinates>
                -59.11825,-37.3151,0
                -59.118832,-37.315309,0
                -59.118683,-37.315425,0
                -59.11825,-37.3151,0
              </coordinates>
            </LinearRing>
          </outerBoundaryIs>
        </Polygon>
      </Placemark>
      <Placemark>
        <name>PLAZA SORIANO</name>
        <description><![CDATA[Descripción: <br>altitudeMode: clampToGround<br>E_Verde: PLAZA SORIANO<br>TIPO: PLAZA<br>FID: 72<br>Field_1: PLAZA SORIANO<br>Hectáreas: 1.90]]></description>
        <styleUrl>#poly-097138-1000-0</styleUrl>
        <ExtendedData>
          <Data name="Descripción">
            <value/>
          </Data>
          <Data name="altitudeMode">
            <value>clampToGround</value>
          </Data>
          <Data name="E_Verde">
            <value>PLAZA SORIANO</value>
          </Data>
          <Data name="TIPO">
            <value>PLAZA</value>
          </Data>
          <Data name="FID">
            <value>72</value>
          </Data>
          <Data name="Field_1">
            <value>PLAZA SORIANO</value>
          </Data>
          <Data name="Hectáreas">
            <value>1.90</value>
          </Data>
        </ExtendedData>
        <Polygon>
          <outerBoundaryIs>
            <LinearRing>
              <tessellate>1</tessellate>
              <coordinates>
                -59.134752,-37.311014,0
                -59.135035,-37.310523,0
                -59.137945,-37.311466,0
                -59.137621,-37.312099,0
                -59.134752,-37.311014,0
              </coordinates>
            </LinearRing>
          </outerBoundaryIs>
        </Polygon>
      </Placemark>
      <Placemark>
        <name>PLAZA TIRO FEDERAL</name>
        <description><![CDATA[Descripción: <br>altitudeMode: clampToGround<br>E_Verde: PLAZA TIRO FEDERAL<br>TIPO: PLAZA<br>FID: 73<br>Field_1: PLAZA TIRO FEDERAL<br>Hectáreas: 0.962]]></description>
        <styleUrl>#poly-097138-1000-0</styleUrl>
        <ExtendedData>
          <Data name="Descripción">
            <value/>
          </Data>
          <Data name="altitudeMode">
            <value>clampToGround</value>
          </Data>
          <Data name="E_Verde">
            <value>PLAZA TIRO FEDERAL</value>
          </Data>
          <Data name="TIPO">
            <value>PLAZA</value>
          </Data>
          <Data name="FID">
            <value>73</value>
          </Data>
          <Data name="Field_1">
            <value>PLAZA TIRO FEDERAL</value>
          </Data>
          <Data name="Hectáreas">
            <value>0.962</value>
          </Data>
        </ExtendedData>
        <Polygon>
          <outerBoundaryIs>
            <LinearRing>
              <tessellate>1</tessellate>
              <coordinates>
                -59.125385,-37.339577,0
                -59.126407,-37.337863,0
                -59.126707,-37.337352,0
                -59.12707,-37.337498,0
                -59.126839,-37.33788,0
                -59.125741,-37.339709,0
                -59.125385,-37.339577,0
              </coordinates>
            </LinearRing>
          </outerBoundaryIs>
        </Polygon>
      </Placemark>
      <Placemark>
        <name>PLAZA TIRO FEDERAL</name>
        <description><![CDATA[Descripción: <br>altitudeMode: clampToGround<br>E_Verde: PLAZA TIRO FEDERAL<br>TIPO: PLAZA<br>FID: 74<br>Field_1: PLAZA TIRO FEDERAL<br>Hectáreas: 6.01]]></description>
        <styleUrl>#poly-097138-1000-0</styleUrl>
        <ExtendedData>
          <Data name="Descripción">
            <value/>
          </Data>
          <Data name="altitudeMode">
            <value>clampToGround</value>
          </Data>
          <Data name="E_Verde">
            <value>PLAZA TIRO FEDERAL</value>
          </Data>
          <Data name="TIPO">
            <value>PLAZA</value>
          </Data>
          <Data name="FID">
            <value>74</value>
          </Data>
          <Data name="Field_1">
            <value>PLAZA TIRO FEDERAL</value>
          </Data>
          <Data name="Hectáreas">
            <value>6.01</value>
          </Data>
        </ExtendedData>
        <Polygon>
          <outerBoundaryIs>
            <LinearRing>
              <tessellate>1</tessellate>
              <coordinates>
                -59.126839,-37.337881,0
                -59.127634,-37.337926,0
                -59.127933,-37.338015,0
                -59.125318,-37.342407,0
                -59.123989,-37.341917,0
                -59.125385,-37.339578,0
                -59.125741,-37.339711,0
                -59.126839,-37.337881,0
              </coordinates>
            </LinearRing>
          </outerBoundaryIs>
        </Polygon>
      </Placemark>
      <Placemark>
        <name>PLAZA VERA PEÑALOZA</name>
        <description><![CDATA[Descripción: <br>altitudeMode: clampToGround<br>E_Verde: PLAZA VERA PEÑALOZA<br>TIPO: PLAZA<br>FID: 75<br>Field_1: PLAZA VERA PEÑALOZA<br>Hectáreas: 0.133]]></description>
        <styleUrl>#poly-097138-1000-0</styleUrl>
        <ExtendedData>
          <Data name="Descripción">
            <value/>
          </Data>
          <Data name="altitudeMode">
            <value>clampToGround</value>
          </Data>
          <Data name="E_Verde">
            <value>PLAZA VERA PEÑALOZA</value>
          </Data>
          <Data name="TIPO">
            <value>PLAZA</value>
          </Data>
          <Data name="FID">
            <value>75</value>
          </Data>
          <Data name="Field_1">
            <value>PLAZA VERA PEÑALOZA</value>
          </Data>
          <Data name="Hectáreas">
            <value>0.133</value>
          </Data>
        </ExtendedData>
        <Polygon>
          <outerBoundaryIs>
            <LinearRing>
              <tessellate>1</tessellate>
              <coordinates>
                -59.133323,-37.331556,0
                -59.133187,-37.331502,0
                -59.133414,-37.331152,0
                -59.133546,-37.331203,0
                -59.133688,-37.331259,0
                -59.133703,-37.331291,0
                -59.133498,-37.331626,0
                -59.133323,-37.331556,0
              </coordinates>
            </LinearRing>
          </outerBoundaryIs>
        </Polygon>
      </Placemark>
      <Placemark>
        <name><![CDATA[PLAZOLETA "LA MOVEDIZA"]]></name>
        <description><![CDATA[Descripción: <br>altitudeMode: clampToGround<br>E_Verde: PLAZOLETA "LA MOVEDIZA"<br>TIPO: PLAZOLETA<br>FID: 77<br>Field_1: PLAZOLETA "LA MOVEDIZA"<br>Hectáreas: 1.20]]></description>
        <styleUrl>#poly-097138-1000-0</styleUrl>
        <ExtendedData>
          <Data name="Descripción">
            <value/>
          </Data>
          <Data name="altitudeMode">
            <value>clampToGround</value>
          </Data>
          <Data name="E_Verde">
            <value><![CDATA[PLAZOLETA "LA MOVEDIZA"]]></value>
          </Data>
          <Data name="TIPO">
            <value>PLAZOLETA</value>
          </Data>
          <Data name="FID">
            <value>77</value>
          </Data>
          <Data name="Field_1">
            <value><![CDATA[PLAZOLETA "LA MOVEDIZA"]]></value>
          </Data>
          <Data name="Hectáreas">
            <value>1.20</value>
          </Data>
        </ExtendedData>
        <Polygon>
          <outerBoundaryIs>
            <LinearRing>
              <tessellate>1</tessellate>
              <coordinates>
                -59.173702,-37.308592,0
                -59.172734,-37.30937,0
                -59.172701,-37.309269,0
                -59.172664,-37.309156,0
                -59.172638,-37.309075,0
                -59.172447,-37.308755,0
                -59.172277,-37.308503,0
                -59.172185,-37.308381,0
                -59.172118,-37.308292,0
                -59.172431,-37.308032,0
                -59.172618,-37.307877,0
                -59.172738,-37.307777,0
                -59.172888,-37.307903,0
                -59.173091,-37.308075,0
                -59.173313,-37.308263,0
                -59.173702,-37.308592,0
              </coordinates>
            </LinearRing>
          </outerBoundaryIs>
        </Polygon>
      </Placemark>
      <Placemark>
        <name>PLAZOLETA 2 DE ABRIL</name>
        <description><![CDATA[Descripción: <br>altitudeMode: clampToGround<br>E_Verde: PLAZOLETA 2 DE ABRIL<br>TIPO: PLAZA<br>FID: 78<br>Field_1: PLAZOLETA 2 DE ABRIL<br>Hectáreas: 0.149]]></description>
        <styleUrl>#poly-097138-1000-0</styleUrl>
        <ExtendedData>
          <Data name="Descripción">
            <value/>
          </Data>
          <Data name="altitudeMode">
            <value>clampToGround</value>
          </Data>
          <Data name="E_Verde">
            <value>PLAZOLETA 2 DE ABRIL</value>
          </Data>
          <Data name="TIPO">
            <value>PLAZA</value>
          </Data>
          <Data name="FID">
            <value>78</value>
          </Data>
          <Data name="Field_1">
            <value>PLAZOLETA 2 DE ABRIL</value>
          </Data>
          <Data name="Hectáreas">
            <value>0.149</value>
          </Data>
        </ExtendedData>
        <Polygon>
          <outerBoundaryIs>
            <LinearRing>
              <tessellate>1</tessellate>
              <coordinates>
                -59.139205,-37.310287,0
                -59.139472,-37.310434,0
                -59.139539,-37.31037,0
                -59.139961,-37.310676,0
                -59.139742,-37.310667,0
                -59.139652,-37.310624,0
                -59.139525,-37.310651,0
                -59.139169,-37.310513,0
                -59.139185,-37.310484,0
                -59.139013,-37.3104,0
                -59.139205,-37.310287,0
              </coordinates>
            </LinearRing>
          </outerBoundaryIs>
        </Polygon>
      </Placemark>
      <Placemark>
        <name>PLAZOLETA ALFONSINA STORNI</name>
        <description><![CDATA[Descripción: <br>altitudeMode: clampToGround<br>E_Verde: PLAZOLETA ALFONSINA STORNI<br>TIPO: PLAZOLETA<br>FID: 79<br>Field_1: PLAZOLETA ALFONSINA STORNI<br>Hectáreas: 0.037]]></description>
        <styleUrl>#poly-097138-1000-0</styleUrl>
        <ExtendedData>
          <Data name="Descripción">
            <value/>
          </Data>
          <Data name="altitudeMode">
            <value>clampToGround</value>
          </Data>
          <Data name="E_Verde">
            <value>PLAZOLETA ALFONSINA STORNI</value>
          </Data>
          <Data name="TIPO">
            <value>PLAZOLETA</value>
          </Data>
          <Data name="FID">
            <value>79</value>
          </Data>
          <Data name="Field_1">
            <value>PLAZOLETA ALFONSINA STORNI</value>
          </Data>
          <Data name="Hectáreas">
            <value>0.037</value>
          </Data>
        </ExtendedData>
        <Polygon>
          <outerBoundaryIs>
            <LinearRing>
              <tessellate>1</tessellate>
              <coordinates>
                -59.127553,-37.322771,0
                -59.127661,-37.322587,0
                -59.127829,-37.322646,0
                -59.127714,-37.322836,0
                -59.127553,-37.322771,0
              </coordinates>
            </LinearRing>
          </outerBoundaryIs>
        </Polygon>
      </Placemark>
      <Placemark>
        <name>PLAZOLETA ALONSO</name>
        <description><![CDATA[Descripción: <br>altitudeMode: clampToGround<br>E_Verde: PLAZOLETA ALONSO<br>TIPO: PLAZOLETA<br>FID: 80<br>Field_1: PLAZOLETA ALONSO<br>Hectáreas: 0.120]]></description>
        <styleUrl>#poly-097138-1000-0</styleUrl>
        <ExtendedData>
          <Data name="Descripción">
            <value/>
          </Data>
          <Data name="altitudeMode">
            <value>clampToGround</value>
          </Data>
          <Data name="E_Verde">
            <value>PLAZOLETA ALONSO</value>
          </Data>
          <Data name="TIPO">
            <value>PLAZOLETA</value>
          </Data>
          <Data name="FID">
            <value>80</value>
          </Data>
          <Data name="Field_1">
            <value>PLAZOLETA ALONSO</value>
          </Data>
          <Data name="Hectáreas">
            <value>0.120</value>
          </Data>
        </ExtendedData>
        <Polygon>
          <outerBoundaryIs>
            <LinearRing>
              <tessellate>1</tessellate>
              <coordinates>
                -59.173987,-37.300043,0
                -59.173901,-37.299974,0
                -59.17383,-37.299916,0
                -59.173749,-37.299852,0
                -59.173947,-37.299697,0
                -59.174039,-37.299699,0
                -59.174073,-37.299727,0
                -59.174145,-37.299784,0
                -59.174232,-37.299854,0
                -59.174311,-37.299919,0
                -59.174067,-37.300108,0
                -59.173987,-37.300043,0
              </coordinates>
            </LinearRing>
          </outerBoundaryIs>
        </Polygon>
      </Placemark>
      <Placemark>
        <name>PLAZOLETA B° 17 DE AGOSTO</name>
        <description><![CDATA[Descripción: <br>altitudeMode: clampToGround<br>E_Verde: PLAZOLETA B° 17 DE AGOSTO<br>TIPO: PLAZOLETA<br>FID: 81<br>Field_1: PLAZOLETA B° 17 DE AGOSTO<br>Hectáreas: 0.132]]></description>
        <styleUrl>#poly-097138-1000-0</styleUrl>
        <ExtendedData>
          <Data name="Descripción">
            <value/>
          </Data>
          <Data name="altitudeMode">
            <value>clampToGround</value>
          </Data>
          <Data name="E_Verde">
            <value>PLAZOLETA B° 17 DE AGOSTO</value>
          </Data>
          <Data name="TIPO">
            <value>PLAZOLETA</value>
          </Data>
          <Data name="FID">
            <value>81</value>
          </Data>
          <Data name="Field_1">
            <value>PLAZOLETA B° 17 DE AGOSTO</value>
          </Data>
          <Data name="Hectáreas">
            <value>0.132</value>
          </Data>
        </ExtendedData>
        <Polygon>
          <outerBoundaryIs>
            <LinearRing>
              <tessellate>1</tessellate>
              <coordinates>
                -59.147607,-37.338363,0
                -59.147889,-37.33848,0
                -59.147672,-37.338855,0
                -59.14738,-37.338742,0
                -59.147607,-37.338363,0
              </coordinates>
            </LinearRing>
          </outerBoundaryIs>
        </Polygon>
      </Placemark>
      <Placemark>
        <name>PLAZOLETA B° 21 DE ABRIL</name>
        <description><![CDATA[Descripción: <br>altitudeMode: clampToGround<br>E_Verde: PLAZOLETA B° 21 DE ABRIL<br>TIPO: PLAZOLETA<br>FID: 82<br>Field_1: PLAZOLETA B° 21 DE ABRIL<br>Hectáreas: 0.312]]></description>
        <styleUrl>#poly-097138-1000-0</styleUrl>
        <ExtendedData>
          <Data name="Descripción">
            <value/>
          </Data>
          <Data name="altitudeMode">
            <value>clampToGround</value>
          </Data>
          <Data name="E_Verde">
            <value>PLAZOLETA B° 21 DE ABRIL</value>
          </Data>
          <Data name="TIPO">
            <value>PLAZOLETA</value>
          </Data>
          <Data name="FID">
            <value>82</value>
          </Data>
          <Data name="Field_1">
            <value>PLAZOLETA B° 21 DE ABRIL</value>
          </Data>
          <Data name="Hectáreas">
            <value>0.312</value>
          </Data>
        </ExtendedData>
        <Polygon>
          <outerBoundaryIs>
            <LinearRing>
              <tessellate>1</tessellate>
              <coordinates>
                -59.112791,-37.32437,0
                -59.113471,-37.324922,0
                -59.11347,-37.32496,0
                -59.113232,-37.325142,0
                -59.113184,-37.325141,0
                -59.112506,-37.32459,0
                -59.11265,-37.32448,0
                -59.112791,-37.32437,0
              </coordinates>
            </LinearRing>
          </outerBoundaryIs>
        </Polygon>
      </Placemark>
      <Placemark>
        <name>PLAZOLETA B° ARCO IRIS I</name>
        <description><![CDATA[Descripción: <br>altitudeMode: clampToGround<br>E_Verde: PLAZOLETA B° ARCO IRIS I<br>TIPO: PLAZOLETA<br>FID: 83<br>Field_1: PLAZOLETA B° ARCO IRIS I<br>Hectáreas: 0.511]]></description>
        <styleUrl>#poly-097138-1000-0</styleUrl>
        <ExtendedData>
          <Data name="Descripción">
            <value/>
          </Data>
          <Data name="altitudeMode">
            <value>clampToGround</value>
          </Data>
          <Data name="E_Verde">
            <value>PLAZOLETA B° ARCO IRIS I</value>
          </Data>
          <Data name="TIPO">
            <value>PLAZOLETA</value>
          </Data>
          <Data name="FID">
            <value>83</value>
          </Data>
          <Data name="Field_1">
            <value>PLAZOLETA B° ARCO IRIS I</value>
          </Data>
          <Data name="Hectáreas">
            <value>0.511</value>
          </Data>
        </ExtendedData>
        <MultiGeometry>
          <Polygon>
            <outerBoundaryIs>
              <LinearRing>
                <tessellate>1</tessellate>
                <coordinates>
                  -59.157553,-37.290965,0
                  -59.157897,-37.2907,0
                  -59.158382,-37.291103,0
                  -59.158052,-37.291363,0
                  -59.157553,-37.290965,0
                </coordinates>
              </LinearRing>
            </outerBoundaryIs>
          </Polygon>
          <Polygon>
            <outerBoundaryIs>
              <LinearRing>
                <tessellate>1</tessellate>
                <coordinates>
                  -59.156406,-37.290041,0
                  -59.156762,-37.289769,0
                  -59.157219,-37.290161,0
                  -59.156869,-37.29041,0
                  -59.156406,-37.290041,0
                </coordinates>
              </LinearRing>
            </outerBoundaryIs>
          </Polygon>
        </MultiGeometry>
      </Placemark>
      <Placemark>
        <name>PLAZOLETA B° ARCO IRIS I</name>
        <description><![CDATA[Descripción: <br>altitudeMode: clampToGround<br>E_Verde: PLAZOLETA B° ARCO IRIS I<br>TIPO: PLAZOLETA<br>FID: 84<br>Field_1: PLAZOLETA B° ARCO IRIS I<br>Hectáreas: 0.420]]></description>
        <styleUrl>#poly-097138-1000-0</styleUrl>
        <ExtendedData>
          <Data name="Descripción">
            <value/>
          </Data>
          <Data name="altitudeMode">
            <value>clampToGround</value>
          </Data>
          <Data name="E_Verde">
            <value>PLAZOLETA B° ARCO IRIS I</value>
          </Data>
          <Data name="TIPO">
            <value>PLAZOLETA</value>
          </Data>
          <Data name="FID">
            <value>84</value>
          </Data>
          <Data name="Field_1">
            <value>PLAZOLETA B° ARCO IRIS I</value>
          </Data>
          <Data name="Hectáreas">
            <value>0.420</value>
          </Data>
        </ExtendedData>
        <MultiGeometry>
          <Polygon>
            <outerBoundaryIs>
              <LinearRing>
                <tessellate>1</tessellate>
                <coordinates>
                  -59.162082,-37.29104,0
                  -59.162474,-37.290745,0
                  -59.16283,-37.291051,0
                  -59.162453,-37.291363,0
                  -59.162082,-37.29104,0
                </coordinates>
              </LinearRing>
            </outerBoundaryIs>
          </Polygon>
          <Polygon>
            <outerBoundaryIs>
              <LinearRing>
                <tessellate>1</tessellate>
                <coordinates>
                  -59.163244,-37.290138,0
                  -59.163558,-37.289894,0
                  -59.163957,-37.290195,0
                  -59.163615,-37.290444,0
                  -59.163244,-37.290138,0
                </coordinates>
              </LinearRing>
            </outerBoundaryIs>
          </Polygon>
        </MultiGeometry>
      </Placemark>
      <Placemark>
        <name>PLAZOLETA B° ARCO IRIS II</name>
        <description><![CDATA[Descripción: <br>altitudeMode: clampToGround<br>E_Verde: PLAZOLETA B° ARCO IRIS II<br>TIPO: PLAZOLETA<br>FID: 85<br>Field_1: PLAZOLETA B° ARCO IRIS II<br>Hectáreas: 0.224]]></description>
        <styleUrl>#poly-097138-1000-0</styleUrl>
        <ExtendedData>
          <Data name="Descripción">
            <value/>
          </Data>
          <Data name="altitudeMode">
            <value>clampToGround</value>
          </Data>
          <Data name="E_Verde">
            <value>PLAZOLETA B° ARCO IRIS II</value>
          </Data>
          <Data name="TIPO">
            <value>PLAZOLETA</value>
          </Data>
          <Data name="FID">
            <value>85</value>
          </Data>
          <Data name="Field_1">
            <value>PLAZOLETA B° ARCO IRIS II</value>
          </Data>
          <Data name="Hectáreas">
            <value>0.224</value>
          </Data>
        </ExtendedData>
        <Polygon>
          <outerBoundaryIs>
            <LinearRing>
              <tessellate>1</tessellate>
              <coordinates>
                -59.161747,-37.290172,0
                -59.161376,-37.290473,0
                -59.161005,-37.290166,0
                -59.161383,-37.28986,0
                -59.161747,-37.290172,0
              </coordinates>
            </LinearRing>
          </outerBoundaryIs>
        </Polygon>
      </Placemark>
      <Placemark>
        <name>PLAZOLETA B° ISLAS MALVINAS 2</name>
        <description><![CDATA[Descripción: <br>altitudeMode: clampToGround<br>E_Verde: PLAZOLETA B° ISLAS MALVINAS 2<br>TIPO: PLAZOLETA<br>FID: 86<br>Field_1: PLAZOLETA B° ISLAS MALVINAS 2<br>Hectáreas: 0.087]]></description>
        <styleUrl>#poly-097138-1000-0</styleUrl>
        <ExtendedData>
          <Data name="Descripción">
            <value/>
          </Data>
          <Data name="altitudeMode">
            <value>clampToGround</value>
          </Data>
          <Data name="E_Verde">
            <value>PLAZOLETA B° ISLAS MALVINAS 2</value>
          </Data>
          <Data name="TIPO">
            <value>PLAZOLETA</value>
          </Data>
          <Data name="FID">
            <value>86</value>
          </Data>
          <Data name="Field_1">
            <value>PLAZOLETA B° ISLAS MALVINAS 2</value>
          </Data>
          <Data name="Hectáreas">
            <value>0.087</value>
          </Data>
        </ExtendedData>
        <Polygon>
          <outerBoundaryIs>
            <LinearRing>
              <tessellate>1</tessellate>
              <coordinates>
                -59.116976,-37.323972,0
                -59.11724,-37.324072,0
                -59.117081,-37.324343,0
                -59.116814,-37.32424,0
                -59.116976,-37.323972,0
              </coordinates>
            </LinearRing>
          </outerBoundaryIs>
        </Polygon>
      </Placemark>
      <Placemark>
        <name>PLAZOLETA B° JARDIN 1</name>
        <description><![CDATA[Descripción: <br>altitudeMode: clampToGround<br>E_Verde: PLAZOLETA B° JARDIN 1<br>TIPO: PLAZOLETA<br>FID: 87<br>Field_1: PLAZOLETA B° JARDIN 1<br>Hectáreas: 0.086]]></description>
        <styleUrl>#poly-097138-1000-0</styleUrl>
        <ExtendedData>
          <Data name="Descripción">
            <value/>
          </Data>
          <Data name="altitudeMode">
            <value>clampToGround</value>
          </Data>
          <Data name="E_Verde">
            <value>PLAZOLETA B° JARDIN 1</value>
          </Data>
          <Data name="TIPO">
            <value>PLAZOLETA</value>
          </Data>
          <Data name="FID">
            <value>87</value>
          </Data>
          <Data name="Field_1">
            <value>PLAZOLETA B° JARDIN 1</value>
          </Data>
          <Data name="Hectáreas">
            <value>0.086</value>
          </Data>
        </ExtendedData>
        <Polygon>
          <outerBoundaryIs>
            <LinearRing>
              <tessellate>1</tessellate>
              <coordinates>
                -59.12065,-37.3239,0
                -59.120913,-37.324,0
                -59.120754,-37.324271,0
                -59.120488,-37.324168,0
                -59.12065,-37.3239,0
              </coordinates>
            </LinearRing>
          </outerBoundaryIs>
        </Polygon>
      </Placemark>
      <Placemark>
        <name>PLAZOLETA B° JARDIN 2</name>
        <description><![CDATA[Descripción: <br>altitudeMode: clampToGround<br>E_Verde: PLAZOLETA B° JARDIN 2<br>TIPO: PLAZOLETA<br>FID: 88<br>Field_1: PLAZOLETA B° JARDIN 2<br>Hectáreas: 0.086]]></description>
        <styleUrl>#poly-097138-1000-0</styleUrl>
        <ExtendedData>
          <Data name="Descripción">
            <value/>
          </Data>
          <Data name="altitudeMode">
            <value>clampToGround</value>
          </Data>
          <Data name="E_Verde">
            <value>PLAZOLETA B° JARDIN 2</value>
          </Data>
          <Data name="TIPO">
            <value>PLAZOLETA</value>
          </Data>
          <Data name="FID">
            <value>88</value>
          </Data>
          <Data name="Field_1">
            <value>PLAZOLETA B° JARDIN 2</value>
          </Data>
          <Data name="Hectáreas">
            <value>0.086</value>
          </Data>
        </ExtendedData>
        <Polygon>
          <outerBoundaryIs>
            <LinearRing>
              <tessellate>1</tessellate>
              <coordinates>
                -59.122104,-37.324451,0
                -59.122367,-37.324551,0
                -59.122208,-37.324822,0
                -59.121942,-37.324719,0
                -59.122104,-37.324451,0
              </coordinates>
            </LinearRing>
          </outerBoundaryIs>
        </Polygon>
      </Placemark>
      <Placemark>
        <name>PLAZOLETA B° SELVETTI</name>
        <description><![CDATA[Descripción: <br>altitudeMode: clampToGround<br>E_Verde: PLAZOLETA B° SELVETTI<br>TIPO: PLAZOLETA<br>FID: 89<br>Field_1: PLAZOLETA B° SELVETTI<br>Hectáreas: 0.534]]></description>
        <styleUrl>#poly-097138-1000-0</styleUrl>
        <ExtendedData>
          <Data name="Descripción">
            <value/>
          </Data>
          <Data name="altitudeMode">
            <value>clampToGround</value>
          </Data>
          <Data name="E_Verde">
            <value>PLAZOLETA B° SELVETTI</value>
          </Data>
          <Data name="TIPO">
            <value>PLAZOLETA</value>
          </Data>
          <Data name="FID">
            <value>89</value>
          </Data>
          <Data name="Field_1">
            <value>PLAZOLETA B° SELVETTI</value>
          </Data>
          <Data name="Hectáreas">
            <value>0.534</value>
          </Data>
        </ExtendedData>
        <Polygon>
          <outerBoundaryIs>
            <LinearRing>
              <tessellate>1</tessellate>
              <coordinates>
                -59.10308,-37.312177,0
                -59.103243,-37.312308,0
                -59.102912,-37.312564,0
                -59.10307,-37.31269,0
                -59.102911,-37.312823,0
                -59.103198,-37.313045,0
                -59.103037,-37.313172,0
                -59.102802,-37.312983,0
                -59.102514,-37.312751,0
                -59.102103,-37.31307,0
                -59.101867,-37.312876,0
                -59.102066,-37.312722,0
                -59.102187,-37.312628,0
                -59.102308,-37.312534,0
                -59.102429,-37.31244,0
                -59.102595,-37.312312,0
                -59.102672,-37.312374,0
                -59.102752,-37.312437,0
                -59.10308,-37.312177,0
              </coordinates>
            </LinearRing>
          </outerBoundaryIs>
        </Polygon>
      </Placemark>
      <Placemark>
        <name>PLAZOLETA B° UOM</name>
        <description><![CDATA[Descripción: <br>altitudeMode: clampToGround<br>E_Verde: PLAZOLETA B° UOM<br>TIPO: PLAZOLETA<br>FID: 90<br>Field_1: PLAZOLETA B° UOM<br>Hectáreas: 0.072]]></description>
        <styleUrl>#poly-097138-1000-0</styleUrl>
        <ExtendedData>
          <Data name="Descripción">
            <value/>
          </Data>
          <Data name="altitudeMode">
            <value>clampToGround</value>
          </Data>
          <Data name="E_Verde">
            <value>PLAZOLETA B° UOM</value>
          </Data>
          <Data name="TIPO">
            <value>PLAZOLETA</value>
          </Data>
          <Data name="FID">
            <value>90</value>
          </Data>
          <Data name="Field_1">
            <value>PLAZOLETA B° UOM</value>
          </Data>
          <Data name="Hectáreas">
            <value>0.072</value>
          </Data>
        </ExtendedData>
        <Polygon>
          <outerBoundaryIs>
            <LinearRing>
              <tessellate>1</tessellate>
              <coordinates>
                -59.104887,-37.311651,0
                -59.104756,-37.31154,0
                -59.104908,-37.311428,0
                -59.105053,-37.311321,0
                -59.105186,-37.311433,0
                -59.105184,-37.311469,0
                -59.105065,-37.311562,0
                -59.104944,-37.311656,0
                -59.104887,-37.311651,0
              </coordinates>
            </LinearRing>
          </outerBoundaryIs>
        </Polygon>
      </Placemark>
      <Placemark>
        <name>PLAZOLETA Bº ARCO IRIS II</name>
        <description><![CDATA[Descripción: <br>altitudeMode: clampToGround<br>E_Verde: PLAZOLETA Bº ARCO IRIS II<br>TIPO: PLAZOLETA<br>FID: 91<br>Field_1: PLAZOLETA Bº ARCO IRIS II<br>Hectáreas: 0.478]]></description>
        <styleUrl>#poly-097138-1000-0</styleUrl>
        <ExtendedData>
          <Data name="Descripción">
            <value/>
          </Data>
          <Data name="altitudeMode">
            <value>clampToGround</value>
          </Data>
          <Data name="E_Verde">
            <value>PLAZOLETA Bº ARCO IRIS II</value>
          </Data>
          <Data name="TIPO">
            <value>PLAZOLETA</value>
          </Data>
          <Data name="FID">
            <value>91</value>
          </Data>
          <Data name="Field_1">
            <value>PLAZOLETA Bº ARCO IRIS II</value>
          </Data>
          <Data name="Hectáreas">
            <value>0.478</value>
          </Data>
        </ExtendedData>
        <Polygon>
          <outerBoundaryIs>
            <LinearRing>
              <tessellate>1</tessellate>
              <coordinates>
                -59.160065,-37.29197,0
                -59.160061,-37.292012,0
                -59.159641,-37.292342,0
                -59.158964,-37.29177,0
                -59.159417,-37.291435,0
                -59.160065,-37.29197,0
              </coordinates>
            </LinearRing>
          </outerBoundaryIs>
        </Polygon>
      </Placemark>
      <Placemark>
        <name>PLAZOLETA CAPITAN JOSE L. ARDILES</name>
        <description><![CDATA[Descripción: <br>altitudeMode: clampToGround<br>E_Verde: PLAZOLETA CAPITAN JOSE L. ARDILES<br>TIPO: PLAZOLETA<br>FID: 92<br>Field_1: PLAZOLETA CAPITAN JOSE L. ARDILES<br>Hectáreas: 0.427]]></description>
        <styleUrl>#poly-097138-1000-0</styleUrl>
        <ExtendedData>
          <Data name="Descripción">
            <value/>
          </Data>
          <Data name="altitudeMode">
            <value>clampToGround</value>
          </Data>
          <Data name="E_Verde">
            <value>PLAZOLETA CAPITAN JOSE L. ARDILES</value>
          </Data>
          <Data name="TIPO">
            <value>PLAZOLETA</value>
          </Data>
          <Data name="FID">
            <value>92</value>
          </Data>
          <Data name="Field_1">
            <value>PLAZOLETA CAPITAN JOSE L. ARDILES</value>
          </Data>
          <Data name="Hectáreas">
            <value>0.427</value>
          </Data>
        </ExtendedData>
        <Polygon>
          <outerBoundaryIs>
            <LinearRing>
              <tessellate>1</tessellate>
              <coordinates>
                -59.120863,-37.334665,0
                -59.120674,-37.334965,0
                -59.119521,-37.334504,0
                -59.119709,-37.334204,0
                -59.120863,-37.334665,0
              </coordinates>
            </LinearRing>
          </outerBoundaryIs>
        </Polygon>
      </Placemark>
      <Placemark>
        <name>PLAZOLETA CASA DE GOMA</name>
        <description><![CDATA[Descripción: <br>altitudeMode: clampToGround<br>E_Verde: PLAZOLETA CASA DE GOMA<br>TIPO: PLAZOLETA<br>FID: 93<br>Field_1: PLAZOLETA CASA DE GOMA<br>Hectáreas: 0.050]]></description>
        <styleUrl>#poly-097138-1000-0</styleUrl>
        <ExtendedData>
          <Data name="Descripción">
            <value/>
          </Data>
          <Data name="altitudeMode">
            <value>clampToGround</value>
          </Data>
          <Data name="E_Verde">
            <value>PLAZOLETA CASA DE GOMA</value>
          </Data>
          <Data name="TIPO">
            <value>PLAZOLETA</value>
          </Data>
          <Data name="FID">
            <value>93</value>
          </Data>
          <Data name="Field_1">
            <value>PLAZOLETA CASA DE GOMA</value>
          </Data>
          <Data name="Hectáreas">
            <value>0.050</value>
          </Data>
        </ExtendedData>
        <Polygon>
          <outerBoundaryIs>
            <LinearRing>
              <tessellate>1</tessellate>
              <coordinates>
                -59.131419,-37.339743,0
                -59.131453,-37.339557,0
                -59.131741,-37.339662,0
                -59.131645,-37.339827,0
                -59.131419,-37.339743,0
              </coordinates>
            </LinearRing>
          </outerBoundaryIs>
        </Polygon>
      </Placemark>
      <Placemark>
        <name>PLAZOLETA CLUBES ROTARIOS</name>
        <description><![CDATA[Descripción: <br>altitudeMode: clampToGround<br>E_Verde: PLAZOLETA CLUBES ROTARIOS<br>TIPO: PLAZOLETA<br>FID: 94<br>Field_1: PLAZOLETA CLUBES ROTARIOS<br>Hectáreas: 0.235]]></description>
        <styleUrl>#poly-097138-1000-0</styleUrl>
        <ExtendedData>
          <Data name="Descripción">
            <value/>
          </Data>
          <Data name="altitudeMode">
            <value>clampToGround</value>
          </Data>
          <Data name="E_Verde">
            <value>PLAZOLETA CLUBES ROTARIOS</value>
          </Data>
          <Data name="TIPO">
            <value>PLAZOLETA</value>
          </Data>
          <Data name="FID">
            <value>94</value>
          </Data>
          <Data name="Field_1">
            <value>PLAZOLETA CLUBES ROTARIOS</value>
          </Data>
          <Data name="Hectáreas">
            <value>0.235</value>
          </Data>
        </ExtendedData>
        <Polygon>
          <outerBoundaryIs>
            <LinearRing>
              <tessellate>1</tessellate>
              <coordinates>
                -59.116562,-37.313641,0
                -59.11657,-37.313608,0
                -59.117539,-37.312873,0
                -59.117578,-37.312873,0
                -59.117671,-37.312953,0
                -59.117672,-37.312997,0
                -59.116736,-37.313731,0
                -59.116674,-37.313737,0
                -59.116562,-37.313641,0
              </coordinates>
            </LinearRing>
          </outerBoundaryIs>
        </Polygon>
      </Placemark>
      <Placemark>
        <name>PLAZOLETA DE LA 3ª EDAD</name>
        <description><![CDATA[Descripción: <br>altitudeMode: clampToGround<br>E_Verde: PLAZOLETA DE LA 3ª EDAD<br>TIPO: PLAZOLETA<br>FID: 95<br>Field_1: PLAZOLETA DE LA 3ª EDAD<br>Hectáreas: 0.031]]></description>
        <styleUrl>#poly-097138-1000-0</styleUrl>
        <ExtendedData>
          <Data name="Descripción">
            <value/>
          </Data>
          <Data name="altitudeMode">
            <value>clampToGround</value>
          </Data>
          <Data name="E_Verde">
            <value>PLAZOLETA DE LA 3ª EDAD</value>
          </Data>
          <Data name="TIPO">
            <value>PLAZOLETA</value>
          </Data>
          <Data name="FID">
            <value>95</value>
          </Data>
          <Data name="Field_1">
            <value>PLAZOLETA DE LA 3ª EDAD</value>
          </Data>
          <Data name="Hectáreas">
            <value>0.031</value>
          </Data>
        </ExtendedData>
        <Polygon>
          <outerBoundaryIs>
            <LinearRing>
              <tessellate>1</tessellate>
              <coordinates>
                -59.138548,-37.309971,0
                -59.138524,-37.309964,0
                -59.138503,-37.309946,0
                -59.13848,-37.309935,0
                -59.138457,-37.309921,0
                -59.138718,-37.309711,0
                -59.138797,-37.309773,0
                -59.138548,-37.309971,0
              </coordinates>
            </LinearRing>
          </outerBoundaryIs>
        </Polygon>
      </Placemark>
      <Placemark>
        <name>PLAZOLETA DE LA INDUSTRIA</name>
        <description><![CDATA[Descripción: <br>altitudeMode: clampToGround<br>E_Verde: PLAZOLETA DE LA INDUSTRIA<br>TIPO: PLAZOLETA<br>FID: 96<br>Field_1: PLAZOLETA DE LA INDUSTRIA<br>Hectáreas: 0.190]]></description>
        <styleUrl>#poly-097138-1000-0</styleUrl>
        <ExtendedData>
          <Data name="Descripción">
            <value/>
          </Data>
          <Data name="altitudeMode">
            <value>clampToGround</value>
          </Data>
          <Data name="E_Verde">
            <value>PLAZOLETA DE LA INDUSTRIA</value>
          </Data>
          <Data name="TIPO">
            <value>PLAZOLETA</value>
          </Data>
          <Data name="FID">
            <value>96</value>
          </Data>
          <Data name="Field_1">
            <value>PLAZOLETA DE LA INDUSTRIA</value>
          </Data>
          <Data name="Hectáreas">
            <value>0.190</value>
          </Data>
        </ExtendedData>
        <Polygon>
          <outerBoundaryIs>
            <LinearRing>
              <tessellate>1</tessellate>
              <coordinates>
                -59.14508,-37.313381,0
                -59.144727,-37.313245,0
                -59.145034,-37.313014,0
                -59.145288,-37.31322,0
                -59.145828,-37.313664,0
                -59.14508,-37.313381,0
              </coordinates>
            </LinearRing>
          </outerBoundaryIs>
        </Polygon>
      </Placemark>
      <Placemark>
        <name>PLAZOLETA DE LA MADRE</name>
        <description><![CDATA[Descripción: <br>altitudeMode: clampToGround<br>E_Verde: PLAZOLETA DE LA MADRE<br>TIPO: PLAZOLETA<br>FID: 97<br>Field_1: PLAZOLETA DE LA MADRE<br>Hectáreas: 0.009]]></description>
        <styleUrl>#poly-097138-1000-0</styleUrl>
        <ExtendedData>
          <Data name="Descripción">
            <value/>
          </Data>
          <Data name="altitudeMode">
            <value>clampToGround</value>
          </Data>
          <Data name="E_Verde">
            <value>PLAZOLETA DE LA MADRE</value>
          </Data>
          <Data name="TIPO">
            <value>PLAZOLETA</value>
          </Data>
          <Data name="FID">
            <value>97</value>
          </Data>
          <Data name="Field_1">
            <value>PLAZOLETA DE LA MADRE</value>
          </Data>
          <Data name="Hectáreas">
            <value>0.009</value>
          </Data>
        </ExtendedData>
        <Polygon>
          <outerBoundaryIs>
            <LinearRing>
              <tessellate>1</tessellate>
              <coordinates>
                -59.132127,-37.336755,0
                -59.132025,-37.336926,0
                -59.132012,-37.336924,0
                -59.132044,-37.336745,0
                -59.132127,-37.336755,0
              </coordinates>
            </LinearRing>
          </outerBoundaryIs>
        </Polygon>
      </Placemark>
      <Placemark>
        <name>PLAZOLETA DE LA MADRE</name>
        <description><![CDATA[Descripción: <br>altitudeMode: clampToGround<br>E_Verde: PLAZOLETA DE LA MADRE<br>TIPO: PLAZOLETA<br>FID: 98<br>Field_1: PLAZOLETA DE LA MADRE<br>Hectáreas: 0.025]]></description>
        <styleUrl>#poly-097138-1000-0</styleUrl>
        <ExtendedData>
          <Data name="Descripción">
            <value/>
          </Data>
          <Data name="altitudeMode">
            <value>clampToGround</value>
          </Data>
          <Data name="E_Verde">
            <value>PLAZOLETA DE LA MADRE</value>
          </Data>
          <Data name="TIPO">
            <value>PLAZOLETA</value>
          </Data>
          <Data name="FID">
            <value>98</value>
          </Data>
          <Data name="Field_1">
            <value>PLAZOLETA DE LA MADRE</value>
          </Data>
          <Data name="Hectáreas">
            <value>0.025</value>
          </Data>
        </ExtendedData>
        <Polygon>
          <outerBoundaryIs>
            <LinearRing>
              <tessellate>1</tessellate>
              <coordinates>
                -59.132044,-37.336745,0
                -59.132083,-37.336521,0
                -59.132233,-37.336576,0
                -59.132127,-37.336755,0
                -59.132044,-37.336745,0
              </coordinates>
            </LinearRing>
          </outerBoundaryIs>
        </Polygon>
      </Placemark>
      <Placemark>
        <name>PLAZOLETA DE LA TERCER EDAD</name>
        <description><![CDATA[Descripción: <br>altitudeMode: clampToGround<br>E_Verde: PLAZOLETA DE LA TERCER EDAD<br>TIPO: PLAZOLETA<br>FID: 99<br>Field_1: PLAZOLETA DE LA TERCER EDAD<br>Hectáreas: 0.015]]></description>
        <styleUrl>#poly-097138-1000-0</styleUrl>
        <ExtendedData>
          <Data name="Descripción">
            <value/>
          </Data>
          <Data name="altitudeMode">
            <value>clampToGround</value>
          </Data>
          <Data name="E_Verde">
            <value>PLAZOLETA DE LA TERCER EDAD</value>
          </Data>
          <Data name="TIPO">
            <value>PLAZOLETA</value>
          </Data>
          <Data name="FID">
            <value>99</value>
          </Data>
          <Data name="Field_1">
            <value>PLAZOLETA DE LA TERCER EDAD</value>
          </Data>
          <Data name="Hectáreas">
            <value>0.015</value>
          </Data>
        </ExtendedData>
        <Polygon>
          <outerBoundaryIs>
            <LinearRing>
              <tessellate>1</tessellate>
              <coordinates>
                -59.139179,-37.310069,0
                -59.139177,-37.310111,0
                -59.139082,-37.310185,0
                -59.139001,-37.310121,0
                -59.139122,-37.310025,0
                -59.139179,-37.310069,0
              </coordinates>
            </LinearRing>
          </outerBoundaryIs>
        </Polygon>
      </Placemark>
      <Placemark>
        <name>PLAZOLETA DE LAS MAESTRAS</name>
        <description><![CDATA[Descripción: <br>altitudeMode: clampToGround<br>E_Verde: PLAZOLETA DE LAS MAESTRAS<br>TIPO: PLAZOLETA<br>FID: 100<br>Field_1: PLAZOLETA DE LAS MAESTRAS<br>Hectáreas: 0.255]]></description>
        <styleUrl>#poly-097138-1000-0</styleUrl>
        <ExtendedData>
          <Data name="Descripción">
            <value/>
          </Data>
          <Data name="altitudeMode">
            <value>clampToGround</value>
          </Data>
          <Data name="E_Verde">
            <value>PLAZOLETA DE LAS MAESTRAS</value>
          </Data>
          <Data name="TIPO">
            <value>PLAZOLETA</value>
          </Data>
          <Data name="FID">
            <value>100</value>
          </Data>
          <Data name="Field_1">
            <value>PLAZOLETA DE LAS MAESTRAS</value>
          </Data>
          <Data name="Hectáreas">
            <value>0.255</value>
          </Data>
        </ExtendedData>
        <Polygon>
          <outerBoundaryIs>
            <LinearRing>
              <tessellate>1</tessellate>
              <coordinates>
                -59.1245,-37.315081,0
                -59.124393,-37.31504,0
                -59.124295,-37.315003,0
                -59.124194,-37.314964,0
                -59.124214,-37.314925,0
                -59.124262,-37.314846,0
                -59.124315,-37.314762,0
                -59.12421,-37.314724,0
                -59.124257,-37.314647,0
                -59.124162,-37.314608,0
                -59.124059,-37.31457,0
                -59.12411,-37.314488,0
                -59.123896,-37.314406,0
                -59.123937,-37.314343,0
                -59.123976,-37.314283,0
                -59.124024,-37.314262,0
                -59.124202,-37.314329,0
                -59.124308,-37.314368,0
                -59.124407,-37.314405,0
                -59.124513,-37.314447,0
                -59.124541,-37.3148,0
                -59.124556,-37.314978,0
                -59.124522,-37.31509,0
                -59.1245,-37.315081,0
              </coordinates>
            </LinearRing>
          </outerBoundaryIs>
        </Polygon>
      </Placemark>
      <Placemark>
        <name>PLAZOLETA DE LOS INMIGRANTES</name>
        <description><![CDATA[Descripción: <br>altitudeMode: clampToGround<br>E_Verde: PLAZOLETA DE LOS INMIGRANTES<br>TIPO: PLAZOLETA<br>FID: 101<br>Field_1: PLAZOLETA DE LOS INMIGRANTES<br>Hectáreas: 0.031]]></description>
        <styleUrl>#poly-097138-1000-0</styleUrl>
        <ExtendedData>
          <Data name="Descripción">
            <value/>
          </Data>
          <Data name="altitudeMode">
            <value>clampToGround</value>
          </Data>
          <Data name="E_Verde">
            <value>PLAZOLETA DE LOS INMIGRANTES</value>
          </Data>
          <Data name="TIPO">
            <value>PLAZOLETA</value>
          </Data>
          <Data name="FID">
            <value>101</value>
          </Data>
          <Data name="Field_1">
            <value>PLAZOLETA DE LOS INMIGRANTES</value>
          </Data>
          <Data name="Hectáreas">
            <value>0.031</value>
          </Data>
        </ExtendedData>
        <Polygon>
          <outerBoundaryIs>
            <LinearRing>
              <tessellate>1</tessellate>
              <coordinates>
                -59.119068,-37.318946,0
                -59.119083,-37.318961,0
                -59.118911,-37.319244,0
                -59.118865,-37.319249,0
                -59.118791,-37.319189,0
                -59.118798,-37.319155,0
                -59.119068,-37.318946,0
              </coordinates>
            </LinearRing>
          </outerBoundaryIs>
        </Polygon>
      </Placemark>
      <Placemark>
        <name>PLAZOLETA DE LOS NIÑOS</name>
        <description><![CDATA[Descripción: <br>altitudeMode: clampToGround<br>E_Verde: PLAZOLETA DE LOS NIÑOS<br>TIPO: PLAZOLETA<br>FID: 102<br>Field_1: PLAZOLETA DE LOS NIÑOS<br>Hectáreas: 0.139]]></description>
        <styleUrl>#poly-097138-1000-0</styleUrl>
        <ExtendedData>
          <Data name="Descripción">
            <value/>
          </Data>
          <Data name="altitudeMode">
            <value>clampToGround</value>
          </Data>
          <Data name="E_Verde">
            <value>PLAZOLETA DE LOS NIÑOS</value>
          </Data>
          <Data name="TIPO">
            <value>PLAZOLETA</value>
          </Data>
          <Data name="FID">
            <value>102</value>
          </Data>
          <Data name="Field_1">
            <value>PLAZOLETA DE LOS NIÑOS</value>
          </Data>
          <Data name="Hectáreas">
            <value>0.139</value>
          </Data>
        </ExtendedData>
        <Polygon>
          <outerBoundaryIs>
            <LinearRing>
              <tessellate>1</tessellate>
              <coordinates>
                -59.147012,-37.342015,0
                -59.146898,-37.341972,0
                -59.146802,-37.341934,0
                -59.146787,-37.341892,0
                -59.146867,-37.34176,0
                -59.146914,-37.34168,0
                -59.146964,-37.341599,0
                -59.147319,-37.341736,0
                -59.14727,-37.341818,0
                -59.147221,-37.341897,0
                -59.147123,-37.342059,0
                -59.147012,-37.342015,0
              </coordinates>
            </LinearRing>
          </outerBoundaryIs>
        </Polygon>
      </Placemark>
      <Placemark>
        <name>PLAZOLETA DE LOS NIÑOS</name>
        <description><![CDATA[Descripción: <br>altitudeMode: clampToGround<br>E_Verde: PLAZOLETA DE LOS NIÑOS<br>TIPO: PLAZOLETA<br>FID: 103<br>Field_1: PLAZOLETA DE LOS NIÑOS<br>Hectáreas: 0.138]]></description>
        <styleUrl>#poly-097138-1000-0</styleUrl>
        <ExtendedData>
          <Data name="Descripción">
            <value/>
          </Data>
          <Data name="altitudeMode">
            <value>clampToGround</value>
          </Data>
          <Data name="E_Verde">
            <value>PLAZOLETA DE LOS NIÑOS</value>
          </Data>
          <Data name="TIPO">
            <value>PLAZOLETA</value>
          </Data>
          <Data name="FID">
            <value>103</value>
          </Data>
          <Data name="Field_1">
            <value>PLAZOLETA DE LOS NIÑOS</value>
          </Data>
          <Data name="Hectáreas">
            <value>0.138</value>
          </Data>
        </ExtendedData>
        <Polygon>
          <outerBoundaryIs>
            <LinearRing>
              <tessellate>1</tessellate>
              <coordinates>
                -59.146964,-37.341599,0
                -59.147011,-37.341522,0
                -59.147062,-37.341438,0
                -59.147112,-37.341354,0
                -59.147163,-37.341272,0
                -59.147506,-37.341408,0
                -59.14746,-37.341489,0
                -59.147407,-37.341572,0
                -59.147359,-37.341658,0
                -59.147319,-37.341736,0
                -59.146964,-37.341599,0
              </coordinates>
            </LinearRing>
          </outerBoundaryIs>
        </Polygon>
      </Placemark>
      <Placemark>
        <name>PLAZOLETA DEL AUTOMOVILISMO TANDILENSE</name>
        <description><![CDATA[Descripción: <br>altitudeMode: clampToGround<br>E_Verde: PLAZOLETA DEL AUTOMOVILISMO TANDILENSE<br>TIPO: PLAZOLETA<br>FID: 104<br>Field_1: PLAZOLETA DEL AUTOMOVILISMO TANDILENSE<br>Hectáreas: 0.191]]></description>
        <styleUrl>#poly-097138-1000-0</styleUrl>
        <ExtendedData>
          <Data name="Descripción">
            <value/>
          </Data>
          <Data name="altitudeMode">
            <value>clampToGround</value>
          </Data>
          <Data name="E_Verde">
            <value>PLAZOLETA DEL AUTOMOVILISMO TANDILENSE</value>
          </Data>
          <Data name="TIPO">
            <value>PLAZOLETA</value>
          </Data>
          <Data name="FID">
            <value>104</value>
          </Data>
          <Data name="Field_1">
            <value>PLAZOLETA DEL AUTOMOVILISMO TANDILENSE</value>
          </Data>
          <Data name="Hectáreas">
            <value>0.191</value>
          </Data>
        </ExtendedData>
        <Polygon>
          <outerBoundaryIs>
            <LinearRing>
              <tessellate>1</tessellate>
              <coordinates>
                -59.117165,-37.314468,0
                -59.116153,-37.314353,0
                -59.116551,-37.314034,0
                -59.1166,-37.314039,0
                -59.117165,-37.314468,0
              </coordinates>
            </LinearRing>
          </outerBoundaryIs>
        </Polygon>
      </Placemark>
      <Placemark>
        <name>PLAZOLETA DEL COMERCIO (EX- MOHAURAT)</name>
        <description><![CDATA[Descripción: <br>altitudeMode: clampToGround<br>E_Verde: PLAZOLETA DEL COMERCIO (EX- MOHAURAT)<br>TIPO: PLAZOLETA<br>FID: 105<br>Field_1: PLAZOLETA DEL COMERCIO (EX- MOHAURAT)<br>Hectáreas: 0.038]]></description>
        <styleUrl>#poly-097138-1000-0</styleUrl>
        <ExtendedData>
          <Data name="Descripción">
            <value/>
          </Data>
          <Data name="altitudeMode">
            <value>clampToGround</value>
          </Data>
          <Data name="E_Verde">
            <value>PLAZOLETA DEL COMERCIO (EX- MOHAURAT)</value>
          </Data>
          <Data name="TIPO">
            <value>PLAZOLETA</value>
          </Data>
          <Data name="FID">
            <value>105</value>
          </Data>
          <Data name="Field_1">
            <value>PLAZOLETA DEL COMERCIO (EX- MOHAURAT)</value>
          </Data>
          <Data name="Hectáreas">
            <value>0.038</value>
          </Data>
        </ExtendedData>
        <Polygon>
          <outerBoundaryIs>
            <LinearRing>
              <tessellate>1</tessellate>
              <coordinates>
                -59.132053,-37.334382,0
                -59.132094,-37.334313,0
                -59.132287,-37.333992,0
                -59.132297,-37.333998,0
                -59.132218,-37.334363,0
                -59.132201,-37.334442,0
                -59.132053,-37.334382,0
              </coordinates>
            </LinearRing>
          </outerBoundaryIs>
        </Polygon>
      </Placemark>
      <Placemark>
        <name>PLAZOLETA DEL DON</name>
        <description><![CDATA[Descripción: <br>altitudeMode: clampToGround<br>E_Verde: PLAZOLETA DEL DON<br>TIPO: PLAZOLETA<br>FID: 106<br>Field_1: PLAZOLETA DEL DON<br>Hectáreas: 0.037]]></description>
        <styleUrl>#poly-097138-1000-0</styleUrl>
        <ExtendedData>
          <Data name="Descripción">
            <value/>
          </Data>
          <Data name="altitudeMode">
            <value>clampToGround</value>
          </Data>
          <Data name="E_Verde">
            <value>PLAZOLETA DEL DON</value>
          </Data>
          <Data name="TIPO">
            <value>PLAZOLETA</value>
          </Data>
          <Data name="FID">
            <value>106</value>
          </Data>
          <Data name="Field_1">
            <value>PLAZOLETA DEL DON</value>
          </Data>
          <Data name="Hectáreas">
            <value>0.037</value>
          </Data>
        </ExtendedData>
        <Polygon>
          <outerBoundaryIs>
            <LinearRing>
              <tessellate>1</tessellate>
              <coordinates>
                -59.128025,-37.337867,0
                -59.127946,-37.337994,0
                -59.127707,-37.337928,0
                -59.127801,-37.337783,0
                -59.128025,-37.337867,0
              </coordinates>
            </LinearRing>
          </outerBoundaryIs>
        </Polygon>
      </Placemark>
      <Placemark>
        <name>PLAZOLETA DOT (DENOMINACIÓN ORIGEN TANDIL)</name>
        <description><![CDATA[Descripción: <br>altitudeMode: clampToGround<br>E_Verde: PLAZOLETA DOT (DENOMINACIÓN ORIGEN TANDIL)<br>TIPO: PLAZOLETA<br>FID: 108<br>Field_1: PLAZOLETA DOT (DENOMINACIÓN ORIGEN TANDIL)<br>Hectáreas: 0.356]]></description>
        <styleUrl>#poly-097138-1000-0</styleUrl>
        <ExtendedData>
          <Data name="Descripción">
            <value/>
          </Data>
          <Data name="altitudeMode">
            <value>clampToGround</value>
          </Data>
          <Data name="E_Verde">
            <value>PLAZOLETA DOT (DENOMINACIÓN ORIGEN TANDIL)</value>
          </Data>
          <Data name="TIPO">
            <value>PLAZOLETA</value>
          </Data>
          <Data name="FID">
            <value>108</value>
          </Data>
          <Data name="Field_1">
            <value>PLAZOLETA DOT (DENOMINACIÓN ORIGEN TANDIL)</value>
          </Data>
          <Data name="Hectáreas">
            <value>0.356</value>
          </Data>
        </ExtendedData>
        <Polygon>
          <outerBoundaryIs>
            <LinearRing>
              <tessellate>1</tessellate>
              <coordinates>
                -59.11537,-37.314562,0
                -59.115382,-37.314502,0
                -59.116311,-37.31377,0
                -59.116385,-37.313771,0
                -59.11653,-37.313886,0
                -59.116502,-37.313986,0
                -59.115606,-37.314689,0
                -59.115526,-37.314676,0
                -59.11537,-37.314562,0
              </coordinates>
            </LinearRing>
          </outerBoundaryIs>
        </Polygon>
      </Placemark>
      <Placemark>
        <name>PLAZOLETA DR. JORGE LUÍS CURUCHET</name>
        <description><![CDATA[Descripción: <br>altitudeMode: clampToGround<br>E_Verde: PLAZOLETA DR. JORGE LUÍS CURUCHET<br>TIPO: PLAZOLETA<br>FID: 109<br>Field_1: PLAZOLETA DR. JORGE LUÍS CURUCHET<br>Hectáreas: 0.351]]></description>
        <styleUrl>#poly-097138-1000-0</styleUrl>
        <ExtendedData>
          <Data name="Descripción">
            <value/>
          </Data>
          <Data name="altitudeMode">
            <value>clampToGround</value>
          </Data>
          <Data name="E_Verde">
            <value>PLAZOLETA DR. JORGE LUÍS CURUCHET</value>
          </Data>
          <Data name="TIPO">
            <value>PLAZOLETA</value>
          </Data>
          <Data name="FID">
            <value>109</value>
          </Data>
          <Data name="Field_1">
            <value>PLAZOLETA DR. JORGE LUÍS CURUCHET</value>
          </Data>
          <Data name="Hectáreas">
            <value>0.351</value>
          </Data>
        </ExtendedData>
        <Polygon>
          <outerBoundaryIs>
            <LinearRing>
              <tessellate>1</tessellate>
              <coordinates>
                -59.167026,-37.320043,0
                -59.166792,-37.320219,0
                -59.165831,-37.31945,0
                -59.166142,-37.319407,0
                -59.166212,-37.319408,0
                -59.16652,-37.319393,0
                -59.166526,-37.319548,0
                -59.166551,-37.319674,0
                -59.167045,-37.320056,0
                -59.167026,-37.320043,0
              </coordinates>
            </LinearRing>
          </outerBoundaryIs>
        </Polygon>
      </Placemark>
      <Placemark>
        <name>PLAZOLETA JUJUY!!!</name>
        <description><![CDATA[Descripción: <br>altitudeMode: clampToGround<br>E_Verde: PLAZOLETA JUJUY!!!<br>TIPO: PLAZOLETA<br>FID: 110<br>Field_1: PLAZOLETA JUJUY!!!<br>Hectáreas: 0.251]]></description>
        <styleUrl>#poly-097138-997-3</styleUrl>
        <ExtendedData>
          <Data name="Descripción">
            <value/>
          </Data>
          <Data name="altitudeMode">
            <value>clampToGround</value>
          </Data>
          <Data name="E_Verde">
            <value>PLAZOLETA JUJUY!!!</value>
          </Data>
          <Data name="TIPO">
            <value>PLAZOLETA</value>
          </Data>
          <Data name="FID">
            <value>110</value>
          </Data>
          <Data name="Field_1">
            <value>PLAZOLETA JUJUY!!!</value>
          </Data>
          <Data name="Hectáreas">
            <value>0.251</value>
          </Data>
        </ExtendedData>
        <Polygon>
          <outerBoundaryIs>
            <LinearRing>
              <tessellate>1</tessellate>
              <coordinates>
                -59.157477,-37.313555,0
                -59.157544,-37.313569,0
                -59.157611,-37.313581,0
                -59.157679,-37.313591,0
                -59.157747,-37.3136,0
                -59.157816,-37.313606,0
                -59.157885,-37.313611,0
                -59.157954,-37.313613,0
                -59.158023,-37.313614,0
                -59.158092,-37.313613,0
                -59.158161,-37.31361,0
                -59.15823,-37.313605,0
                -59.158298,-37.313598,0
                -59.158366,-37.31359,0
                -59.158434,-37.313579,0
                -59.158519,-37.313557,0
                -59.158543,-37.313546,0
                -59.158566,-37.31354,0
                -59.158591,-37.313533,0
                -59.158616,-37.313527,0
                -59.158666,-37.313518,0
                -59.158738,-37.313505,0
                -59.158839,-37.313492,0
                -59.158314,-37.3138,0
                -59.157977,-37.314009,0
                -59.157887,-37.313934,0
                -59.157471,-37.313568,0
                -59.157477,-37.313555,0
              </coordinates>
            </LinearRing>
          </outerBoundaryIs>
        </Polygon>
      </Placemark>
      <Placemark>
        <name>PLAZOLETA MAGIORI</name>
        <description><![CDATA[Descripción: <br>altitudeMode: clampToGround<br>E_Verde: PLAZOLETA MAGIORI<br>TIPO: PLAZOLETA<br>FID: 111<br>Field_1: PLAZOLETA MAGIORI<br>Hectáreas: 0.347]]></description>
        <styleUrl>#poly-097138-1000-0</styleUrl>
        <ExtendedData>
          <Data name="Descripción">
            <value/>
          </Data>
          <Data name="altitudeMode">
            <value>clampToGround</value>
          </Data>
          <Data name="E_Verde">
            <value>PLAZOLETA MAGIORI</value>
          </Data>
          <Data name="TIPO">
            <value>PLAZOLETA</value>
          </Data>
          <Data name="FID">
            <value>111</value>
          </Data>
          <Data name="Field_1">
            <value>PLAZOLETA MAGIORI</value>
          </Data>
          <Data name="Hectáreas">
            <value>0.347</value>
          </Data>
        </ExtendedData>
        <Polygon>
          <outerBoundaryIs>
            <LinearRing>
              <tessellate>1</tessellate>
              <coordinates>
                -59.165577,-37.301915,0
                -59.165579,-37.301869,0
                -59.165678,-37.301795,0
                -59.16581,-37.301695,0
                -59.165944,-37.301593,0
                -59.166075,-37.301494,0
                -59.166219,-37.301385,0
                -59.166549,-37.301656,0
                -59.166476,-37.301712,0
                -59.166405,-37.301767,0
                -59.166344,-37.301813,0
                -59.166277,-37.301865,0
                -59.16621,-37.301916,0
                -59.166139,-37.30197,0
                -59.166006,-37.302073,0
                -59.165879,-37.30217,0
                -59.165577,-37.301915,0
              </coordinates>
            </LinearRing>
          </outerBoundaryIs>
        </Polygon>
      </Placemark>
      <Placemark>
        <name>PLAZOLETA MONUMENTO A FUGL</name>
        <description><![CDATA[Descripción: <br>altitudeMode: clampToGround<br>E_Verde: PLAZOLETA MONUMENTO A FUGL<br>TIPO: PLAZOLETA<br>FID: 112<br>Field_1: PLAZOLETA MONUMENTO A FUGL<br>Hectáreas: 0.380]]></description>
        <styleUrl>#poly-097138-1000-0</styleUrl>
        <ExtendedData>
          <Data name="Descripción">
            <value/>
          </Data>
          <Data name="altitudeMode">
            <value>clampToGround</value>
          </Data>
          <Data name="E_Verde">
            <value>PLAZOLETA MONUMENTO A FUGL</value>
          </Data>
          <Data name="TIPO">
            <value>PLAZOLETA</value>
          </Data>
          <Data name="FID">
            <value>112</value>
          </Data>
          <Data name="Field_1">
            <value>PLAZOLETA MONUMENTO A FUGL</value>
          </Data>
          <Data name="Hectáreas">
            <value>0.380</value>
          </Data>
        </ExtendedData>
        <Polygon>
          <outerBoundaryIs>
            <LinearRing>
              <tessellate>1</tessellate>
              <coordinates>
                -59.13217,-37.34247,0
                -59.132343,-37.342354,0
                -59.132474,-37.342335,0
                -59.132676,-37.342428,0
                -59.13282,-37.342702,0
                -59.132915,-37.342931,0
                -59.133108,-37.343193,0
                -59.133195,-37.343362,0
                -59.132928,-37.343263,0
                -59.132644,-37.343098,0
                -59.132436,-37.342804,0
                -59.132283,-37.34262,0
                -59.13217,-37.34247,0
              </coordinates>
            </LinearRing>
          </outerBoundaryIs>
        </Polygon>
      </Placemark>
      <Placemark>
        <name>PLAZOLETA NEWBERY</name>
        <description><![CDATA[Descripción: <br>altitudeMode: clampToGround<br>E_Verde: PLAZOLETA NEWBERY<br>TIPO: PLAZOLETA<br>FID: 114<br>Field_1: PLAZOLETA NEWBERY<br>Hectáreas: 1.39]]></description>
        <styleUrl>#poly-097138-1000-0</styleUrl>
        <ExtendedData>
          <Data name="Descripción">
            <value/>
          </Data>
          <Data name="altitudeMode">
            <value>clampToGround</value>
          </Data>
          <Data name="E_Verde">
            <value>PLAZOLETA NEWBERY</value>
          </Data>
          <Data name="TIPO">
            <value>PLAZOLETA</value>
          </Data>
          <Data name="FID">
            <value>114</value>
          </Data>
          <Data name="Field_1">
            <value>PLAZOLETA NEWBERY</value>
          </Data>
          <Data name="Hectáreas">
            <value>1.39</value>
          </Data>
        </ExtendedData>
        <Polygon>
          <outerBoundaryIs>
            <LinearRing>
              <tessellate>1</tessellate>
              <coordinates>
                -59.137849,-37.335835,0
                -59.13912,-37.336342,0
                -59.13858,-37.337247,0
                -59.137335,-37.336757,0
                -59.137849,-37.335835,0
              </coordinates>
            </LinearRing>
          </outerBoundaryIs>
        </Polygon>
      </Placemark>
      <Placemark>
        <name>PLAZOLETA OLIVERO</name>
        <description><![CDATA[Descripción: <br>altitudeMode: clampToGround<br>E_Verde: PLAZOLETA OLIVERO<br>TIPO: PLAZOLETA<br>FID: 115<br>Field_1: PLAZOLETA OLIVERO<br>Hectáreas: 0.574]]></description>
        <styleUrl>#poly-097138-1000-0</styleUrl>
        <ExtendedData>
          <Data name="Descripción">
            <value/>
          </Data>
          <Data name="altitudeMode">
            <value>clampToGround</value>
          </Data>
          <Data name="E_Verde">
            <value>PLAZOLETA OLIVERO</value>
          </Data>
          <Data name="TIPO">
            <value>PLAZOLETA</value>
          </Data>
          <Data name="FID">
            <value>115</value>
          </Data>
          <Data name="Field_1">
            <value>PLAZOLETA OLIVERO</value>
          </Data>
          <Data name="Hectáreas">
            <value>0.574</value>
          </Data>
        </ExtendedData>
        <Polygon>
          <outerBoundaryIs>
            <LinearRing>
              <tessellate>1</tessellate>
              <coordinates>
                -59.136838,-37.336021,0
                -59.136596,-37.335465,0
                -59.136596,-37.335464,0
                -59.136595,-37.335462,0
                -59.136595,-37.33546,0
                -59.136595,-37.335459,0
                -59.136595,-37.335457,0
                -59.136594,-37.335455,0
                -59.136594,-37.335453,0
                -59.136595,-37.335452,0
                -59.136595,-37.33545,0
                -59.136595,-37.335448,0
                -59.136595,-37.335447,0
                -59.136596,-37.335445,0
                -59.136596,-37.335443,0
                -59.136597,-37.335442,0
                -59.136597,-37.33544,0
                -59.136598,-37.335438,0
                -59.136598,-37.335437,0
                -59.136599,-37.335435,0
                -59.1366,-37.335434,0
                -59.136601,-37.335432,0
                -59.136602,-37.335431,0
                -59.136603,-37.335429,0
                -59.136604,-37.335428,0
                -59.136605,-37.335426,0
                -59.136607,-37.335425,0
                -59.136608,-37.335424,0
                -59.136609,-37.335422,0
                -59.136611,-37.335421,0
                -59.136612,-37.33542,0
                -59.136614,-37.335419,0
                -59.136615,-37.335418,0
                -59.136617,-37.335416,0
                -59.136618,-37.335415,0
                -59.13662,-37.335414,0
                -59.136622,-37.335413,0
                -59.136624,-37.335413,0
                -59.136626,-37.335412,0
                -59.136627,-37.335411,0
                -59.136629,-37.33541,0
                -59.136631,-37.335409,0
                -59.136633,-37.335409,0
                -59.136635,-37.335408,0
                -59.136637,-37.335408,0
                -59.136639,-37.335407,0
                -59.136641,-37.335407,0
                -59.136643,-37.335406,0
                -59.136645,-37.335406,0
                -59.136648,-37.335406,0
                -59.13665,-37.335406,0
                -59.136652,-37.335405,0
                -59.136654,-37.335405,0
                -59.136656,-37.335405,0
                -59.136658,-37.335405,0
                -59.13666,-37.335406,0
                -59.136662,-37.335406,0
                -59.136664,-37.335406,0
                -59.136667,-37.335406,0
                -59.136669,-37.335406,0
                -59.136671,-37.335407,0
                -59.136939,-37.335506,0
                -59.137633,-37.335762,0
                -59.137114,-37.336654,0
                -59.136838,-37.336021,0
              </coordinates>
            </LinearRing>
          </outerBoundaryIs>
        </Polygon>
      </Placemark>
      <Placemark>
        <name>PLAZOLETA P. DE LOS NIÑOS / IRAOLA</name>
        <description><![CDATA[Descripción: <br>altitudeMode: clampToGround<br>E_Verde: PLAZOLETA P. DE LOS NIÑOS / IRAOLA<br>TIPO: PLAZOLETA<br>FID: 116<br>Field_1: PLAZOLETA P. DE LOS NIÑOS / IRAOLA<br>Hectáreas: 0.270]]></description>
        <styleUrl>#poly-097138-1000-0</styleUrl>
        <ExtendedData>
          <Data name="Descripción">
            <value/>
          </Data>
          <Data name="altitudeMode">
            <value>clampToGround</value>
          </Data>
          <Data name="E_Verde">
            <value>PLAZOLETA P. DE LOS NIÑOS / IRAOLA</value>
          </Data>
          <Data name="TIPO">
            <value>PLAZOLETA</value>
          </Data>
          <Data name="FID">
            <value>116</value>
          </Data>
          <Data name="Field_1">
            <value>PLAZOLETA P. DE LOS NIÑOS / IRAOLA</value>
          </Data>
          <Data name="Hectáreas">
            <value>0.270</value>
          </Data>
        </ExtendedData>
        <Polygon>
          <outerBoundaryIs>
            <LinearRing>
              <tessellate>1</tessellate>
              <coordinates>
                -59.178397,-37.31041,0
                -59.178494,-37.310492,0
                -59.178499,-37.310544,0
                -59.177456,-37.311348,0
                -59.177397,-37.311349,0
                -59.177302,-37.311263,0
                -59.177301,-37.31122,0
                -59.178343,-37.31041,0
                -59.178397,-37.31041,0
              </coordinates>
            </LinearRing>
          </outerBoundaryIs>
        </Polygon>
      </Placemark>
      <Placemark>
        <name>PLAZOLETA PASKVAN</name>
        <description><![CDATA[Descripción: <br>altitudeMode: clampToGround<br>E_Verde: PLAZOLETA PASKVAN<br>TIPO: PLAZOLETA<br>FID: 117<br>Field_1: PLAZOLETA PASKVAN<br>Hectáreas: 0.266]]></description>
        <styleUrl>#poly-097138-1000-0</styleUrl>
        <ExtendedData>
          <Data name="Descripción">
            <value/>
          </Data>
          <Data name="altitudeMode">
            <value>clampToGround</value>
          </Data>
          <Data name="E_Verde">
            <value>PLAZOLETA PASKVAN</value>
          </Data>
          <Data name="TIPO">
            <value>PLAZOLETA</value>
          </Data>
          <Data name="FID">
            <value>117</value>
          </Data>
          <Data name="Field_1">
            <value>PLAZOLETA PASKVAN</value>
          </Data>
          <Data name="Hectáreas">
            <value>0.266</value>
          </Data>
        </ExtendedData>
        <Polygon>
          <outerBoundaryIs>
            <LinearRing>
              <tessellate>1</tessellate>
              <coordinates>
                -59.136553,-37.301744,0
                -59.136375,-37.301601,0
                -59.136539,-37.301474,0
                -59.136704,-37.301347,0
                -59.136869,-37.301219,0
                -59.137046,-37.301363,0
                -59.137214,-37.301501,0
                -59.137045,-37.30163,0
                -59.136964,-37.301693,0
                -59.136884,-37.301754,0
                -59.136721,-37.301879,0
                -59.136553,-37.301744,0
              </coordinates>
            </LinearRing>
          </outerBoundaryIs>
        </Polygon>
      </Placemark>
      <Placemark>
        <name>PLAZOLETA PINOCHO</name>
        <description><![CDATA[Descripción: <br>altitudeMode: clampToGround<br>E_Verde: PLAZOLETA PINOCHO<br>TIPO: PLAZOLETA<br>FID: 118<br>Field_1: PLAZOLETA PINOCHO<br>Hectáreas: 0.751]]></description>
        <styleUrl>#poly-097138-1000-0</styleUrl>
        <ExtendedData>
          <Data name="Descripción">
            <value/>
          </Data>
          <Data name="altitudeMode">
            <value>clampToGround</value>
          </Data>
          <Data name="E_Verde">
            <value>PLAZOLETA PINOCHO</value>
          </Data>
          <Data name="TIPO">
            <value>PLAZOLETA</value>
          </Data>
          <Data name="FID">
            <value>118</value>
          </Data>
          <Data name="Field_1">
            <value>PLAZOLETA PINOCHO</value>
          </Data>
          <Data name="Hectáreas">
            <value>0.751</value>
          </Data>
        </ExtendedData>
        <Polygon>
          <outerBoundaryIs>
            <LinearRing>
              <tessellate>1</tessellate>
              <coordinates>
                -59.13858,-37.337247,0
                -59.137988,-37.338238,0
                -59.137335,-37.336757,0
                -59.13858,-37.337247,0
              </coordinates>
            </LinearRing>
          </outerBoundaryIs>
        </Polygon>
      </Placemark>
      <Placemark>
        <name>PLAZOLETA SUIPACHA</name>
        <description><![CDATA[Descripción: <br>altitudeMode: clampToGround<br>E_Verde: PLAZOLETA SUIPACHA<br>TIPO: PLAZOLETA<br>FID: 119<br>Field_1: PLAZOLETA SUIPACHA<br>Hectáreas: 0.304]]></description>
        <styleUrl>#poly-097138-1000-0</styleUrl>
        <ExtendedData>
          <Data name="Descripción">
            <value/>
          </Data>
          <Data name="altitudeMode">
            <value>clampToGround</value>
          </Data>
          <Data name="E_Verde">
            <value>PLAZOLETA SUIPACHA</value>
          </Data>
          <Data name="TIPO">
            <value>PLAZOLETA</value>
          </Data>
          <Data name="FID">
            <value>119</value>
          </Data>
          <Data name="Field_1">
            <value>PLAZOLETA SUIPACHA</value>
          </Data>
          <Data name="Hectáreas">
            <value>0.304</value>
          </Data>
        </ExtendedData>
        <Polygon>
          <outerBoundaryIs>
            <LinearRing>
              <tessellate>1</tessellate>
              <coordinates>
                -59.147379,-37.33697,0
                -59.147092,-37.336862,0
                -59.147333,-37.336455,0
                -59.147378,-37.336442,0
                -59.147903,-37.336639,0
                -59.147919,-37.336675,0
                -59.147678,-37.337082,0
                -59.147379,-37.33697,0
              </coordinates>
            </LinearRing>
          </outerBoundaryIs>
        </Polygon>
      </Placemark>
      <Placemark>
        <name>PASEO LAGO DEL FUERTE</name>
        <description><![CDATA[Descripción: <br>altitudeMode: clampToGround<br>E_Verde: PASEO LAGO DEL FUERTE<br>TIPO: PASEO<br>FID: 27<br>Field_1: PASEO LAGO DEL FUERTE<br>Hectáreas: 4.36]]></description>
        <styleUrl>#poly-097138-1000-0</styleUrl>
        <ExtendedData>
          <Data name="Descripción">
            <value/>
          </Data>
          <Data name="altitudeMode">
            <value>clampToGround</value>
          </Data>
          <Data name="E_Verde">
            <value>PASEO LAGO DEL FUERTE</value>
          </Data>
          <Data name="TIPO">
            <value>PASEO</value>
          </Data>
          <Data name="FID">
            <value>27</value>
          </Data>
          <Data name="Field_1">
            <value>PASEO LAGO DEL FUERTE</value>
          </Data>
          <Data name="Hectáreas">
            <value>4.36</value>
          </Data>
        </ExtendedData>
        <Polygon>
          <outerBoundaryIs>
            <LinearRing>
              <tessellate>1</tessellate>
              <coordinates>
                -59.127013,-37.348483,0
                -59.126962,-37.348032,0
                -59.12684,-37.347566,0
                -59.126765,-37.34709,0
                -59.126692,-37.346808,0
                -59.126619,-37.346548,0
                -59.126573,-37.346365,0
                -59.12666,-37.346133,0
                -59.126758,-37.34594,0
                -59.126906,-37.345656,0
                -59.127214,-37.345361,0
                -59.12743,-37.345183,0
                -59.12769,-37.344938,0
                -59.127939,-37.344635,0
                -59.128006,-37.344498,0
                -59.128047,-37.344256,0
                -59.128038,-37.343959,0
                -59.127921,-37.343586,0
                -59.127881,-37.34338,0
                -59.128472,-37.343604,0
                -59.12844,-37.343757,0
                -59.1284,-37.343854,0
                -59.128294,-37.344028,0
                -59.128156,-37.34409,0
                -59.128204,-37.34436,0
                -59.128155,-37.34447,0
                -59.128124,-37.344645,0
                -59.12804,-37.344795,0
                -59.127918,-37.344948,0
                -59.127806,-37.345007,0
                -59.127749,-37.345077,0
                -59.127658,-37.34518,0
                -59.127511,-37.345278,0
                -59.127577,-37.345367,0
                -59.127704,-37.345343,0
                -59.12782,-37.345274,0
                -59.127888,-37.345255,0
                -59.12804,-37.345442,0
                -59.128054,-37.345511,0
                -59.127883,-37.345602,0
                -59.127968,-37.345715,0
                -59.12805,-37.345672,0
                -59.12814,-37.345596,0
                -59.128207,-37.345618,0
                -59.128298,-37.3457,0
                -59.12836,-37.345752,0
                -59.12838,-37.345796,0
                -59.128243,-37.345875,0
                -59.128326,-37.345943,0
                -59.12848,-37.345888,0
                -59.128492,-37.345952,0
                -59.128644,-37.34601,0
                -59.128728,-37.346045,0
                -59.128781,-37.34611,0
                -59.128749,-37.346187,0
                -59.128646,-37.346181,0
                -59.128654,-37.346273,0
                -59.128614,-37.346357,0
                -59.128565,-37.346427,0
                -59.128677,-37.346499,0
                -59.12868,-37.34657,0
                -59.128639,-37.346616,0
                -59.128551,-37.346656,0
                -59.128479,-37.346631,0
                -59.128428,-37.346697,0
                -59.128363,-37.346733,0
                -59.128221,-37.346812,0
                -59.128282,-37.346907,0
                -59.128227,-37.346976,0
                -59.12818,-37.347035,0
                -59.12812,-37.34711,0
                -59.128075,-37.347167,0
                -59.128046,-37.347203,0
                -59.12809,-37.347265,0
                -59.128097,-37.347339,0
                -59.128095,-37.347406,0
                -59.128062,-37.347434,0
                -59.128021,-37.347468,0
                -59.127979,-37.347502,0
                -59.127937,-37.347537,0
                -59.1279,-37.347567,0
                -59.12785,-37.347609,0
                -59.127796,-37.347653,0
                -59.127734,-37.347636,0
                -59.127634,-37.347682,0
                -59.127667,-37.347739,0
                -59.12758,-37.347762,0
                -59.127557,-37.347816,0
                -59.127519,-37.347903,0
                -59.127482,-37.34799,0
                -59.127375,-37.34824,0
                -59.127277,-37.348434,0
                -59.127209,-37.348505,0
                -59.127013,-37.348483,0
              </coordinates>
            </LinearRing>
          </outerBoundaryIs>
        </Polygon>
      </Placemark>
      <Placemark>
        <name>PLAZOLETAS DE ESPECIES NATIVAS</name>
        <description><![CDATA[Descripción: <br>altitudeMode: clampToGround<br>E_Verde: PLAZOLETAS DE ESPECIES NATIVAS<br>TIPO: PLAZOLETA<br>FID: 121<br>Field_1: PLAZOLETAS DE ESPECIES NATIVAS<br>Hectáreas: 1.99]]></description>
        <styleUrl>#poly-097138-1000-0</styleUrl>
        <ExtendedData>
          <Data name="Descripción">
            <value/>
          </Data>
          <Data name="altitudeMode">
            <value>clampToGround</value>
          </Data>
          <Data name="E_Verde">
            <value>PLAZOLETAS DE ESPECIES NATIVAS</value>
          </Data>
          <Data name="TIPO">
            <value>PLAZOLETA</value>
          </Data>
          <Data name="FID">
            <value>121</value>
          </Data>
          <Data name="Field_1">
            <value>PLAZOLETAS DE ESPECIES NATIVAS</value>
          </Data>
          <Data name="Hectáreas">
            <value>1.99</value>
          </Data>
        </ExtendedData>
        <Polygon>
          <outerBoundaryIs>
            <LinearRing>
              <tessellate>1</tessellate>
              <coordinates>
                -59.14869,-37.338203,0
                -59.149349,-37.337156,0
                -59.150915,-37.337721,0
                -59.150249,-37.338776,0
                -59.14869,-37.338203,0
              </coordinates>
            </LinearRing>
          </outerBoundaryIs>
        </Polygon>
      </Placemark>
      <Placemark>
        <name>POLIDEPORTIVO CIC LA MOVEDIZA</name>
        <description><![CDATA[Descripción: <br>altitudeMode: clampToGround<br>E_Verde: POLIDEPORTIVO CIC LA MOVEDIZA<br>TIPO: ESPACIO RECREATIVO<br>FID: 122<br>Field_1: POLIDEPORTIVO CIC LA MOVEDIZA<br>Hectáreas: 0.816]]></description>
        <styleUrl>#poly-097138-1000-0</styleUrl>
        <ExtendedData>
          <Data name="Descripción">
            <value/>
          </Data>
          <Data name="altitudeMode">
            <value>clampToGround</value>
          </Data>
          <Data name="E_Verde">
            <value>POLIDEPORTIVO CIC LA MOVEDIZA</value>
          </Data>
          <Data name="TIPO">
            <value>ESPACIO RECREATIVO</value>
          </Data>
          <Data name="FID">
            <value>122</value>
          </Data>
          <Data name="Field_1">
            <value>POLIDEPORTIVO CIC LA MOVEDIZA</value>
          </Data>
          <Data name="Hectáreas">
            <value>0.816</value>
          </Data>
        </ExtendedData>
        <Polygon>
          <outerBoundaryIs>
            <LinearRing>
              <tessellate>1</tessellate>
              <coordinates>
                -59.172648,-37.307695,0
                -59.172056,-37.308153,0
                -59.171969,-37.307992,0
                -59.17189,-37.307848,0
                -59.171802,-37.307728,0
                -59.171685,-37.307611,0
                -59.171602,-37.30753,0
                -59.171528,-37.307455,0
                -59.171341,-37.307408,0
                -59.17104,-37.307343,0
                -59.171689,-37.306833,0
                -59.172648,-37.307695,0
              </coordinates>
            </LinearRing>
          </outerBoundaryIs>
        </Polygon>
      </Placemark>
      <Placemark>
        <name>RIVADAVIA 250</name>
        <description><![CDATA[Descripción: <br>altitudeMode: clampToGround<br>E_Verde: RIVADAVIA 250<br>TIPO: PLAZOLETA<br>FID: 123<br>Field_1: RIVADAVIA 250<br>Hectáreas: 0.197]]></description>
        <styleUrl>#poly-097138-1000-0</styleUrl>
        <ExtendedData>
          <Data name="Descripción">
            <value/>
          </Data>
          <Data name="altitudeMode">
            <value>clampToGround</value>
          </Data>
          <Data name="E_Verde">
            <value>RIVADAVIA 250</value>
          </Data>
          <Data name="TIPO">
            <value>PLAZOLETA</value>
          </Data>
          <Data name="FID">
            <value>123</value>
          </Data>
          <Data name="Field_1">
            <value>RIVADAVIA 250</value>
          </Data>
          <Data name="Hectáreas">
            <value>0.197</value>
          </Data>
        </ExtendedData>
        <Polygon>
          <outerBoundaryIs>
            <LinearRing>
              <tessellate>1</tessellate>
              <coordinates>
                -59.142494,-37.333915,0
                -59.14254,-37.333837,0
                -59.142577,-37.333772,0
                -59.142587,-37.333756,0
                -59.142637,-37.33367,0
                -59.143044,-37.333827,0
                -59.143146,-37.333867,0
                -59.143252,-37.333908,0
                -59.143299,-37.333926,0
                -59.143251,-37.334009,0
                -59.143202,-37.334092,0
                -59.143155,-37.334173,0
                -59.142494,-37.333915,0
              </coordinates>
            </LinearRing>
          </outerBoundaryIs>
        </Polygon>
      </Placemark>
      <Placemark>
        <name>SECTOR 14 DE JULIO / PELEGRINI</name>
        <description><![CDATA[Descripción: <br>altitudeMode: clampToGround<br>E_Verde: SECTOR 14 DE JULIO / PELEGRINI<br>TIPO: PLAZA<br>FID: 124<br>Field_1: SECTOR 14 DE JULIO / PELEGRINI<br>Hectáreas: 0.221]]></description>
        <styleUrl>#poly-097138-1000-0</styleUrl>
        <ExtendedData>
          <Data name="Descripción">
            <value/>
          </Data>
          <Data name="altitudeMode">
            <value>clampToGround</value>
          </Data>
          <Data name="E_Verde">
            <value>SECTOR 14 DE JULIO / PELEGRINI</value>
          </Data>
          <Data name="TIPO">
            <value>PLAZA</value>
          </Data>
          <Data name="FID">
            <value>124</value>
          </Data>
          <Data name="Field_1">
            <value>SECTOR 14 DE JULIO / PELEGRINI</value>
          </Data>
          <Data name="Hectáreas">
            <value>0.221</value>
          </Data>
        </ExtendedData>
        <MultiGeometry>
          <Polygon>
            <outerBoundaryIs>
              <LinearRing>
                <tessellate>1</tessellate>
                <coordinates>
                  -59.145329,-37.319778,0
                  -59.14528,-37.319649,0
                  -59.145268,-37.319627,0
                  -59.14526,-37.319584,0
                  -59.145177,-37.319493,0
                  -59.145157,-37.319417,0
                  -59.145568,-37.319571,0
                  -59.14539,-37.319871,0
                  -59.145329,-37.319778,0
                </coordinates>
              </LinearRing>
            </outerBoundaryIs>
          </Polygon>
          <Polygon>
            <outerBoundaryIs>
              <LinearRing>
                <tessellate>1</tessellate>
                <coordinates>
                  -59.144841,-37.31975,0
                  -59.145062,-37.319382,0
                  -59.145148,-37.319415,0
                  -59.14517,-37.319497,0
                  -59.145253,-37.319588,0
                  -59.145261,-37.319632,0
                  -59.145273,-37.319653,0
                  -59.145322,-37.319783,0
                  -59.145385,-37.319879,0
                  -59.145349,-37.31994,0
                  -59.144841,-37.31975,0
                </coordinates>
              </LinearRing>
            </outerBoundaryIs>
          </Polygon>
        </MultiGeometry>
      </Placemark>
      <Placemark>
        <name>SENDA AEROBICA COLECTORA NORTE</name>
        <description><![CDATA[Descripción: <br>altitudeMode: clampToGround<br>E_Verde: SENDA AEROBICA COLECTORA NORTE<br>TIPO: SENDA<br>FID: 126<br>Field_1: SENDA AEROBICA COLECTORA NORTE<br>Hectáreas: 0.437]]></description>
        <styleUrl>#poly-097138-1000-0</styleUrl>
        <ExtendedData>
          <Data name="Descripción">
            <value/>
          </Data>
          <Data name="altitudeMode">
            <value>clampToGround</value>
          </Data>
          <Data name="E_Verde">
            <value>SENDA AEROBICA COLECTORA NORTE</value>
          </Data>
          <Data name="TIPO">
            <value>SENDA</value>
          </Data>
          <Data name="FID">
            <value>126</value>
          </Data>
          <Data name="Field_1">
            <value>SENDA AEROBICA COLECTORA NORTE</value>
          </Data>
          <Data name="Hectáreas">
            <value>0.437</value>
          </Data>
        </ExtendedData>
        <Polygon>
          <outerBoundaryIs>
            <LinearRing>
              <tessellate>1</tessellate>
              <coordinates>
                -59.126515,-37.301459,0
                -59.126525,-37.301461,0
                -59.123399,-37.303853,0
                -59.12332,-37.303785,0
                -59.126326,-37.301454,0
                -59.126515,-37.301459,0
              </coordinates>
            </LinearRing>
          </outerBoundaryIs>
        </Polygon>
      </Placemark>
      <Placemark>
        <name>SENDA AEROBICA CORONEL DORREGO</name>
        <description><![CDATA[Descripción: <br>altitudeMode: clampToGround<br>E_Verde: SENDA AEROBICA CORONEL DORREGO<br>TIPO: SENDA<br>FID: 127<br>Field_1: SENDA AEROBICA CORONEL DORREGO<br>Hectáreas: 0.267]]></description>
        <styleUrl>#poly-097138-1000-0</styleUrl>
        <ExtendedData>
          <Data name="Descripción">
            <value/>
          </Data>
          <Data name="altitudeMode">
            <value>clampToGround</value>
          </Data>
          <Data name="E_Verde">
            <value>SENDA AEROBICA CORONEL DORREGO</value>
          </Data>
          <Data name="TIPO">
            <value>SENDA</value>
          </Data>
          <Data name="FID">
            <value>127</value>
          </Data>
          <Data name="Field_1">
            <value>SENDA AEROBICA CORONEL DORREGO</value>
          </Data>
          <Data name="Hectáreas">
            <value>0.267</value>
          </Data>
        </ExtendedData>
        <Polygon>
          <outerBoundaryIs>
            <LinearRing>
              <tessellate>1</tessellate>
              <coordinates>
                -59.13753,-37.341603,0
                -59.137527,-37.341593,0
                -59.137594,-37.341674,0
                -59.13763,-37.341744,0
                -59.137578,-37.341866,0
                -59.137514,-37.341984,0
                -59.137456,-37.342096,0
                -59.137379,-37.342224,0
                -59.137322,-37.342331,0
                -59.137242,-37.342477,0
                -59.137133,-37.342651,0
                -59.13694,-37.342975,0
                -59.136785,-37.343236,0
                -59.136541,-37.343649,0
                -59.136368,-37.343955,0
                -59.136259,-37.344155,0
                -59.136155,-37.344323,0
                -59.136037,-37.34452,0
                -59.135945,-37.344674,0
                -59.135868,-37.34481,0
                -59.135799,-37.344917,0
                -59.135779,-37.344951,0
                -59.135736,-37.344947,0
                -59.135665,-37.34492,0
                -59.13559,-37.344891,0
                -59.135508,-37.344864,0
                -59.135388,-37.344811,0
                -59.135344,-37.344787,0
                -59.135296,-37.34477,0
                -59.135237,-37.34475,0
                -59.135177,-37.344728,0
                -59.135112,-37.344706,0
                -59.135058,-37.34468,0
                -59.135106,-37.344661,0
                -59.135169,-37.344688,0
                -59.135273,-37.344715,0
                -59.135344,-37.344746,0
                -59.135421,-37.34479,0
                -59.135485,-37.34481,0
                -59.135567,-37.34485,0
                -59.135659,-37.344875,0
                -59.135725,-37.344904,0
                -59.135777,-37.344844,0
                -59.135846,-37.344731,0
                -59.135947,-37.34456,0
                -59.136157,-37.344211,0
                -59.136245,-37.344047,0
                -59.136382,-37.343805,0
                -59.13659,-37.343457,0
                -59.136666,-37.343326,0
                -59.136937,-37.342852,0
                -59.13756,-37.341773,0
                -59.137508,-37.341738,0
                -59.13748,-37.341617,0
                -59.13753,-37.341603,0
              </coordinates>
            </LinearRing>
          </outerBoundaryIs>
        </Polygon>
      </Placemark>
      <Placemark>
        <name>SENDA FACUNDO CABRAL</name>
        <description><![CDATA[Descripción: <br>altitudeMode: clampToGround<br>E_Verde: SENDA FACUNDO CABRAL<br>TIPO: SENDA<br>FID: 128<br>Field_1: SENDA FACUNDO CABRAL<br>Hectáreas: 0.659]]></description>
        <styleUrl>#poly-097138-1000-0</styleUrl>
        <ExtendedData>
          <Data name="Descripción">
            <value/>
          </Data>
          <Data name="altitudeMode">
            <value>clampToGround</value>
          </Data>
          <Data name="E_Verde">
            <value>SENDA FACUNDO CABRAL</value>
          </Data>
          <Data name="TIPO">
            <value>SENDA</value>
          </Data>
          <Data name="FID">
            <value>128</value>
          </Data>
          <Data name="Field_1">
            <value>SENDA FACUNDO CABRAL</value>
          </Data>
          <Data name="Hectáreas">
            <value>0.659</value>
          </Data>
        </ExtendedData>
        <Polygon>
          <outerBoundaryIs>
            <LinearRing>
              <tessellate>1</tessellate>
              <coordinates>
                -59.104834,-37.323067,0
                -59.104802,-37.323165,0
                -59.104732,-37.323359,0
                -59.104599,-37.323562,0
                -59.104448,-37.323842,0
                -59.104388,-37.324075,0
                -59.104336,-37.324345,0
                -59.104293,-37.324611,0
                -59.104261,-37.324881,0
                -59.104194,-37.325167,0
                -59.104191,-37.325447,0
                -59.104206,-37.325578,0
                -59.104185,-37.325759,0
                -59.10418,-37.325901,0
                -59.104145,-37.326175,0
                -59.104058,-37.326635,0
                -59.103961,-37.326893,0
                -59.103788,-37.327274,0
                -59.103627,-37.327515,0
                -59.103432,-37.327715,0
                -59.10329,-37.327912,0
                -59.103167,-37.328094,0
                -59.103063,-37.328258,0
                -59.102796,-37.328613,0
                -59.102707,-37.328498,0
                -59.102893,-37.3283,0
                -59.103027,-37.328127,0
                -59.103124,-37.327975,0
                -59.103266,-37.327763,0
                -59.103407,-37.327596,0
                -59.103583,-37.327345,0
                -59.103688,-37.327194,0
                -59.103812,-37.326968,0
                -59.103896,-37.326729,0
                -59.103951,-37.326577,0
                -59.104008,-37.326314,0
                -59.10406,-37.326138,0
                -59.104086,-37.32592,0
                -59.104088,-37.325648,0
                -59.104092,-37.32548,0
                -59.104089,-37.325309,0
                -59.104091,-37.325137,0
                -59.10413,-37.324937,0
                -59.104199,-37.324716,0
                -59.104215,-37.32462,0
                -59.104225,-37.324499,0
                -59.104238,-37.324408,0
                -59.104263,-37.324282,0
                -59.104286,-37.32414,0
                -59.10432,-37.323951,0
                -59.104312,-37.323792,0
                -59.104375,-37.323624,0
                -59.1045,-37.323392,0
                -59.104622,-37.323233,0
                -59.104834,-37.323067,0
              </coordinates>
            </LinearRing>
          </outerBoundaryIs>
        </Polygon>
      </Placemark>
      <Placemark>
        <name>TERRENO LINDERO ESCUELA 47</name>
        <description><![CDATA[Descripción: <br>altitudeMode: clampToGround<br>E_Verde: TERRENO LINDERO ESCUELA 47<br>TIPO: PLAZOLETA<br>FID: 129<br>Field_1: TERRENO LINDERO ESCUELA 47<br>Hectáreas: 0.145]]></description>
        <styleUrl>#poly-097138-1000-0</styleUrl>
        <ExtendedData>
          <Data name="Descripción">
            <value/>
          </Data>
          <Data name="altitudeMode">
            <value>clampToGround</value>
          </Data>
          <Data name="E_Verde">
            <value>TERRENO LINDERO ESCUELA 47</value>
          </Data>
          <Data name="TIPO">
            <value>PLAZOLETA</value>
          </Data>
          <Data name="FID">
            <value>129</value>
          </Data>
          <Data name="Field_1">
            <value>TERRENO LINDERO ESCUELA 47</value>
          </Data>
          <Data name="Hectáreas">
            <value>0.145</value>
          </Data>
        </ExtendedData>
        <Polygon>
          <outerBoundaryIs>
            <LinearRing>
              <tessellate>1</tessellate>
              <coordinates>
                -59.118074,-37.306535,0
                -59.11741,-37.307049,0
                -59.117243,-37.306913,0
                -59.117571,-37.30666,0
                -59.117627,-37.306706,0
                -59.11796,-37.306442,0
                -59.118074,-37.306535,0
              </coordinates>
            </LinearRing>
          </outerBoundaryIs>
        </Polygon>
      </Placemark>
      <Placemark>
        <name>BOULEVARD ACTIS</name>
        <description><![CDATA[Descripción: <br>altitudeMode: clampToGround<br>E_Verde: BOULEVARD ACTIS<br>TIPO: BOULEVARD<br>FID: 2<br>Field_1: BOULEVARD ACTIS<br>Hectáreas: 0.816]]></description>
        <styleUrl>#poly-097138-1000-0</styleUrl>
        <ExtendedData>
          <Data name="Descripción">
            <value/>
          </Data>
          <Data name="altitudeMode">
            <value>clampToGround</value>
          </Data>
          <Data name="E_Verde">
            <value>BOULEVARD ACTIS</value>
          </Data>
          <Data name="TIPO">
            <value>BOULEVARD</value>
          </Data>
          <Data name="FID">
            <value>2</value>
          </Data>
          <Data name="Field_1">
            <value>BOULEVARD ACTIS</value>
          </Data>
          <Data name="Hectáreas">
            <value>0.816</value>
          </Data>
        </ExtendedData>
        <MultiGeometry>
          <Polygon>
            <outerBoundaryIs>
              <LinearRing>
                <tessellate>1</tessellate>
                <coordinates>
                  -59.113051,-37.310951,0
                  -59.113075,-37.310958,0
                  -59.113073,-37.310956,0
                  -59.113449,-37.311266,0
                  -59.113446,-37.311287,0
                  -59.11342,-37.311287,0
                  -59.113029,-37.310982,0
                  -59.113028,-37.310964,0
                  -59.113051,-37.310951,0
                </coordinates>
              </LinearRing>
            </outerBoundaryIs>
          </Polygon>
          <Polygon>
            <outerBoundaryIs>
              <LinearRing>
                <tessellate>1</tessellate>
                <coordinates>
                  -59.112888,-37.310875,0
                  -59.112345,-37.310437,0
                  -59.11191,-37.310082,0
                  -59.111899,-37.310057,0
                  -59.111922,-37.310041,0
                  -59.111954,-37.310057,0
                  -59.112228,-37.310275,0
                  -59.112555,-37.310545,0
                  -59.112891,-37.310814,0
                  -59.112933,-37.31085,0
                  -59.112945,-37.310877,0
                  -59.112929,-37.310888,0
                  -59.112888,-37.310875,0
                </coordinates>
              </LinearRing>
            </outerBoundaryIs>
          </Polygon>
          <Polygon>
            <outerBoundaryIs>
              <LinearRing>
                <tessellate>1</tessellate>
                <coordinates>
                  -59.111703,-37.309922,0
                  -59.110732,-37.309131,0
                  -59.110722,-37.309107,0
                  -59.110747,-37.309089,0
                  -59.11078,-37.309096,0
                  -59.111745,-37.309892,0
                  -59.111754,-37.309915,0
                  -59.111736,-37.30993,0
                  -59.111703,-37.309922,0
                </coordinates>
              </LinearRing>
            </outerBoundaryIs>
          </Polygon>
          <Polygon>
            <outerBoundaryIs>
              <LinearRing>
                <tessellate>1</tessellate>
                <coordinates>
                  -59.109608,-37.308195,0
                  -59.109594,-37.308164,0
                  -59.109639,-37.308134,0
                  -59.109687,-37.308146,0
                  -59.110627,-37.308907,0
                  -59.110627,-37.308906,0
                  -59.110641,-37.308941,0
                  -59.110607,-37.308972,0
                  -59.110547,-37.308964,0
                  -59.109608,-37.308195,0
                </coordinates>
              </LinearRing>
            </outerBoundaryIs>
          </Polygon>
          <Polygon>
            <outerBoundaryIs>
              <LinearRing>
                <tessellate>1</tessellate>
                <coordinates>
                  -59.108457,-37.307262,0
                  -59.10845,-37.307227,0
                  -59.108483,-37.307209,0
                  -59.108525,-37.307219,0
                  -59.109516,-37.308022,0
                  -59.109517,-37.30802,0
                  -59.109519,-37.308048,0
                  -59.10949,-37.308075,0
                  -59.109453,-37.30807,0
                  -59.108457,-37.307262,0
                </coordinates>
              </LinearRing>
            </outerBoundaryIs>
          </Polygon>
          <Polygon>
            <outerBoundaryIs>
              <LinearRing>
                <tessellate>1</tessellate>
                <coordinates>
                  -59.108264,-37.307118,0
                  -59.107321,-37.306373,0
                  -59.10732,-37.306343,0
                  -59.10736,-37.306317,0
                  -59.107401,-37.306323,0
                  -59.108322,-37.307066,0
                  -59.108324,-37.307068,0
                  -59.108333,-37.307097,0
                  -59.108298,-37.307123,0
                  -59.108264,-37.307118,0
                </coordinates>
              </LinearRing>
            </outerBoundaryIs>
          </Polygon>
          <Polygon>
            <outerBoundaryIs>
              <LinearRing>
                <tessellate>1</tessellate>
                <coordinates>
                  -59.107168,-37.30623,0
                  -59.106196,-37.30544,0
                  -59.106188,-37.305413,0
                  -59.106226,-37.30539,0
                  -59.106265,-37.305397,0
                  -59.107232,-37.306186,0
                  -59.107231,-37.306186,0
                  -59.107234,-37.306211,0
                  -59.107209,-37.306236,0
                  -59.107168,-37.30623,0
                </coordinates>
              </LinearRing>
            </outerBoundaryIs>
          </Polygon>
          <Polygon>
            <outerBoundaryIs>
              <LinearRing>
                <tessellate>1</tessellate>
                <coordinates>
                  -59.106041,-37.305302,0
                  -59.105063,-37.304498,0
                  -59.105052,-37.30447,0
                  -59.105078,-37.304456,0
                  -59.105122,-37.304462,0
                  -59.106101,-37.305261,0
                  -59.106102,-37.305262,0
                  -59.106115,-37.305294,0
                  -59.106088,-37.305314,0
                  -59.106041,-37.305302,0
                </coordinates>
              </LinearRing>
            </outerBoundaryIs>
          </Polygon>
          <Polygon>
            <outerBoundaryIs>
              <LinearRing>
                <tessellate>1</tessellate>
                <coordinates>
                  -59.103927,-37.303563,0
                  -59.103922,-37.303533,0
                  -59.103967,-37.30351,0
                  -59.104002,-37.303521,0
                  -59.104972,-37.304297,0
                  -59.104965,-37.304296,0
                  -59.104974,-37.304316,0
                  -59.104952,-37.304335,0
                  -59.10492,-37.304332,0
                  -59.103927,-37.303563,0
                </coordinates>
              </LinearRing>
            </outerBoundaryIs>
          </Polygon>
          <Polygon>
            <outerBoundaryIs>
              <LinearRing>
                <tessellate>1</tessellate>
                <coordinates>
                  -59.103762,-37.303391,0
                  -59.102802,-37.302604,0
                  -59.102799,-37.302583,0
                  -59.102825,-37.302568,0
                  -59.102851,-37.302573,0
                  -59.103822,-37.303354,0
                  -59.10382,-37.303374,0
                  -59.103795,-37.303396,0
                  -59.103762,-37.303391,0
                </coordinates>
              </LinearRing>
            </outerBoundaryIs>
          </Polygon>
        </MultiGeometry>
      </Placemark>
      <Placemark>
        <name>ESPACIO VERDE PÚBLICO S/N</name>
        <description><![CDATA[Descripción: <br>altitudeMode: clampToGround<br>E_Verde: ESPACIO VERDE PÚBLICO S/N<br>TIPO: ESPACIO RECREATIVO<br>FID: 8<br>Field_1: ESPACIO VERDE PÚBLICO S/N<br>Hectáreas: 1.74]]></description>
        <styleUrl>#poly-097138-1000-0</styleUrl>
        <ExtendedData>
          <Data name="Descripción">
            <value/>
          </Data>
          <Data name="altitudeMode">
            <value>clampToGround</value>
          </Data>
          <Data name="E_Verde">
            <value>ESPACIO VERDE PÚBLICO S/N</value>
          </Data>
          <Data name="TIPO">
            <value>ESPACIO RECREATIVO</value>
          </Data>
          <Data name="FID">
            <value>8</value>
          </Data>
          <Data name="Field_1">
            <value>ESPACIO VERDE PÚBLICO S/N</value>
          </Data>
          <Data name="Hectáreas">
            <value>1.74</value>
          </Data>
        </ExtendedData>
        <Polygon>
          <outerBoundaryIs>
            <LinearRing>
              <tessellate>1</tessellate>
              <coordinates>
                -59.144901,-37.341235,0
                -59.144774,-37.341187,0
                -59.144665,-37.341145,0
                -59.144551,-37.341102,0
                -59.144442,-37.34106,0
                -59.144335,-37.341019,0
                -59.144232,-37.34098,0
                -59.14413,-37.340941,0
                -59.144029,-37.340903,0
                -59.143926,-37.340863,0
                -59.143861,-37.340839,0
                -59.143809,-37.340819,0
                -59.143789,-37.340777,0
                -59.143839,-37.340694,0
                -59.14389,-37.340609,0
                -59.14394,-37.340526,0
                -59.143989,-37.340444,0
                -59.14405,-37.340343,0
                -59.144097,-37.340265,0
                -59.144153,-37.340171,0
                -59.144208,-37.34008,0
                -59.14426,-37.339994,0
                -59.14428,-37.33996,0
                -59.144336,-37.339867,0
                -59.144346,-37.33985,0
                -59.1444,-37.339761,0
                -59.144458,-37.339745,0
                -59.144533,-37.339773,0
                -59.144648,-37.339817,0
                -59.144766,-37.339862,0
                -59.144883,-37.339907,0
                -59.144983,-37.339945,0
                -59.145015,-37.339957,0
                -59.145083,-37.339984,0
                -59.145122,-37.339998,0
                -59.145212,-37.340033,0
                -59.14531,-37.34007,0
                -59.145523,-37.340152,0
                -59.145726,-37.340229,0
                -59.145741,-37.340265,0
                -59.145716,-37.340308,0
                -59.145677,-37.340373,0
                -59.145619,-37.340469,0
                -59.145581,-37.340532,0
                -59.145541,-37.340599,0
                -59.14549,-37.340684,0
                -59.145439,-37.340769,0
                -59.145395,-37.340842,0
                -59.145376,-37.340874,0
                -59.145327,-37.340956,0
                -59.145279,-37.341037,0
                -59.145231,-37.341117,0
                -59.145182,-37.341198,0
                -59.145125,-37.341293,0
                -59.145079,-37.341303,0
                -59.144901,-37.341235,0
              </coordinates>
            </LinearRing>
          </outerBoundaryIs>
        </Polygon>
      </Placemark>
      <Placemark>
        <name>MIRADOR DEL LAGO</name>
        <description><![CDATA[Descripción: <br>altitudeMode: clampToGround<br>E_Verde: MIRADOR DEL LAGO<br>TIPO: MIRADOR<br>FID: 10<br>Field_1: MIRADOR DEL LAGO<br>Hectáreas: 0.018]]></description>
        <styleUrl>#poly-097138-1000-0</styleUrl>
        <ExtendedData>
          <Data name="Descripción">
            <value/>
          </Data>
          <Data name="altitudeMode">
            <value>clampToGround</value>
          </Data>
          <Data name="E_Verde">
            <value>MIRADOR DEL LAGO</value>
          </Data>
          <Data name="TIPO">
            <value>MIRADOR</value>
          </Data>
          <Data name="FID">
            <value>10</value>
          </Data>
          <Data name="Field_1">
            <value>MIRADOR DEL LAGO</value>
          </Data>
          <Data name="Hectáreas">
            <value>0.018</value>
          </Data>
        </ExtendedData>
        <Polygon>
          <outerBoundaryIs>
            <LinearRing>
              <tessellate>1</tessellate>
              <coordinates>
                -59.126855,-37.342873,0
                -59.126818,-37.342935,0
                -59.126771,-37.342949,0
                -59.126626,-37.342894,0
                -59.126679,-37.342805,0
                -59.126855,-37.342873,0
              </coordinates>
            </LinearRing>
          </outerBoundaryIs>
        </Polygon>
      </Placemark>
      <Placemark>
        <name>VILLA ONENA</name>
        <description><![CDATA[Descripción: <br>altitudeMode: clampToGround<br>E_Verde: VILLA ONENA<br>TIPO: PLAZA<br>FID: 131<br>Field_1: VILLA ONENA<br>Hectáreas: 0.018]]></description>
        <styleUrl>#poly-097138-1000-0</styleUrl>
        <ExtendedData>
          <Data name="Descripción">
            <value/>
          </Data>
          <Data name="altitudeMode">
            <value>clampToGround</value>
          </Data>
          <Data name="E_Verde">
            <value>VILLA ONENA</value>
          </Data>
          <Data name="TIPO">
            <value>PLAZA</value>
          </Data>
          <Data name="FID">
            <value>131</value>
          </Data>
          <Data name="Field_1">
            <value>VILLA ONENA</value>
          </Data>
          <Data name="Hectáreas">
            <value>0.018</value>
          </Data>
        </ExtendedData>
        <Polygon>
          <outerBoundaryIs>
            <LinearRing>
              <tessellate>1</tessellate>
              <coordinates>
                -59.130768,-37.341491,0
                -59.130914,-37.341487,0
                -59.130925,-37.341605,0
                -59.130758,-37.341602,0
                -59.130768,-37.341491,0
              </coordinates>
            </LinearRing>
          </outerBoundaryIs>
        </Polygon>
      </Placemark>
      <Placemark>
        <name>VUELTA DE OBLIGADO</name>
        <description><![CDATA[Descripción: <br>altitudeMode: clampToGround<br>E_Verde: VUELTA DE OBLIGADO<br>TIPO: PLAZOLETA<br>FID: 132<br>Field_1: VUELTA DE OBLIGADO<br>Hectáreas: 0.113]]></description>
        <styleUrl>#poly-097138-1000-0</styleUrl>
        <ExtendedData>
          <Data name="Descripción">
            <value/>
          </Data>
          <Data name="altitudeMode">
            <value>clampToGround</value>
          </Data>
          <Data name="E_Verde">
            <value>VUELTA DE OBLIGADO</value>
          </Data>
          <Data name="TIPO">
            <value>PLAZOLETA</value>
          </Data>
          <Data name="FID">
            <value>132</value>
          </Data>
          <Data name="Field_1">
            <value>VUELTA DE OBLIGADO</value>
          </Data>
          <Data name="Hectáreas">
            <value>0.113</value>
          </Data>
        </ExtendedData>
        <Polygon>
          <outerBoundaryIs>
            <LinearRing>
              <tessellate>1</tessellate>
              <coordinates>
                -59.142084,-37.311568,0
                -59.142127,-37.311572,0
                -59.14219,-37.311583,0
                -59.142258,-37.311599,0
                -59.142352,-37.311627,0
                -59.142407,-37.311651,0
                -59.142456,-37.311675,0
                -59.142487,-37.311688,0
                -59.142535,-37.311706,0
                -59.142582,-37.311712,0
                -59.142631,-37.311716,0
                -59.142727,-37.311715,0
                -59.142794,-37.311723,0
                -59.142857,-37.311733,0
                -59.142899,-37.311741,0
                -59.142941,-37.311754,0
                -59.14298,-37.311771,0
                -59.143019,-37.31178,0
                -59.143081,-37.311808,0
                -59.14204,-37.311783,0
                -59.142084,-37.311568,0
              </coordinates>
            </LinearRing>
          </outerBoundaryIs>
        </Polygon>
      </Placemark>
      <Placemark>
        <name>PARQUE DE LA INDUSTRIA Y EL COMERCIO</name>
        <description><![CDATA[Descripción: <br>altitudeMode: clampToGround<br>E_Verde: PARQUE DE LA INDUSTRIA Y EL COMERCIO<br>TIPO: PARQUE<br>FID: 13<br>Field_1: PARQUE DE LA INDUSTRIA Y EL COMERCIO<br>Hectáreas: 3.96]]></description>
        <styleUrl>#poly-097138-1000-0</styleUrl>
        <ExtendedData>
          <Data name="Descripción">
            <value/>
          </Data>
          <Data name="altitudeMode">
            <value>clampToGround</value>
          </Data>
          <Data name="E_Verde">
            <value>PARQUE DE LA INDUSTRIA Y EL COMERCIO</value>
          </Data>
          <Data name="TIPO">
            <value>PARQUE</value>
          </Data>
          <Data name="FID">
            <value>13</value>
          </Data>
          <Data name="Field_1">
            <value>PARQUE DE LA INDUSTRIA Y EL COMERCIO</value>
          </Data>
          <Data name="Hectáreas">
            <value>3.96</value>
          </Data>
        </ExtendedData>
        <MultiGeometry>
          <Polygon>
            <outerBoundaryIs>
              <LinearRing>
                <tessellate>1</tessellate>
                <coordinates>
                  -59.129874,-37.342961,0
                  -59.129985,-37.342768,0
                  -59.130026,-37.342762,0
                  -59.130098,-37.342875,0
                  -59.130144,-37.342947,0
                  -59.129954,-37.343023,0
                  -59.129945,-37.343026,0
                  -59.129874,-37.342961,0
                </coordinates>
              </LinearRing>
            </outerBoundaryIs>
          </Polygon>
          <Polygon>
            <outerBoundaryIs>
              <LinearRing>
                <tessellate>1</tessellate>
                <coordinates>
                  -59.130514,-37.342943,0
                  -59.130468,-37.342854,0
                  -59.130331,-37.34259,0
                  -59.130533,-37.342573,0
                  -59.130643,-37.342563,0
                  -59.130758,-37.342553,0
                  -59.130946,-37.342539,0
                  -59.130985,-37.342566,0
                  -59.130993,-37.342622,0
                  -59.131005,-37.342713,0
                  -59.131016,-37.342807,0
                  -59.131028,-37.342898,0
                  -59.131039,-37.342991,0
                  -59.130563,-37.343034,0
                  -59.130514,-37.342943,0
                </coordinates>
              </LinearRing>
            </outerBoundaryIs>
          </Polygon>
          <Polygon>
            <outerBoundaryIs>
              <LinearRing>
                <tessellate>1</tessellate>
                <coordinates>
                  -59.126993,-37.342988,0
                  -59.127027,-37.342934,0
                  -59.127084,-37.342847,0
                  -59.127134,-37.342766,0
                  -59.127182,-37.342692,0
                  -59.127231,-37.342615,0
                  -59.127281,-37.342536,0
                  -59.127331,-37.342456,0
                  -59.127369,-37.342395,0
                  -59.127411,-37.342383,0
                  -59.127565,-37.342444,0
                  -59.127657,-37.34248,0
                  -59.12776,-37.34252,0
                  -59.127863,-37.342562,0
                  -59.12796,-37.342601,0
                  -59.128058,-37.34264,0
                  -59.128159,-37.34268,0
                  -59.128254,-37.342718,0
                  -59.128353,-37.342759,0
                  -59.12851,-37.342819,0
                  -59.128525,-37.342856,0
                  -59.128486,-37.342915,0
                  -59.128436,-37.342995,0
                  -59.128386,-37.343075,0
                  -59.128334,-37.343156,0
                  -59.127953,-37.343003,0
                  -59.127906,-37.343078,0
                  -59.127855,-37.343157,0
                  -59.127951,-37.343196,0
                  -59.12805,-37.343236,0
                  -59.128236,-37.343307,0
                  -59.128184,-37.343393,0
                  -59.128145,-37.343448,0
                  -59.128098,-37.34346,0
                  -59.127947,-37.3434,0
                  -59.127847,-37.34336,0
                  -59.12775,-37.343322,0
                  -59.127648,-37.343282,0
                  -59.127548,-37.34324,0
                  -59.127451,-37.343202,0
                  -59.12735,-37.34316,0
                  -59.127253,-37.34312,0
                  -59.127157,-37.343083,0
                  -59.127002,-37.34302,0
                  -59.126993,-37.342988,0
                </coordinates>
              </LinearRing>
            </outerBoundaryIs>
          </Polygon>
          <Polygon>
            <outerBoundaryIs>
              <LinearRing>
                <tessellate>1</tessellate>
                <coordinates>
                  -59.12939,-37.343022,0
                  -59.129291,-37.342984,0
                  -59.12919,-37.342945,0
                  -59.129096,-37.342907,0
                  -59.128997,-37.342869,0
                  -59.128801,-37.342792,0
                  -59.128783,-37.342756,0
                  -59.128815,-37.342705,0
                  -59.128865,-37.342625,0
                  -59.128914,-37.342546,0
                  -59.128963,-37.342469,0
                  -59.129011,-37.342389,0
                  -59.129083,-37.342271,0
                  -59.12912,-37.342261,0
                  -59.129279,-37.342413,0
                  -59.12936,-37.342484,0
                  -59.12946,-37.34251,0
                  -59.129564,-37.342537,0
                  -59.129671,-37.342565,0
                  -59.129792,-37.342596,0
                  -59.129869,-37.342618,0
                  -59.129889,-37.342657,0
                  -59.129803,-37.342793,0
                  -59.129754,-37.342874,0
                  -59.129705,-37.342954,0
                  -59.129655,-37.343033,0
                  -59.129623,-37.343083,0
                  -59.12958,-37.343097,0
                  -59.12939,-37.343022,0
                </coordinates>
              </LinearRing>
            </outerBoundaryIs>
          </Polygon>
          <Polygon>
            <outerBoundaryIs>
              <LinearRing>
                <tessellate>1</tessellate>
                <coordinates>
                  -59.1304,-37.342411,0
                  -59.130353,-37.342312,0
                  -59.130306,-37.342208,0
                  -59.130348,-37.342142,0
                  -59.1304,-37.342056,0
                  -59.130449,-37.341972,0
                  -59.130503,-37.341884,0
                  -59.1306,-37.341723,0
                  -59.130645,-37.34171,0
                  -59.130711,-37.341737,0
                  -59.130815,-37.341776,0
                  -59.13087,-37.341796,0
                  -59.130917,-37.341851,0
                  -59.130925,-37.34195,0
                  -59.130933,-37.342052,0
                  -59.13094,-37.342153,0
                  -59.130946,-37.342251,0
                  -59.130955,-37.342385,0
                  -59.13092,-37.34242,0
                  -59.130824,-37.342424,0
                  -59.130686,-37.34243,0
                  -59.130546,-37.342436,0
                  -59.130459,-37.342439,0
                  -59.1304,-37.342411,0
                </coordinates>
              </LinearRing>
            </outerBoundaryIs>
          </Polygon>
          <Polygon>
            <outerBoundaryIs>
              <LinearRing>
                <tessellate>1</tessellate>
                <coordinates>
                  -59.128419,-37.342612,0
                  -59.128314,-37.342571,0
                  -59.128206,-37.342529,0
                  -59.128105,-37.34249,0
                  -59.128006,-37.342451,0
                  -59.127901,-37.34241,0
                  -59.127808,-37.342374,0
                  -59.127707,-37.342335,0
                  -59.127606,-37.342295,0
                  -59.127653,-37.342217,0
                  -59.127461,-37.342144,0
                  -59.127514,-37.342058,0
                  -59.127564,-37.341976,0
                  -59.127612,-37.341898,0
                  -59.127663,-37.341814,0
                  -59.127713,-37.341733,0
                  -59.127767,-37.341645,0
                  -59.127804,-37.341585,0
                  -59.127852,-37.341571,0
                  -59.128015,-37.341634,0
                  -59.128117,-37.341673,0
                  -59.128219,-37.341713,0
                  -59.12831,-37.341748,0
                  -59.128414,-37.341788,0
                  -59.128513,-37.341827,0
                  -59.128616,-37.341867,0
                  -59.128717,-37.341906,0
                  -59.128823,-37.341947,0
                  -59.128943,-37.342061,0
                  -59.12895,-37.342101,0
                  -59.128892,-37.342194,0
                  -59.128844,-37.342273,0
                  -59.128793,-37.342355,0
                  -59.128744,-37.342436,0
                  -59.128694,-37.342517,0
                  -59.128644,-37.342599,0
                  -59.128609,-37.342655,0
                  -59.128564,-37.342669,0
                  -59.128419,-37.342612,0
                </coordinates>
              </LinearRing>
            </outerBoundaryIs>
          </Polygon>
          <Polygon>
            <outerBoundaryIs>
              <LinearRing>
                <tessellate>1</tessellate>
                <coordinates>
                  -59.129842,-37.341883,0
                  -59.129883,-37.3418,0
                  -59.129923,-37.341719,0
                  -59.129963,-37.341635,0
                  -59.129933,-37.341431,0
                  -59.130135,-37.341508,0
                  -59.130253,-37.341553,0
                  -59.130373,-37.341599,0
                  -59.130462,-37.341634,0
                  -59.130477,-37.341671,0
                  -59.130398,-37.341804,0
                  -59.130348,-37.341883,0
                  -59.130298,-37.341963,0
                  -59.13026,-37.342022,0
                  -59.130222,-37.342033,0
                  -59.130038,-37.341961,0
                  -59.129899,-37.342006,0
                  -59.129842,-37.341883,0
                </coordinates>
              </LinearRing>
            </outerBoundaryIs>
          </Polygon>
          <Polygon>
            <outerBoundaryIs>
              <LinearRing>
                <tessellate>1</tessellate>
                <coordinates>
                  -59.129633,-37.342067,0
                  -59.129583,-37.342029,0
                  -59.129482,-37.341955,0
                  -59.129366,-37.341872,0
                  -59.129349,-37.341824,0
                  -59.129415,-37.341721,0
                  -59.129465,-37.34164,0
                  -59.129512,-37.341561,0
                  -59.12956,-37.341481,0
                  -59.129604,-37.341407,0
                  -59.129642,-37.341347,0
                  -59.129685,-37.341334,0
                  -59.129806,-37.341382,0
                  -59.129818,-37.341489,0
                  -59.129831,-37.341585,0
                  -59.129799,-37.341672,0
                  -59.129765,-37.341756,0
                  -59.129732,-37.341846,0
                  -59.129782,-37.342044,0
                  -59.129691,-37.342074,0
                  -59.129633,-37.342067,0
                </coordinates>
              </LinearRing>
            </outerBoundaryIs>
          </Polygon>
          <Polygon>
            <outerBoundaryIs>
              <LinearRing>
                <tessellate>1</tessellate>
                <coordinates>
                  -59.129196,-37.341241,0
                  -59.129155,-37.341129,0
                  -59.129426,-37.341227,0
                  -59.129443,-37.341266,0
                  -59.12941,-37.341322,0
                  -59.129294,-37.341511,0
                  -59.129196,-37.341241,0
                </coordinates>
              </LinearRing>
            </outerBoundaryIs>
          </Polygon>
          <Polygon>
            <outerBoundaryIs>
              <LinearRing>
                <tessellate>1</tessellate>
                <coordinates>
                  -59.128414,-37.341387,0
                  -59.128017,-37.341233,0
                  -59.128066,-37.341153,0
                  -59.128117,-37.341069,0
                  -59.128168,-37.340986,0
                  -59.128223,-37.340898,0
                  -59.128254,-37.340847,0
                  -59.128301,-37.340831,0
                  -59.128463,-37.340893,0
                  -59.128563,-37.340932,0
                  -59.12867,-37.340973,0
                  -59.128767,-37.34101,0
                  -59.128783,-37.341017,0
                  -59.12882,-37.341069,0
                  -59.128846,-37.341216,0
                  -59.128862,-37.341307,0
                  -59.128891,-37.34147,0
                  -59.128876,-37.341566,0
                  -59.12886,-37.341666,0
                  -59.128845,-37.341758,0
                  -59.128833,-37.341831,0
                  -59.128794,-37.341841,0
                  -59.128562,-37.341751,0
                  -59.128461,-37.341712,0
                  -59.128358,-37.341672,0
                  -59.128261,-37.341634,0
                  -59.128158,-37.341594,0
                  -59.128058,-37.341555,0
                  -59.1279,-37.341494,0
                  -59.127882,-37.341452,0
                  -59.127916,-37.341396,0
                  -59.127969,-37.341311,0
                  -59.128159,-37.341387,0
                  -59.128259,-37.341427,0
                  -59.128363,-37.341469,0
                  -59.128414,-37.341387,0
                </coordinates>
              </LinearRing>
            </outerBoundaryIs>
          </Polygon>
        </MultiGeometry>
      </Placemark>
      <Placemark>
        <name>PARQUE LINEAL RENÉ FAVALORO</name>
        <description><![CDATA[Descripción: <br>altitudeMode: clampToGround<br>E_Verde: PARQUE LINEAL RENÉ FAVALORO<br>TIPO: PARQUE<br>FID: 19<br>Field_1: PARQUE LINEAL RENÉ FAVALORO<br>Hectáreas: 4.69]]></description>
        <styleUrl>#poly-097138-1000-0</styleUrl>
        <ExtendedData>
          <Data name="Descripción">
            <value/>
          </Data>
          <Data name="altitudeMode">
            <value>clampToGround</value>
          </Data>
          <Data name="E_Verde">
            <value>PARQUE LINEAL RENÉ FAVALORO</value>
          </Data>
          <Data name="TIPO">
            <value>PARQUE</value>
          </Data>
          <Data name="FID">
            <value>19</value>
          </Data>
          <Data name="Field_1">
            <value>PARQUE LINEAL RENÉ FAVALORO</value>
          </Data>
          <Data name="Hectáreas">
            <value>4.69</value>
          </Data>
        </ExtendedData>
        <MultiGeometry>
          <Polygon>
            <outerBoundaryIs>
              <LinearRing>
                <tessellate>1</tessellate>
                <coordinates>
                  -59.104922,-37.322755,0
                  -59.104928,-37.322712,0
                  -59.105935,-37.321929,0
                  -59.105984,-37.321927,0
                  -59.106165,-37.322064,0
                  -59.106161,-37.322105,0
                  -59.105134,-37.322887,0
                  -59.105079,-37.322889,0
                  -59.104922,-37.322755,0
                </coordinates>
              </LinearRing>
            </outerBoundaryIs>
          </Polygon>
          <Polygon>
            <outerBoundaryIs>
              <LinearRing>
                <tessellate>1</tessellate>
                <coordinates>
                  -59.106212,-37.321994,0
                  -59.106074,-37.321876,0
                  -59.106069,-37.321831,0
                  -59.107065,-37.321063,0
                  -59.107128,-37.321069,0
                  -59.107275,-37.321181,0
                  -59.107274,-37.321221,0
                  -59.106278,-37.321997,0
                  -59.106212,-37.321994,0
                </coordinates>
              </LinearRing>
            </outerBoundaryIs>
          </Polygon>
          <Polygon>
            <outerBoundaryIs>
              <LinearRing>
                <tessellate>1</tessellate>
                <coordinates>
                  -59.107259,-37.32092,0
                  -59.107274,-37.320881,0
                  -59.108248,-37.3201,0
                  -59.108299,-37.320099,0
                  -59.108478,-37.320244,0
                  -59.108478,-37.320291,0
                  -59.107495,-37.321051,0
                  -59.10742,-37.321053,0
                  -59.107259,-37.32092,0
                </coordinates>
              </LinearRing>
            </outerBoundaryIs>
          </Polygon>
          <Polygon>
            <outerBoundaryIs>
              <LinearRing>
                <tessellate>1</tessellate>
                <coordinates>
                  -59.108383,-37.320033,0
                  -59.108396,-37.319994,0
                  -59.109376,-37.319226,0
                  -59.109429,-37.319225,0
                  -59.109611,-37.319367,0
                  -59.109615,-37.319409,0
                  -59.108624,-37.320192,0
                  -59.108571,-37.320199,0
                  -59.108383,-37.320033,0
                </coordinates>
              </LinearRing>
            </outerBoundaryIs>
          </Polygon>
          <Polygon>
            <outerBoundaryIs>
              <LinearRing>
                <tessellate>1</tessellate>
                <coordinates>
                  -59.109582,-37.319138,0
                  -59.109582,-37.319096,0
                  -59.110584,-37.318317,0
                  -59.11063,-37.318321,0
                  -59.110772,-37.31844,0
                  -59.110781,-37.318478,0
                  -59.109797,-37.319274,0
                  -59.109741,-37.319275,0
                  -59.109582,-37.319138,0
                </coordinates>
              </LinearRing>
            </outerBoundaryIs>
          </Polygon>
          <Polygon>
            <outerBoundaryIs>
              <LinearRing>
                <tessellate>1</tessellate>
                <coordinates>
                  -59.110731,-37.318263,0
                  -59.110746,-37.318223,0
                  -59.111726,-37.317443,0
                  -59.111775,-37.317444,0
                  -59.111897,-37.317557,0
                  -59.111888,-37.317591,0
                  -59.110904,-37.318374,0
                  -59.110851,-37.318375,0
                  -59.110731,-37.318263,0
                </coordinates>
              </LinearRing>
            </outerBoundaryIs>
          </Polygon>
          <Polygon>
            <outerBoundaryIs>
              <LinearRing>
                <tessellate>1</tessellate>
                <coordinates>
                  -59.11201,-37.317409,0
                  -59.11191,-37.317336,0
                  -59.111916,-37.317307,0
                  -59.112929,-37.316512,0
                  -59.112955,-37.316491,0
                  -59.11298,-37.316513,0
                  -59.113066,-37.316589,0
                  -59.113063,-37.31663,0
                  -59.112062,-37.317414,0
                  -59.11201,-37.317409,0
                </coordinates>
              </LinearRing>
            </outerBoundaryIs>
          </Polygon>
          <Polygon>
            <outerBoundaryIs>
              <LinearRing>
                <tessellate>1</tessellate>
                <coordinates>
                  -59.113049,-37.316436,0
                  -59.113053,-37.316409,0
                  -59.114069,-37.315598,0
                  -59.114109,-37.315596,0
                  -59.114204,-37.315686,0
                  -59.1142,-37.315732,0
                  -59.113199,-37.316523,0
                  -59.113153,-37.316528,0
                  -59.113049,-37.316436,0
                </coordinates>
              </LinearRing>
            </outerBoundaryIs>
          </Polygon>
          <Polygon>
            <outerBoundaryIs>
              <LinearRing>
                <tessellate>1</tessellate>
                <coordinates>
                  -59.114261,-37.315596,0
                  -59.114162,-37.315516,0
                  -59.114177,-37.315462,0
                  -59.115235,-37.314619,0
                  -59.1153,-37.314612,0
                  -59.115415,-37.314708,0
                  -59.115422,-37.314774,0
                  -59.114348,-37.315611,0
                  -59.114261,-37.315596,0
                </coordinates>
              </LinearRing>
            </outerBoundaryIs>
          </Polygon>
          <Polygon>
            <outerBoundaryIs>
              <LinearRing>
                <tessellate>1</tessellate>
                <coordinates>
                  -59.117694,-37.312804,0
                  -59.117702,-37.312745,0
                  -59.118662,-37.311987,0
                  -59.118728,-37.311979,0
                  -59.118839,-37.312065,0
                  -59.118834,-37.31212,0
                  -59.117877,-37.312876,0
                  -59.117798,-37.312882,0
                  -59.117694,-37.312804,0
                </coordinates>
              </LinearRing>
            </outerBoundaryIs>
          </Polygon>
          <Polygon>
            <outerBoundaryIs>
              <LinearRing>
                <tessellate>1</tessellate>
                <coordinates>
                  -59.118821,-37.311902,0
                  -59.118821,-37.311855,0
                  -59.120187,-37.310771,0
                  -59.120257,-37.310772,0
                  -59.120406,-37.310895,0
                  -59.120395,-37.310963,0
                  -59.119048,-37.31202,0
                  -59.118971,-37.31202,0
                  -59.118821,-37.311902,0
                </coordinates>
              </LinearRing>
            </outerBoundaryIs>
          </Polygon>
          <Polygon>
            <outerBoundaryIs>
              <LinearRing>
                <tessellate>1</tessellate>
                <coordinates>
                  -59.121327,-37.310207,0
                  -59.121121,-37.310043,0
                  -59.121121,-37.310017,0
                  -59.123289,-37.308326,0
                  -59.123337,-37.308319,0
                  -59.123516,-37.308453,0
                  -59.123516,-37.308494,0
                  -59.121357,-37.310208,0
                  -59.121327,-37.310207,0
                </coordinates>
              </LinearRing>
            </outerBoundaryIs>
          </Polygon>
          <Polygon>
            <outerBoundaryIs>
              <LinearRing>
                <tessellate>1</tessellate>
                <coordinates>
                  -59.1242919,-37.3077381,0
                  -59.124332,-37.307774,0
                  -59.124292,-37.3077382,0
                  -59.124296,-37.307802,0
                  -59.123601,-37.30833,0
                  -59.123541,-37.308329,0
                  -59.123444,-37.308258,0
                  -59.123446,-37.308215,0
                  -59.12413,-37.307658,0
                  -59.124196,-37.307654,0
                  -59.124166,-37.307628,0
                  -59.124168,-37.307627,0
                  -59.1242919,-37.3077381,0
                </coordinates>
              </LinearRing>
            </outerBoundaryIs>
          </Polygon>
          <Polygon>
            <outerBoundaryIs>
              <LinearRing>
                <tessellate>1</tessellate>
                <coordinates>
                  -59.124253,-37.307607,0
                  -59.124253,-37.307557,0
                  -59.124522,-37.307338,0
                  -59.1248,-37.307512,0
                  -59.124435,-37.307693,0
                  -59.124356,-37.307699,0
                  -59.124253,-37.307607,0
                </coordinates>
              </LinearRing>
            </outerBoundaryIs>
          </Polygon>
        </MultiGeometry>
      </Placemark>
      <Placemark>
        <name>PASEO DE LOS ESPAÑOLES</name>
        <description><![CDATA[Descripción: <br>altitudeMode: clampToGround<br>E_Verde: PASEO DE LOS ESPAÑOLES<br>TIPO: PASEO<br>FID: 24<br>Field_1: PASEO DE LOS ESPAÑOLES<br>Hectáreas: 4.40]]></description>
        <styleUrl>#poly-097138-1000-0</styleUrl>
        <ExtendedData>
          <Data name="Descripción">
            <value/>
          </Data>
          <Data name="altitudeMode">
            <value>clampToGround</value>
          </Data>
          <Data name="E_Verde">
            <value>PASEO DE LOS ESPAÑOLES</value>
          </Data>
          <Data name="TIPO">
            <value>PASEO</value>
          </Data>
          <Data name="FID">
            <value>24</value>
          </Data>
          <Data name="Field_1">
            <value>PASEO DE LOS ESPAÑOLES</value>
          </Data>
          <Data name="Hectáreas">
            <value>4.40</value>
          </Data>
        </ExtendedData>
        <Polygon>
          <outerBoundaryIs>
            <LinearRing>
              <tessellate>1</tessellate>
              <coordinates>
                -59.134844,-37.349461,0
                -59.134945,-37.350082,0
                -59.134307,-37.350581,0
                -59.133454,-37.351247,0
                -59.133084,-37.351217,0
                -59.132704,-37.351185,0
                -59.132337,-37.351155,0
                -59.132021,-37.351129,0
                -59.131869,-37.351116,0
                -59.131866,-37.350905,0
                -59.131861,-37.350616,0
                -59.131858,-37.350393,0
                -59.131855,-37.35018,0
                -59.131851,-37.349958,0
                -59.131847,-37.349698,0
                -59.131844,-37.349498,0
                -59.131842,-37.349356,0
                -59.132002,-37.349379,0
                -59.132392,-37.349435,0
                -59.132823,-37.349497,0
                -59.133213,-37.349553,0
                -59.133605,-37.349514,0
                -59.133868,-37.349488,0
                -59.13431,-37.349473,0
                -59.134832,-37.349461,0
                -59.134844,-37.349461,0
              </coordinates>
            </LinearRing>
          </outerBoundaryIs>
        </Polygon>
      </Placemark>
      <Placemark>
        <name>PASEO PARQUE INDEPENDENCIA</name>
        <description><![CDATA[Descripción: <br>altitudeMode: clampToGround<br>E_Verde: PASEO PARQUE INDEPENDENCIA<br>TIPO: PASEO<br>FID: 34<br>Field_1: PASEO PARQUE INDEPENDENCIA<br>Hectáreas: 2.28]]></description>
        <styleUrl>#poly-097138-1000-0</styleUrl>
        <ExtendedData>
          <Data name="Descripción">
            <value/>
          </Data>
          <Data name="altitudeMode">
            <value>clampToGround</value>
          </Data>
          <Data name="E_Verde">
            <value>PASEO PARQUE INDEPENDENCIA</value>
          </Data>
          <Data name="TIPO">
            <value>PASEO</value>
          </Data>
          <Data name="FID">
            <value>34</value>
          </Data>
          <Data name="Field_1">
            <value>PASEO PARQUE INDEPENDENCIA</value>
          </Data>
          <Data name="Hectáreas">
            <value>2.28</value>
          </Data>
        </ExtendedData>
        <MultiGeometry>
          <Polygon>
            <outerBoundaryIs>
              <LinearRing>
                <tessellate>1</tessellate>
                <coordinates>
                  -59.135446,-37.344759,0
                  -59.135399,-37.344739,0
                  -59.135355,-37.34469,0
                  -59.135315,-37.344585,0
                  -59.135275,-37.344473,0
                  -59.135242,-37.344386,0
                  -59.135211,-37.344305,0
                  -59.135182,-37.34423,0
                  -59.135153,-37.344147,0
                  -59.135124,-37.344064,0
                  -59.135093,-37.34398,0
                  -59.135064,-37.3439,0
                  -59.135035,-37.343815,0
                  -59.135,-37.343701,0
                  -59.134965,-37.343585,0
                  -59.134975,-37.343534,0
                  -59.134979,-37.343503,0
                  -59.135035,-37.343412,0
                  -59.135082,-37.343397,0
                  -59.135161,-37.343427,0
                  -59.135262,-37.343466,0
                  -59.135364,-37.343506,0
                  -59.135481,-37.343551,0
                  -59.135578,-37.343587,0
                  -59.13571,-37.343637,0
                  -59.135812,-37.343675,0
                  -59.135911,-37.343714,0
                  -59.13601,-37.343751,0
                  -59.13611,-37.343789,0
                  -59.136209,-37.343827,0
                  -59.136281,-37.343855,0
                  -59.136296,-37.343888,0
                  -59.136218,-37.344022,0
                  -59.136178,-37.344091,0
                  -59.136134,-37.344164,0
                  -59.136087,-37.344246,0
                  -59.136035,-37.344332,0
                  -59.135989,-37.34441,0
                  -59.135946,-37.344484,0
                  -59.135899,-37.344562,0
                  -59.135851,-37.344642,0
                  -59.135811,-37.344712,0
                  -59.135767,-37.344784,0
                  -59.135729,-37.344842,0
                  -59.135682,-37.34485,0
                  -59.135446,-37.344759,0
                </coordinates>
              </LinearRing>
            </outerBoundaryIs>
          </Polygon>
          <Polygon>
            <outerBoundaryIs>
              <LinearRing>
                <tessellate>1</tessellate>
                <coordinates>
                  -59.134501,-37.343575,0
                  -59.1344,-37.343537,0
                  -59.134304,-37.343502,0
                  -59.134198,-37.343462,0
                  -59.1341,-37.343425,0
                  -59.133994,-37.343383,0
                  -59.133897,-37.343347,0
                  -59.133801,-37.34331,0
                  -59.13369,-37.343268,0
                  -59.133591,-37.343227,0
                  -59.133421,-37.343166,0
                  -59.133402,-37.343123,0
                  -59.133432,-37.343072,0
                  -59.13348,-37.342991,0
                  -59.133527,-37.342912,0
                  -59.133566,-37.342846,0
                  -59.133605,-37.342833,0
                  -59.133779,-37.342899,0
                  -59.133883,-37.342938,0
                  -59.133995,-37.342981,0
                  -59.134091,-37.343016,0
                  -59.134187,-37.343053,0
                  -59.134293,-37.343092,0
                  -59.134399,-37.343132,0
                  -59.134502,-37.343172,0
                  -59.134599,-37.343208,0
                  -59.134698,-37.343248,0
                  -59.134876,-37.343315,0
                  -59.134892,-37.343354,0
                  -59.134857,-37.343413,0
                  -59.13481,-37.343493,0
                  -59.134767,-37.343568,0
                  -59.134727,-37.343632,0
                  -59.134691,-37.343648,0
                  -59.134501,-37.343575,0
                </coordinates>
              </LinearRing>
            </outerBoundaryIs>
          </Polygon>
          <Polygon>
            <outerBoundaryIs>
              <LinearRing>
                <tessellate>1</tessellate>
                <coordinates>
                  -59.133145,-37.342182,0
                  -59.133212,-37.342068,0
                  -59.133284,-37.341951,0
                  -59.133354,-37.341837,0
                  -59.133422,-37.341725,0
                  -59.133493,-37.341609,0
                  -59.133615,-37.341409,0
                  -59.134093,-37.341591,0
                  -59.134109,-37.341623,0
                  -59.133862,-37.342032,0
                  -59.133501,-37.342625,0
                  -59.133449,-37.342639,0
                  -59.132977,-37.342459,0
                  -59.132758,-37.342376,0
                  -59.132858,-37.342215,0
                  -59.133075,-37.342296,0
                  -59.133145,-37.342182,0
                </coordinates>
              </LinearRing>
            </outerBoundaryIs>
          </Polygon>
        </MultiGeometry>
      </Placemark>
      <Placemark>
        <name>PATIO DE DON QUIJOTE</name>
        <description><![CDATA[Descripción: <br>altitudeMode: clampToGround<br>E_Verde: PATIO DE DON QUIJOTE<br>TIPO: PATIO<br>FID: 39<br>Field_1: PATIO DE DON QUIJOTE<br>Hectáreas: 0.007]]></description>
        <styleUrl>#poly-097138-1000-0</styleUrl>
        <ExtendedData>
          <Data name="Descripción">
            <value/>
          </Data>
          <Data name="altitudeMode">
            <value>clampToGround</value>
          </Data>
          <Data name="E_Verde">
            <value>PATIO DE DON QUIJOTE</value>
          </Data>
          <Data name="TIPO">
            <value>PATIO</value>
          </Data>
          <Data name="FID">
            <value>39</value>
          </Data>
          <Data name="Field_1">
            <value>PATIO DE DON QUIJOTE</value>
          </Data>
          <Data name="Hectáreas">
            <value>0.007</value>
          </Data>
        </ExtendedData>
        <Polygon>
          <outerBoundaryIs>
            <LinearRing>
              <tessellate>1</tessellate>
              <coordinates>
                -59.130016,-37.328273,0
                -59.130002,-37.328297,0
                -59.129778,-37.328214,0
                -59.129793,-37.328188,0
                -59.130016,-37.328273,0
              </coordinates>
            </LinearRing>
          </outerBoundaryIs>
        </Polygon>
      </Placemark>
      <Placemark>
        <name>PLAZA BARRIO PROCREAR</name>
        <description><![CDATA[Descripción: <br>altitudeMode: clampToGround<br>E_Verde: PLAZA BARRIO PROCREAR<br>TIPO: PLAZA<br>FID: 45<br>Field_1: PLAZA BARRIO PROCREAR<br>Hectáreas: 5.98]]></description>
        <styleUrl>#poly-097138-1000-0</styleUrl>
        <ExtendedData>
          <Data name="Descripción">
            <value/>
          </Data>
          <Data name="altitudeMode">
            <value>clampToGround</value>
          </Data>
          <Data name="E_Verde">
            <value>PLAZA BARRIO PROCREAR</value>
          </Data>
          <Data name="TIPO">
            <value>PLAZA</value>
          </Data>
          <Data name="FID">
            <value>45</value>
          </Data>
          <Data name="Field_1">
            <value>PLAZA BARRIO PROCREAR</value>
          </Data>
          <Data name="Hectáreas">
            <value>5.98</value>
          </Data>
        </ExtendedData>
        <MultiGeometry>
          <Polygon>
            <outerBoundaryIs>
              <LinearRing>
                <tessellate>1</tessellate>
                <coordinates>
                  -59.149897,-37.300064,0
                  -59.150355,-37.299717,0
                  -59.15136,-37.300513,0
                  -59.150885,-37.300877,0
                  -59.149897,-37.300064,0
                </coordinates>
              </LinearRing>
            </outerBoundaryIs>
          </Polygon>
          <Polygon>
            <outerBoundaryIs>
              <LinearRing>
                <tessellate>1</tessellate>
                <coordinates>
                  -59.149831,-37.298271,0
                  -59.150374,-37.297841,0
                  -59.151544,-37.298802,0
                  -59.150992,-37.299215,0
                  -59.149831,-37.298271,0
                </coordinates>
              </LinearRing>
            </outerBoundaryIs>
          </Polygon>
          <Polygon>
            <outerBoundaryIs>
              <LinearRing>
                <tessellate>1</tessellate>
                <coordinates>
                  -59.147504,-37.298249,0
                  -59.148052,-37.29782,0
                  -59.149211,-37.298754,0
                  -59.148659,-37.299191,0
                  -59.147504,-37.298249,0
                </coordinates>
              </LinearRing>
            </outerBoundaryIs>
          </Polygon>
          <Polygon>
            <outerBoundaryIs>
              <LinearRing>
                <tessellate>1</tessellate>
                <coordinates>
                  -59.151011,-37.297347,0
                  -59.151544,-37.296945,0
                  -59.152729,-37.297928,0
                  -59.152226,-37.298299,0
                  -59.151011,-37.297347,0
                </coordinates>
              </LinearRing>
            </outerBoundaryIs>
          </Polygon>
          <Polygon>
            <outerBoundaryIs>
              <LinearRing>
                <tessellate>1</tessellate>
                <coordinates>
                  -59.154185,-37.296865,0
                  -59.152788,-37.295927,0
                  -59.15154,-37.295098,0
                  -59.152149,-37.294612,0
                  -59.153276,-37.295541,0
                  -59.154546,-37.296588,0
                  -59.155529,-37.297399,0
                  -59.155264,-37.297586,0
                  -59.154185,-37.296865,0
                </coordinates>
              </LinearRing>
            </outerBoundaryIs>
          </Polygon>
        </MultiGeometry>
      </Placemark>
      <Placemark>
        <name>PLAZA GRADUADOS</name>
        <description><![CDATA[Descripción: <br>altitudeMode: clampToGround<br>E_Verde: PLAZA GRADUADOS<br>TIPO: PLAZA<br>FID: 56<br>Field_1: PLAZA GRADUADOS<br>Hectáreas: 0.539]]></description>
        <styleUrl>#poly-097138-1000-0</styleUrl>
        <ExtendedData>
          <Data name="Descripción">
            <value/>
          </Data>
          <Data name="altitudeMode">
            <value>clampToGround</value>
          </Data>
          <Data name="E_Verde">
            <value>PLAZA GRADUADOS</value>
          </Data>
          <Data name="TIPO">
            <value>PLAZA</value>
          </Data>
          <Data name="FID">
            <value>56</value>
          </Data>
          <Data name="Field_1">
            <value>PLAZA GRADUADOS</value>
          </Data>
          <Data name="Hectáreas">
            <value>0.539</value>
          </Data>
        </ExtendedData>
        <MultiGeometry>
          <Polygon>
            <outerBoundaryIs>
              <LinearRing>
                <tessellate>1</tessellate>
                <coordinates>
                  -59.087221,-37.300819,0
                  -59.087675,-37.300454,0
                  -59.087838,-37.300587,0
                  -59.087379,-37.300949,0
                  -59.087221,-37.300819,0
                </coordinates>
              </LinearRing>
            </outerBoundaryIs>
          </Polygon>
          <Polygon>
            <outerBoundaryIs>
              <LinearRing>
                <tessellate>1</tessellate>
                <coordinates>
                  -59.087566,-37.300204,0
                  -59.088019,-37.29984,0
                  -59.0886,-37.30032,0
                  -59.088141,-37.300682,0
                  -59.087566,-37.300204,0
                </coordinates>
              </LinearRing>
            </outerBoundaryIs>
          </Polygon>
        </MultiGeometry>
      </Placemark>
      <Placemark>
        <name>PLAZA PADRE PASARELLI</name>
        <description><![CDATA[Descripción: <br>altitudeMode: clampToGround<br>E_Verde: PLAZA PADRE PASARELLI<br>TIPO: PLAZA<br>FID: 67<br>Field_1: PLAZA PADRE PASARELLI<br>Hectáreas: 0.387]]></description>
        <styleUrl>#poly-097138-1000-0</styleUrl>
        <ExtendedData>
          <Data name="Descripción">
            <value/>
          </Data>
          <Data name="altitudeMode">
            <value>clampToGround</value>
          </Data>
          <Data name="E_Verde">
            <value>PLAZA PADRE PASARELLI</value>
          </Data>
          <Data name="TIPO">
            <value>PLAZA</value>
          </Data>
          <Data name="FID">
            <value>67</value>
          </Data>
          <Data name="Field_1">
            <value>PLAZA PADRE PASARELLI</value>
          </Data>
          <Data name="Hectáreas">
            <value>0.387</value>
          </Data>
        </ExtendedData>
        <Polygon>
          <outerBoundaryIs>
            <LinearRing>
              <tessellate>1</tessellate>
              <coordinates>
                -59.139008,-37.310242,0
                -59.138781,-37.310417,0
                -59.138551,-37.31023,0
                -59.138373,-37.310085,0
                -59.138283,-37.309954,0
                -59.138149,-37.309831,0
                -59.137825,-37.30982,0
                -59.137711,-37.309809,0
                -59.137561,-37.309793,0
                -59.137675,-37.309685,0
                -59.137708,-37.309696,0
                -59.137819,-37.309702,0
                -59.13808,-37.309733,0
                -59.138197,-37.309766,0
                -59.13829,-37.309801,0
                -59.1384,-37.309834,0
                -59.138637,-37.309648,0
                -59.139041,-37.309962,0
                -59.13885,-37.310113,0
                -59.139008,-37.310242,0
              </coordinates>
            </LinearRing>
          </outerBoundaryIs>
        </Polygon>
      </Placemark>
      <Placemark>
        <name>PLAZA SANTAMARINA</name>
        <description><![CDATA[Descripción: <br>altitudeMode: clampToGround<br>E_Verde: PLAZA SANTAMARINA<br>TIPO: PLAZA<br>FID: 71<br>Field_1: PLAZA SANTAMARINA<br>Hectáreas: 0.759]]></description>
        <styleUrl>#poly-097138-1000-0</styleUrl>
        <ExtendedData>
          <Data name="Descripción">
            <value/>
          </Data>
          <Data name="altitudeMode">
            <value>clampToGround</value>
          </Data>
          <Data name="E_Verde">
            <value>PLAZA SANTAMARINA</value>
          </Data>
          <Data name="TIPO">
            <value>PLAZA</value>
          </Data>
          <Data name="FID">
            <value>71</value>
          </Data>
          <Data name="Field_1">
            <value>PLAZA SANTAMARINA</value>
          </Data>
          <Data name="Hectáreas">
            <value>0.759</value>
          </Data>
        </ExtendedData>
        <Polygon>
          <outerBoundaryIs>
            <LinearRing>
              <tessellate>1</tessellate>
              <coordinates>
                -59.137803,-37.315362,0
                -59.137801,-37.315362,0
                -59.1378,-37.315362,0
                -59.137798,-37.315362,0
                -59.137797,-37.315362,0
                -59.137795,-37.315361,0
                -59.137794,-37.315361,0
                -59.137792,-37.315361,0
                -59.137791,-37.315361,0
                -59.137789,-37.31536,0
                -59.137788,-37.31536,0
                -59.137787,-37.315359,0
                -59.137785,-37.315359,0
                -59.137784,-37.315358,0
                -59.137782,-37.315358,0
                -59.137781,-37.315357,0
                -59.13778,-37.315356,0
                -59.136407,-37.314828,0
                -59.136405,-37.314827,0
                -59.136404,-37.314826,0
                -59.136403,-37.314825,0
                -59.136402,-37.314824,0
                -59.136401,-37.314824,0
                -59.136399,-37.314823,0
                -59.136398,-37.314822,0
                -59.136397,-37.314821,0
                -59.136396,-37.31482,0
                -59.136395,-37.314819,0
                -59.136394,-37.314818,0
                -59.136393,-37.314817,0
                -59.136393,-37.314816,0
                -59.136392,-37.314814,0
                -59.136391,-37.314813,0
                -59.13639,-37.314812,0
                -59.13639,-37.314811,0
                -59.136389,-37.31481,0
                -59.136389,-37.314809,0
                -59.136388,-37.314807,0
                -59.136388,-37.314806,0
                -59.136387,-37.314805,0
                -59.136387,-37.314804,0
                -59.136387,-37.314802,0
                -59.136387,-37.314801,0
                -59.136386,-37.3148,0
                -59.136386,-37.314798,0
                -59.136386,-37.314797,0
                -59.136386,-37.314796,0
                -59.136386,-37.314795,0
                -59.136386,-37.314793,0
                -59.136387,-37.314792,0
                -59.136498,-37.314598,0
                -59.136598,-37.314425,0
                -59.136598,-37.314423,0
                -59.136599,-37.314422,0
                -59.136599,-37.314421,0
                -59.1366,-37.31442,0
                -59.1366,-37.314419,0
                -59.136601,-37.314418,0
                -59.136602,-37.314417,0
                -59.136602,-37.314416,0
                -59.136603,-37.314415,0
                -59.136604,-37.314414,0
                -59.136605,-37.314413,0
                -59.136606,-37.314412,0
                -59.136607,-37.314411,0
                -59.136608,-37.31441,0
                -59.136609,-37.31441,0
                -59.13661,-37.314409,0
                -59.136611,-37.314408,0
                -59.136612,-37.314407,0
                -59.136613,-37.314406,0
                -59.136614,-37.314406,0
                -59.136615,-37.314405,0
                -59.136617,-37.314404,0
                -59.136618,-37.314404,0
                -59.136619,-37.314403,0
                -59.136621,-37.314403,0
                -59.136622,-37.314402,0
                -59.136623,-37.314402,0
                -59.136625,-37.314401,0
                -59.136626,-37.314401,0
                -59.136627,-37.314401,0
                -59.136629,-37.3144,0
                -59.13663,-37.3144,0
                -59.136632,-37.3144,0
                -59.136633,-37.3144,0
                -59.136635,-37.3144,0
                -59.136636,-37.314399,0
                -59.136638,-37.314399,0
                -59.136639,-37.314399,0
                -59.136641,-37.314399,0
                -59.136642,-37.314399,0
                -59.136643,-37.3144,0
                -59.136645,-37.3144,0
                -59.136646,-37.3144,0
                -59.138041,-37.314913,0
                -59.138042,-37.314914,0
                -59.138043,-37.314914,0
                -59.138045,-37.314915,0
                -59.138046,-37.314916,0
                -59.138047,-37.314917,0
                -59.138048,-37.314918,0
                -59.13805,-37.314918,0
                -59.138051,-37.314919,0
                -59.138052,-37.31492,0
                -59.138053,-37.314921,0
                -59.138054,-37.314922,0
                -59.138055,-37.314923,0
                -59.138056,-37.314924,0
                -59.138056,-37.314925,0
                -59.138057,-37.314926,0
                -59.138058,-37.314927,0
                -59.138059,-37.314928,0
                -59.138059,-37.31493,0
                -59.13806,-37.314931,0
                -59.138061,-37.314932,0
                -59.138061,-37.314933,0
                -59.138062,-37.314934,0
                -59.138062,-37.314936,0
                -59.138062,-37.314937,0
                -59.138063,-37.314938,0
                -59.138063,-37.314939,0
                -59.138063,-37.31494,0
                -59.138063,-37.314942,0
                -59.138063,-37.314943,0
                -59.138063,-37.314944,0
                -59.138063,-37.314946,0
                -59.138063,-37.314947,0
                -59.138063,-37.314948,0
                -59.138063,-37.314949,0
                -59.138063,-37.31495,0
                -59.138062,-37.314952,0
                -59.138062,-37.314953,0
                -59.137951,-37.315152,0
                -59.137846,-37.315339,0
                -59.137846,-37.31534,0
                -59.137845,-37.315341,0
                -59.137844,-37.315342,0
                -59.137844,-37.315344,0
                -59.137843,-37.315345,0
                -59.137842,-37.315346,0
                -59.137841,-37.315347,0
                -59.13784,-37.315348,0
                -59.137839,-37.315349,0
                -59.137838,-37.31535,0
                -59.137837,-37.315351,0
                -59.137836,-37.315351,0
                -59.137835,-37.315352,0
                -59.137834,-37.315353,0
                -59.137833,-37.315354,0
                -59.137832,-37.315355,0
                -59.137831,-37.315355,0
                -59.137829,-37.315356,0
                -59.137828,-37.315357,0
                -59.137827,-37.315357,0
                -59.137825,-37.315358,0
                -59.137824,-37.315359,0
                -59.137823,-37.315359,0
                -59.137821,-37.31536,0
                -59.13782,-37.31536,0
                -59.137818,-37.31536,0
                -59.137817,-37.315361,0
                -59.137815,-37.315361,0
                -59.137814,-37.315361,0
                -59.137812,-37.315362,0
                -59.137811,-37.315362,0
                -59.137809,-37.315362,0
                -59.137808,-37.315362,0
                -59.137806,-37.315362,0
                -59.137805,-37.315362,0
                -59.137803,-37.315362,0
              </coordinates>
            </LinearRing>
          </outerBoundaryIs>
        </Polygon>
      </Placemark>
      <Placemark>
        <name>PLAZOLETA DEL DON</name>
        <description><![CDATA[Descripción: <br>altitudeMode: clampToGround<br>E_Verde: PLAZOLETA DEL DON<br>TIPO: PLAZOLETA<br>FID: 107<br>Field_1: PLAZOLETA DEL DON<br>Hectáreas: 0.193]]></description>
        <styleUrl>#poly-097138-1000-0</styleUrl>
        <ExtendedData>
          <Data name="Descripción">
            <value/>
          </Data>
          <Data name="altitudeMode">
            <value>clampToGround</value>
          </Data>
          <Data name="E_Verde">
            <value>PLAZOLETA DEL DON</value>
          </Data>
          <Data name="TIPO">
            <value>PLAZOLETA</value>
          </Data>
          <Data name="FID">
            <value>107</value>
          </Data>
          <Data name="Field_1">
            <value>PLAZOLETA DEL DON</value>
          </Data>
          <Data name="Hectáreas">
            <value>0.193</value>
          </Data>
        </ExtendedData>
        <Polygon>
          <outerBoundaryIs>
            <LinearRing>
              <tessellate>1</tessellate>
              <coordinates>
                -59.127875,-37.338417,0
                -59.127923,-37.338336,0
                -59.127972,-37.338255,0
                -59.128024,-37.338167,0
                -59.128097,-37.338044,0
                -59.12815,-37.337956,0
                -59.128191,-37.337944,0
                -59.128294,-37.337981,0
                -59.128322,-37.338019,0
                -59.128332,-37.338072,0
                -59.128363,-37.338252,0
                -59.128388,-37.338395,0
                -59.128408,-37.338509,0
                -59.128191,-37.338534,0
                -59.127875,-37.338417,0
              </coordinates>
            </LinearRing>
          </outerBoundaryIs>
        </Polygon>
      </Placemark>
      <Placemark>
        <name>PLAZOLETA VILLA ITALIA NORTE</name>
        <description><![CDATA[Descripción: <br>altitudeMode: clampToGround<br>E_Verde: PLAZOLETA VILLA ITALIA NORTE<br>TIPO: PLAZOLETA<br>FID: 120<br>Field_1: PLAZOLETA VILLA ITALIA NORTE<br>Hectáreas: 0.141]]></description>
        <styleUrl>#poly-097138-1000-0</styleUrl>
        <ExtendedData>
          <Data name="Descripción">
            <value/>
          </Data>
          <Data name="altitudeMode">
            <value>clampToGround</value>
          </Data>
          <Data name="E_Verde">
            <value>PLAZOLETA VILLA ITALIA NORTE</value>
          </Data>
          <Data name="TIPO">
            <value>PLAZOLETA</value>
          </Data>
          <Data name="FID">
            <value>120</value>
          </Data>
          <Data name="Field_1">
            <value>PLAZOLETA VILLA ITALIA NORTE</value>
          </Data>
          <Data name="Hectáreas">
            <value>0.141</value>
          </Data>
        </ExtendedData>
        <Polygon>
          <outerBoundaryIs>
            <LinearRing>
              <tessellate>1</tessellate>
              <coordinates>
                -59.14395,-37.297292,0
                -59.14395,-37.297329,0
                -59.143835,-37.297419,0
                -59.143699,-37.297506,0
                -59.143604,-37.297329,0
                -59.14349,-37.297104,0
                -59.143398,-37.296906,0
                -59.143278,-37.296685,0
                -59.143599,-37.297006,0
                -59.14395,-37.297292,0
              </coordinates>
            </LinearRing>
          </outerBoundaryIs>
        </Polygon>
      </Placemark>
      <Placemark>
        <name>SENDA AERÓBICA B° ARCO IRIS 1 Y 2</name>
        <description><![CDATA[Descripción: <br>altitudeMode: clampToGround<br>E_Verde: SENDA AERÓBICA B° ARCO IRIS 1 Y 2<br>TIPO: SENDA<br>FID: 125<br>Field_1: SENDA AERÓBICA B° ARCO IRIS 1 Y 2<br>Hectáreas: 0.289]]></description>
        <styleUrl>#poly-097138-1000-0</styleUrl>
        <ExtendedData>
          <Data name="Descripción">
            <value/>
          </Data>
          <Data name="altitudeMode">
            <value>clampToGround</value>
          </Data>
          <Data name="E_Verde">
            <value>SENDA AERÓBICA B° ARCO IRIS 1 Y 2</value>
          </Data>
          <Data name="TIPO">
            <value>SENDA</value>
          </Data>
          <Data name="FID">
            <value>125</value>
          </Data>
          <Data name="Field_1">
            <value>SENDA AERÓBICA B° ARCO IRIS 1 Y 2</value>
          </Data>
          <Data name="Hectáreas">
            <value>0.289</value>
          </Data>
        </ExtendedData>
        <Polygon>
          <outerBoundaryIs>
            <LinearRing>
              <tessellate>1</tessellate>
              <coordinates>
                -59.157431,-37.289651,0
                -59.157434,-37.289651,0
                -59.157489,-37.28965,0
                -59.157477,-37.28964,0
                -59.15752,-37.28964,0
                -59.158405,-37.289638,0
                -59.158671,-37.289636,0
                -59.159058,-37.289636,0
                -59.159212,-37.289649,0
                -59.159344,-37.289669,0
                -59.159471,-37.289692,0
                -59.159556,-37.289721,0
                -59.159661,-37.289755,0
                -59.159736,-37.289785,0
                -59.160194,-37.290172,0
                -59.160155,-37.290206,0
                -59.159051,-37.291023,0
                -59.159015,-37.290989,0
                -59.157431,-37.289651,0
              </coordinates>
            </LinearRing>
          </outerBoundaryIs>
          <innerBoundaryIs>
            <LinearRing>
              <tessellate>1</tessellate>
              <coordinates>
                -59.160102,-37.290174,0
                -59.159063,-37.290953,0
                -59.157511,-37.289669,0
                -59.158429,-37.289673,0
                -59.158698,-37.289677,0
                -59.15886,-37.289678,0
                -59.159053,-37.289676,0
                -59.159179,-37.28968,0
                -59.159233,-37.289694,0
                -59.159311,-37.289709,0
                -59.15936,-37.289722,0
                -59.159427,-37.289734,0
                -59.15952,-37.28976,0
                -59.159616,-37.289795,0
                -59.159681,-37.289834,0
                -59.15975,-37.289885,0
                -59.159841,-37.289953,0
                -59.159935,-37.290024,0
                -59.16002,-37.290095,0
                -59.160102,-37.290174,0
              </coordinates>
            </LinearRing>
          </innerBoundaryIs>
        </Polygon>
      </Placemark>
      <Placemark>
        <name>VIAS VERDES</name>
        <description><![CDATA[Descripción: <br>altitudeMode: clampToGround<br>E_Verde: VIAS VERDES<br>TIPO: PASEO<br>FID: 130<br>Field_1: VIAS VERDES<br>Hectáreas: 2.28]]></description>
        <styleUrl>#poly-097138-1000-0</styleUrl>
        <ExtendedData>
          <Data name="Descripción">
            <value/>
          </Data>
          <Data name="altitudeMode">
            <value>clampToGround</value>
          </Data>
          <Data name="E_Verde">
            <value>VIAS VERDES</value>
          </Data>
          <Data name="TIPO">
            <value>PASEO</value>
          </Data>
          <Data name="FID">
            <value>130</value>
          </Data>
          <Data name="Field_1">
            <value>VIAS VERDES</value>
          </Data>
          <Data name="Hectáreas">
            <value>2.28</value>
          </Data>
        </ExtendedData>
        <MultiGeometry>
          <Polygon>
            <outerBoundaryIs>
              <LinearRing>
                <tessellate>1</tessellate>
                <coordinates>
                  -59.160378,-37.309037,0
                  -59.160367,-37.308872,0
                  -59.16068,-37.30914,0
                  -59.16103,-37.309485,0
                  -59.161194,-37.309612,0
                  -59.161367,-37.309924,0
                  -59.161379,-37.310214,0
                  -59.161451,-37.310453,0
                  -59.161449,-37.310652,0
                  -59.161439,-37.310962,0
                  -59.1614,-37.311205,0
                  -59.161319,-37.311481,0
                  -59.161245,-37.31169,0
                  -59.161147,-37.311904,0
                  -59.160935,-37.312184,0
                  -59.160797,-37.312331,0
                  -59.160577,-37.312622,0
                  -59.160367,-37.31285,0
                  -59.160062,-37.313115,0
                  -59.159789,-37.313316,0
                  -59.159614,-37.313174,0
                  -59.159782,-37.313041,0
                  -59.160097,-37.312792,0
                  -59.160291,-37.312592,0
                  -59.160586,-37.31229,0
                  -59.160732,-37.312102,0
                  -59.16091,-37.311874,0
                  -59.161018,-37.311621,0
                  -59.161111,-37.311402,0
                  -59.161133,-37.311244,0
                  -59.161156,-37.311077,0
                  -59.161178,-37.310793,0
                  -59.161196,-37.310545,0
                  -59.161183,-37.310383,0
                  -59.161117,-37.310194,0
                  -59.161003,-37.310017,0
                  -59.160953,-37.309877,0
                  -59.160565,-37.309386,0
                  -59.160385,-37.309161,0
                  -59.160385,-37.309154,0
                  -59.160391,-37.309159,0
                  -59.160378,-37.309037,0
                </coordinates>
              </LinearRing>
            </outerBoundaryIs>
          </Polygon>
          <Polygon>
            <outerBoundaryIs>
              <LinearRing>
                <tessellate>1</tessellate>
                <coordinates>
                  -59.160385,-37.309154,0
                  -59.159893,-37.308754,0
                  -59.160073,-37.308651,0
                  -59.160359,-37.308866,0
                  -59.160378,-37.309037,0
                  -59.160385,-37.309154,0
                </coordinates>
              </LinearRing>
            </outerBoundaryIs>
          </Polygon>
          <Polygon>
            <outerBoundaryIs>
              <LinearRing>
                <tessellate>1</tessellate>
                <coordinates>
                  -59.159471,-37.308194,0
                  -59.158551,-37.307417,0
                  -59.157687,-37.306751,0
                  -59.157218,-37.306444,0
                  -59.156508,-37.3059,0
                  -59.156562,-37.305854,0
                  -59.156579,-37.305834,0
                  -59.157723,-37.306714,0
                  -59.158554,-37.307356,0
                  -59.159525,-37.308153,0
                  -59.159873,-37.308443,0
                  -59.159833,-37.308472,0
                  -59.159471,-37.308194,0
                </coordinates>
              </LinearRing>
            </outerBoundaryIs>
          </Polygon>
          <Polygon>
            <outerBoundaryIs>
              <LinearRing>
                <tessellate>1</tessellate>
                <coordinates>
                  -59.155368,-37.304921,0
                  -59.155458,-37.304882,0
                  -59.156453,-37.305718,0
                  -59.156404,-37.305752,0
                  -59.155368,-37.304921,0
                </coordinates>
              </LinearRing>
            </outerBoundaryIs>
          </Polygon>
          <Polygon>
            <outerBoundaryIs>
              <LinearRing>
                <tessellate>1</tessellate>
                <coordinates>
                  -59.151467,-37.301686,0
                  -59.151602,-37.301702,0
                  -59.151625,-37.301687,0
                  -59.152081,-37.302071,0
                  -59.153187,-37.302971,0
                  -59.154042,-37.303661,0
                  -59.15529,-37.304681,0
                  -59.155197,-37.304759,0
                  -59.154215,-37.30396,0
                  -59.153097,-37.303047,0
                  -59.151965,-37.302125,0
                  -59.151467,-37.301686,0
                </coordinates>
              </LinearRing>
            </outerBoundaryIs>
          </Polygon>
        </MultiGeometry>
      </Placemark>
    </Folder>
  </Document>
</kml>
